status,concept,stable_key,display_name,domain_class,gap_class,decision,priority,aliases,common_name,search_terms,navigation_leaf,location_type,allowed_dentition_modes,min_selection,max_selection,additional_parameters,routing,result_model,provider_capability,mexico_evidence,implementation_gate
AUDIT_ONLY | PROPOSED | DIRECTOR_REVIEW_REQUIRED,Periapical individual,dental_periapical_xray,Radiografía periapical,DIAGNOSTIC_IMAGING_STUDY,TRUE_MISSING_CANONICAL,ADD_CANONICAL,P1,"Rx periapical; radiografía dental periapical",Periapical,"periapical; periapicales; radiografía por pieza",Radiografía intraoral,TOOTH_LOCATION,"PERMANENT|PRIMARY|MIXED",1,8,"SINGLE_TOOTH|MULTIPLE_TEETH; one item may cover selected FDI teeth; no mandatory view count",DENTAL_DIAGNOSTICS,image/PDF report,PERIAPICAL_XRAY,S01|S02|S04|S06,Existing V2 modes; add explicit study policy and catalog/navigation/routing only after approval
AUDIT_ONLY | PROPOSED | DIRECTOR_REVIEW_REQUIRED,Bitewing,dental_bitewing_xray,Radiografía interproximal de aleta de mordida,DIAGNOSTIC_IMAGING_STUDY,TRUE_MISSING_CANONICAL,ADD_CANONICAL,P1,"Bitewing; aleta de mordida; radiografía interproximal",Bitewing,"bitewing; aleta; aleta de mordida; interproximal",Radiografía intraoral,REGION_LOCATION,"PERMANENT|PRIMARY|MIXED",1,1,"REGION|BILATERAL_REGION; region_key=POSTERIOR; arch_key=BOTH_ARCHES; side_key=LEFT|RIGHT|BILATERAL; number_of_exposures not inferred",DENTAL_DIAGNOSTICS,image/PDF report,BITEWING_XRAY,S01|S04|S06|S09,Existing V2 vocabulary; add restrictive per-study policy
AUDIT_ONLY | PROPOSED | DIRECTOR_REVIEW_REQUIRED,Occlusal,dental_occlusal_xray,Radiografía oclusal dental,DIAGNOSTIC_IMAGING_STUDY,TRUE_MISSING_CANONICAL,ADD_CANONICAL,P2,"Rx oclusal; oclusal superior; oclusal inferior",Radiografía oclusal,"oclusal; radiografía oclusal",Radiografía intraoral,ARCH_LOCATION,"PERMANENT|PRIMARY|MIXED",1,1,"ARCH; arch_key=MAXILLARY|MANDIBULAR; BOTH_ARCHES requires two items; projection technique left to provider",DENTAL_DIAGNOSTICS,image/PDF report,OCCLUSAL_XRAY,S01|S02|S06,Existing V2 ARCH; add restrictive study policy
AUDIT_ONLY | PROPOSED | DIRECTOR_REVIEW_REQUIRED,Full-mouth periapical series,dental_full_periapical_series,Serie radiográfica intraoral de boca completa,DIAGNOSTIC_IMAGING_STUDY,TRUE_MISSING_CANONICAL,ADD_CANONICAL_WITH_PROTOCOL,P2,"serie periapical completa; serie radiográfica dental",Serie periapical completa,"serie periapical; serie de 14; serie de 16; serie de 18",Radiografía intraoral,NO_LOCATION,NONE,0,0,"series_protocol_version required; controlled acquisition composition 14|16|18 and bitewing inclusion; no synthetic tooth list",DENTAL_DIAGNOSTICS,image set/PDF report,FULL_MOUTH_INTRAORAL_SERIES,S01|S02|S03|S04|S05|S16,Needs versioned study-specific protocol contract before implementation
AUDIT_ONLY | PROPOSED | DIRECTOR_REVIEW_REQUIRED,Panoramic,dental_panoramic_xray,Radiografía panorámica dental,DIAGNOSTIC_IMAGING_STUDY,EXACT_EXISTING,KEEP,P1,"Ortopantomografía; Rx panorámica; OPG",Panorámica,"panorámica; ortopantomografía; OPG; panorex discovery only",Radiografía panorámica,NO_LOCATION,NONE,0,0,NONE,DENTAL_DIAGNOSTICS,image/PDF report,PANORAMIC_XRAY,S02|S07|S12,No duplicate key; Panorex search term needs local frequency validation
AUDIT_ONLY | PROPOSED | DIRECTOR_REVIEW_REQUIRED,Lateral cephalometric image,dental_cephalometric_xray,Radiografía cefalométrica lateral,DIAGNOSTIC_IMAGING_STUDY,EXACT_EXISTING,KEEP,P1,"Rx lateral; lateral de cráneo; cefalometría lateral",Lateral de cráneo,"cefalometría; lateral de cráneo",Cefalometría,NO_LOCATION,NONE,0,0,"projection=LATERAL is identity meaning; no AP/PA inference",DENTAL_DIAGNOSTICS,image/PDF report,CEPHALOMETRIC_LATERAL_XRAY,S02|S07|S09,Historical lateral meaning must remain
AUDIT_ONLY | PROPOSED | DIRECTOR_REVIEW_REQUIRED,AP/PA cephalometric image,proposed:dental_frontal_cephalometric_xray,Radiografía cefalométrica frontal,DIAGNOSTIC_IMAGING_STUDY,UNCERTAIN,DEFER_IDENTITY_VS_PARAMETER,P2_DEFER,"cefalo AP; cefalo PA; frontal de cráneo",Cefalometría frontal,"AP; PA; frontal de cráneo",Cefalometría,NO_LOCATION,NONE,0,0,"projection=AP|PA required if new identity; cannot reuse lateral-only historical key",DENTAL_DIAGNOSTICS,image/PDF report,CEPHALOMETRIC_FRONTAL_XRAY,S02|S05|S09,Resolve exact projection contract and overlap with general craniofacial radiography first
AUDIT_ONLY | PROPOSED | DIRECTOR_REVIEW_REQUIRED,Cephalometric tracing,proposed:dental_cephalometric_analysis,Análisis cefalométrico,DIAGNOSTIC_INTERPRETATION,UNCERTAIN,DEFER_INTERPRETATION_CONTRACT,P2_DEFER,"trazado cefalométrico; trazo cefalométrico",Trazado cefalométrico,"Steiner; Ricketts; Downs; McNamara; Jarabak",Cefalometría,NO_LOCATION,NONE,0,0,"source_ceph_image_ref and analysis_method controlled; method not separate identity",DENTAL_DIAGNOSTICS,PDF/report and measurements,CEPHALOMETRIC_ANALYSIS,S02|S09|S10|S11,Confirm result linkage and professional interpretation authority before catalog creation
AUDIT_ONLY | PROPOSED | DIRECTOR_REVIEW_REQUIRED,Cone-beam CT,dental_cbct,Tomografía dental y maxilofacial de haz cónico,DIAGNOSTIC_IMAGING_STUDY,EXACT_EXISTING,KEEP_WITH_PARAMETER_GAP,P2,"CBCT; Cone Beam; tomografía dental",Tomografía dental,"CBCT; cone beam; tomografía maxilofacial",CBCT / Tomografía dental,"TOOTH_LOCATION|QUADRANT_LOCATION|ARCH_LOCATION|REGION_LOCATION","PERMANENT|PRIMARY|MIXED",1,52,"coverage required per V2; FOV optional technical; TMJ_LOCATION currently forbidden",DENTAL_DIAGNOSTICS,image/PDF report,CBCT_DENTAL,S02|S15,Do not imply TMJ support from generic CBCT policy
AUDIT_ONLY | PROPOSED | DIRECTOR_REVIEW_REQUIRED,CBCT localized and field of view,dental_cbct,Tomografía dental y maxilofacial de haz cónico,DIAGNOSTIC_IMAGING_STUDY,PARAMETER_NOT_IDENTITY,NO_NEW_KEY,P2,NONE,Cobertura CBCT,"campo pequeño; campo amplio; uno o varios dientes",CBCT / Tomografía dental,"TOOTH_LOCATION|QUADRANT_LOCATION|ARCH_LOCATION|REGION_LOCATION","PERMANENT|PRIMARY|MIXED",1,52,"location/coverage expresses physician extent; fov_cm optional; scanner size no identity",DENTAL_DIAGNOSTICS,image/PDF report,CBCT_DENTAL,S02|S15,Keep technical dimensions out of required physician intent
AUDIT_ONLY | PROPOSED | DIRECTOR_REVIEW_REQUIRED,Comparative TMJ radiograph,tmj_comparative_xray,Radiografía comparativa de articulaciones temporomandibulares,DIAGNOSTIC_IMAGING_STUDY,EXACT_EXISTING,KEEP,P2,"ATM comparativa; radiografía ATM",Radiografía ATM,"ATM; articulación temporomandibular",ATM,TMJ_LOCATION,NONE,1,1,"tmj_side=LEFT|RIGHT|BILATERAL; projection=LATERAL|PA",DENTAL_DIAGNOSTICS,image/PDF report,TMJ_COMPARATIVE_XRAY,S02|S12,Existing V2 policy; distinguish open/closed acquisition details
AUDIT_ONLY | PROPOSED | DIRECTOR_REVIEW_REQUIRED,CBCT TMJ,dental_cbct,Tomografía dental y maxilofacial de haz cónico,DIAGNOSTIC_IMAGING_STUDY,PARAMETER_NOT_IDENTITY,EXTEND_CBCT_POLICY,P2,NONE,CBCT ATM,"tomografía ATM; cone beam ATM",ATM,TMJ_LOCATION,NONE,1,1,"TMJ_REGION; tmj_side=LEFT|RIGHT|BILATERAL; coverage=TMJ required new controlled mapping",DENTAL_DIAGNOSTICS,image/PDF report,CBCT_TMJ_EXPLICIT,S15,Existing CBCT policy rejects TMJ_REGION and coverage mapping has no TMJ value
AUDIT_ONLY | PROPOSED | DIRECTOR_REVIEW_REQUIRED,TMJ MRI,proposed:mr_tmj,Resonancia magnética de ATM,DIAGNOSTIC_IMAGING_STUDY,ADVANCED_DEFER,DEFER_MODALITY_REVIEW,P3_DEFER,"RM ATM; resonancia ATM",Resonancia ATM,"RM ATM; articulación temporomandibular",ATM,TMJ_LOCATION,NONE,1,1,"joint side; open/closed mouth protocol per radiology authority",DENTAL_DIAGNOSTICS,image/PDF report,TMJ_MRI,S13,Check general imaging catalog collision and radiology workflow before adding dental key
AUDIT_ONLY | PROPOSED | DIRECTOR_REVIEW_REQUIRED,Intraoral scan,dental_intraoral_scan,Escaneo intraoral dental,DIGITAL_RECORD,EXACT_EXISTING,KEEP_WITH_BOUNDARY,P2,"impresión digital intraoral; escaneo dental",Escaneo intraoral,"escaneo intraoral; modelo digital",Registros ortodóncicos,ARCH_LOCATION,NONE,1,1,"ARCH; arch_key=MAXILLARY|MANDIBULAR|BOTH_ARCHES; no diagnostic imaging inference",DENTAL_DIAGNOSTICS,digital mesh/record,INTRAORAL_SCAN,S02|S07|S08,Preserve historical active row; future record consumer audit before migration
AUDIT_ONLY | PROPOSED | DIRECTOR_REVIEW_REQUIRED,Dental study model,dental_study_model,Modelo de estudio dental,MODEL_ARTIFACT,EXACT_EXISTING,KEEP_WITH_BOUNDARY,P2,"modelo dental; modelo 3D",Modelo de estudio,"modelo de estudio; modelo ortodóncico",Escaneo y modelos,ARCH_LOCATION,NONE,0,1,"ARCH optional; physical/digital format not separate study",DENTAL_DIAGNOSTICS,model artifact,STUDY_MODEL,S02|S07|S11,Existing active row; no new model identities
AUDIT_ONLY | PROPOSED | DIRECTOR_REVIEW_REQUIRED,Clinical dental photographs,dental_clinical_photographs,Fotografías clínicas odontológicas,CLINICAL_DOCUMENTATION,EXACT_EXISTING,KEEP_WITH_BOUNDARY,P2,"fotografías intraorales; fotografías extraorales",Fotografía clínica,"fotografía clínica; registro fotográfico",Registros ortodóncicos,NO_LOCATION,NONE,0,0,"scope=INTRAORAL|EXTRAORAL|BOTH existing V1; no FDI selector",DENTAL_DIAGNOSTICS,image media/record,CLINICAL_PHOTOGRAPHY,S07|S08|S11,Preserve historical row; do not expand diagnostic photography catalog
AUDIT_ONLY | PROPOSED | DIRECTOR_REVIEW_REQUIRED,Orthodontic records package,proposed:dental_ortho_records_preset_v1,Registros ortodóncicos base,VERSIONED_PRESET,TRUE_MISSING_PRESET,PROPOSE_COMPOSITION_ONLY,P2_DEFER,"estudio ortodóncico; paquete ortodóncico",Registros ortodóncicos,"paquete ortodóncico; estudio ortodóncico",Registros ortodóncicos,NO_LOCATION,NONE,0,0,"version=1; study components panoramic+lateral only; tracing optional only after interpretation contract; photo/scan/model to record/artifact consumers; dedupe by key within target order",DENTAL_DIAGNOSTICS,multiple component results,COMPONENT_SPECIFIC,S07|S08|S10,Not approved as runnable preset until cross-consumer composition and provenance contract
AUDIT_ONLY | PROPOSED | DIRECTOR_REVIEW_REQUIRED,Dental ultrasound,proposed:dental_ultrasound,Ultrasonido maxilofacial,ADVANCED_DEFER,ADVANCED_DEFER,NO_CURRENT_EXPANSION,P3_DEFER,NONE,Ultrasonido maxilofacial,"ultrasonido dental; glándula salival",NONE,REGION_LOCATION,NONE,1,1,"anatomic indication; validate overlap with generic ultrasound catalog",DENTAL_DIAGNOSTICS,image/PDF report,MAXILLOFACIAL_ULTRASOUND,SOURCE_REVIEW_REQUIRED,No sufficiently broad current provider evidence for priority
AUDIT_ONLY | PROPOSED | DIRECTOR_REVIEW_REQUIRED,DICOM STL printing and viewer,none,Formatos de entrega dental,PROVIDER_SERVICE,PROVIDER_SERVICE_ONLY,NO_STUDY,NONE,NONE,Archivo digital,"DICOM; STL; visor; impresión",NONE,NO_LOCATION,NONE,0,0,"delivery_format; never an order identity",NONE,no separate result,DELIVERY_CAPABILITY,S08|S11,Keep as attachment/delivery metadata only
AUDIT_ONLY | PROPOSED | DIRECTOR_REVIEW_REQUIRED,Orthodontic appliances and aligners,none,Aparatos y alineadores,PROCEDURE,PROCEDURE_NOT_STUDY,NO_STUDY,NONE,NONE,Tratamiento ortodóncico,"alineadores; férulas; retenedores",NONE,NO_LOCATION,NONE,0,0,"treatment workflow outside diagnostic order",NONE,no diagnostic result,PROCEDURE_SERVICE,S10,No diagnostic catalog expansion
