status,case_id,consumer_policy,dentition_mode,selection_mode,location_type,value,expected,reason
PROPOSED,PERM_SINGLE,TOOTH_SINGLE,PERMANENT,SINGLE_TOOTH,TOOTH_LOCATION,"tooth_fdi_codes=16",ACCEPT,One permanent FDI tooth
PROPOSED,PERM_MULTI,TOOTH_MULTI,PERMANENT,MULTIPLE_TEETH,TOOTH_LOCATION,"tooth_fdi_codes=16|17|18",ACCEPT,Unique set normalized to canonical FDI order
PROPOSED,PRIMARY_SINGLE,TOOTH_SINGLE,PRIMARY,SINGLE_TOOTH,TOOTH_LOCATION,"tooth_fdi_codes=55",ACCEPT,Primary FDI quadrant 5
PROPOSED,PRIMARY_MULTI,TOOTH_MULTI,PRIMARY,MULTIPLE_TEETH,TOOTH_LOCATION,"tooth_fdi_codes=54|55",ACCEPT,Two primary teeth
PROPOSED,MIXED_COEXIST,TOOTH_MULTI,MIXED,MULTIPLE_TEETH,TOOTH_LOCATION,"tooth_fdi_codes=15|55",ACCEPT,Independent permanent and primary candidates
PROPOSED,PERM_QUADRANT,QUADRANT_ALLOWED,PERMANENT,QUADRANT,QUADRANT_LOCATION,"quadrant_key=UPPER_RIGHT",ACCEPT,Preserve quadrant intent without tooth expansion
PROPOSED,PRIMARY_QUADRANT,QUADRANT_ALLOWED,PRIMARY,QUADRANT,QUADRANT_LOCATION,"quadrant_key=UPPER_RIGHT",ACCEPT,Maps to primary FDI quadrant 5 for display
PROPOSED,MAXILLARY_ARCH,ARCH_ALLOWED,PERMANENT,ARCH,ARCH_LOCATION,"arch_key=MAXILLARY",ACCEPT,Preserve arch intent
PROPOSED,BOTH_ARCHES,ARCH_BOTH_ALLOWED,MIXED,ARCH,ARCH_LOCATION,"arch_key=BOTH_ARCHES",ACCEPT,Only when consumer permits both arches
PROPOSED,POSTERIOR_RIGHT,REGION_ALLOWED,MIXED,REGION,REGION_LOCATION,"region_key=POSTERIOR;arch_key=MAXILLARY;side_key=RIGHT",ACCEPT,Structured region and side
PROPOSED,POSTERIOR_BILATERAL,BILATERAL_ALLOWED,MIXED,BILATERAL_REGION,REGION_LOCATION,"region_key=POSTERIOR;arch_key=BOTH_ARCHES;side_key=BILATERAL",ACCEPT,Bilateral region intent
PROPOSED,TMJ_LEFT,TMJ_ONLY,,TMJ_REGION,TMJ_LOCATION,"tmj_side=LEFT",ACCEPT,Joint is not a tooth
PROPOSED,TMJ_RIGHT,TMJ_ONLY,,TMJ_REGION,TMJ_LOCATION,"tmj_side=RIGHT",ACCEPT,Joint is not a tooth
PROPOSED,TMJ_BILATERAL,TMJ_ONLY,,TMJ_REGION,TMJ_LOCATION,"tmj_side=BILATERAL",ACCEPT,Bilateral joint intent
PROPOSED,UNKNOWN_FDI,TOOTH_SINGLE,PERMANENT,SINGLE_TOOTH,TOOTH_LOCATION,"tooth_fdi_codes=19",REJECT,Code absent from FDI allowlist
PROPOSED,PRIMARY_NONEXISTENT_56,TOOTH_SINGLE,PRIMARY,SINGLE_TOOTH,TOOTH_LOCATION,"tooth_fdi_codes=56",REJECT,Primary dentition has no sixth position or third molar
PROPOSED,PRIMARY_CODE_FORBIDDEN,TOOTH_SINGLE,PERMANENT,SINGLE_TOOTH,TOOTH_LOCATION,"tooth_fdi_codes=55",REJECT,Primary tooth conflicts with permitted mode
PROPOSED,PERMANENT_CODE_FORBIDDEN,TOOTH_SINGLE,PRIMARY,SINGLE_TOOTH,TOOTH_LOCATION,"tooth_fdi_codes=16",REJECT,Permanent tooth conflicts with permitted mode
PROPOSED,TMJ_TOOTH_CONFLICT,TMJ_ONLY,PERMANENT,SINGLE_TOOTH,TOOTH_LOCATION,"tooth_fdi_codes=16",REJECT,TMJ consumer permits joint location only
PROPOSED,SINGLE_CONSUMER_QUADRANT,TOOTH_SINGLE,PERMANENT,QUADRANT,QUADRANT_LOCATION,"quadrant_key=UPPER_RIGHT",REJECT,Consumer permits single tooth only
PROPOSED,MAX_EXCEEDED,TOOTH_MULTI,PERMANENT,MULTIPLE_TEETH,TOOTH_LOCATION,"tooth_fdi_codes=11|12|13|14|15",REJECT,Example consumer maxSelection=4
PROPOSED,EMPTY_REQUIRED,TOOTH_SINGLE,PERMANENT,SINGLE_TOOTH,TOOTH_LOCATION,"tooth_fdi_codes=",REJECT,Required location has no selection
PROPOSED,DUPLICATE_TOOTH,TOOTH_MULTI,PERMANENT,MULTIPLE_TEETH,TOOTH_LOCATION,"tooth_fdi_codes=16|16",REJECT,Duplicate FDI code
PROPOSED,SINGLE_WITH_TWO,TOOTH_SINGLE,PERMANENT,SINGLE_TOOTH,TOOTH_LOCATION,"tooth_fdi_codes=16|17",REJECT,Single mode requires exactly one code
PROPOSED,QUADRANT_WITH_TOOTH,QUADRANT_ALLOWED,PERMANENT,QUADRANT,QUADRANT_LOCATION,"quadrant_key=UPPER_RIGHT;tooth_fdi_codes=16",REJECT,Union fields cannot be mixed
PROPOSED,BILATERAL_WITH_RIGHT_SIDE,BILATERAL_ALLOWED,MIXED,BILATERAL_REGION,REGION_LOCATION,"region_key=POSTERIOR;side_key=RIGHT",REJECT,Bilateral mode requires bilateral side
PROPOSED,TMJ_WITH_ARCH,TMJ_ONLY,,TMJ_REGION,TMJ_LOCATION,"tmj_side=LEFT;arch_key=MAXILLARY",REJECT,TMJ has no arch field
PROPOSED,UNKNOWN_REGION,REGION_ALLOWED,MIXED,REGION,REGION_LOCATION,"region_key=UNLISTED",REJECT,Region key not in controlled set
PROPOSED,LEGACY_V1_DECIDUOUS,LEGACY_READER,DECIDUOUS,,LEGACY_V1,"contract_version=1;selected_teeth=55",READ_ONLY,Preserve historical V1 snapshot without rewrite
PROPOSED,LEGACY_V1_TMJ_UNKNOWN_SIDE,LEGACY_READER,,,LEGACY_V1,"contract_version=1;projection=PA",READ_ONLY,Do not infer side or bilateral intent
PROPOSED,AGE_SUGGEST_ONLY,MODE_CONTROL,PRIMARY,,TRANSIENT_SELECTOR,"suggestion=PRIMARY;clinician_choice=MIXED",ACCEPT,Age suggestion cannot override clinician-selected dentition mode
