status,source_id,source_name,region_or_type,url,verified_2026_10_05,observed_offer,decision_supported,limitation
AUDIT_ONLY | PROPOSED | DIRECTOR_REVIEW_REQUIRED,S01,Radiología Dentofacial Tula,Hidalgo dental radiology,https://radiologiadentofacialtula.mx/servicios,yes,"Periapical; aleta de mordida; oclusal; series 14 or 18; panoramic; carpal","Separate intraoral identities; series protocol varies",Provider service list does not define MXMED contract
AUDIT_ONLY | PROPOSED | DIRECTOR_REVIEW_REQUIRED,S02,IDIMAX,Chiapas maxillofacial imaging,https://idimax.com.mx/estudios/,yes,"Individual periapical; series 16; occlusal; panoramic; lateral; AP/PA; TMJ; CBCT; scan; models; photographs; tracing methods","Distinct acquisition vs tracing and records",One provider cannot establish national demand alone
AUDIT_ONLY | PROPOSED | DIRECTOR_REVIEW_REQUIRED,S03,Dicorsa,Querétaro dental imaging,https://www.dicorsa.com.mx/servicios/series-periapicales/,yes,"Series described as 16 intraoral images including bitewings","Series cannot be inferred from repeated periapical item",Protocol composition needs versioning
AUDIT_ONLY | PROPOSED | DIRECTOR_REVIEW_REQUIRED,S04,Imagen Dental,Mexican dental radiology provider,https://imagen-dental.com.mx/periapical/,yes,"Periapical per tooth; bitewing; series 14 and 18","Individual and series are separately orderable",Price list is commercial evidence only
AUDIT_ONLY | PROPOSED | DIRECTOR_REVIEW_REQUIRED,S05,Orthodiagnóstico,Regional dental imaging provider,https://orthodiagnostico.mx/categoria-producto/radiologia-dental-en-hd/,yes,"Series 14/16/18; periapical; panoramic; AP/PA; TMJ; occlusal","Multiple series protocols and distinct views",Availability may differ by branch
AUDIT_ONLY | PROPOSED | DIRECTOR_REVIEW_REQUIRED,S06,UNAM dental radiography teaching material,University clinical education,https://tesiunamdocumentos.dgb.unam.mx/pmig2019/0046427/0046427.pdf,yes,"Periapical; interproximal/bitewing; occlusal are distinct intraoral projections","Clinical taxonomy and bitewing both-arches anatomy",Historical educational material; check live provider evidence too
AUDIT_ONLY | PROPOSED | DIRECTOR_REVIEW_REQUIRED,S07,Novodent,Toluca-Metepec orthodontic center,https://www.novodent.mx/estudios-ortodonticos/,yes,"Orthodontic package bundles panoramic; lateral; photographs; analysis; models/scan","Records package is composition across consumers",Provider configuration is not universal protocol
AUDIT_ONLY | PROPOSED | DIRECTOR_REVIEW_REQUIRED,S08,Dicorsa orthodontic package,Querétaro dental imaging,https://www.dicorsa.com.mx/cuales-estudios-debo-tomar-para-iniciar-un-tratamiento-de-ortodoncia/,yes,"Digital package has panoramic; ceph; photos; scan; print version differs in delivery","Digital/print is delivery; not study identity",Marketing page does not govern clinical necessity
AUDIT_ONLY | PROPOSED | DIRECTOR_REVIEW_REQUIRED,S09,KD Digital 2D service list,Guanajuato dental radiology,https://www.kddigital.com.mx/servicios2d,yes,"Ceph lateral and AP; tracing; intraoral series; interproximal; models; photo","AP image separate from current lateral-only identity; tracing separate interpretation",List does not specify AP protocol
AUDIT_ONLY | PROPOSED | DIRECTOR_REVIEW_REQUIRED,S10,Diagnóstico Dentofacial,Veracruz dental imaging,https://diagnosticodentofacial.com.mx/pag/pricing.html,yes,"Basic and advanced orthodontic packages; computerized ceph tracing; models; photos","Tracing can be requested separately; package variants",Old crawl; corroborated by S02 and S09
AUDIT_ONLY | PROPOSED | DIRECTOR_REVIEW_REQUIRED,S11,Dicorsa dental services,Querétaro dental imaging,https://www.dicorsa.com.mx/servicios/,yes,"Separate tracing service; intraoral/extraoral photos; traditional/digital models","Interpretation vs media/model artifacts",Vendor framing is commercial
AUDIT_ONLY | PROPOSED | DIRECTOR_REVIEW_REQUIRED,S12,Centro Radiológico Dental RX,Estado de México dental imaging,https://crdd.mx/services/rx-extraoral/,yes,"Panoramic/orthopantomography; TMJ open/closed-mouth radiography","Panoramic aliases and TMJ radiographic projection",No CBCT/MRI claim from this source
AUDIT_ONLY | PROPOSED | DIRECTOR_REVIEW_REQUIRED,S13,Christus Muguerza,Mexican hospital imaging,https://christusmuguerza.com.mx/producto/resonancia-magnetica-de-atm/?attribute_pa_estudio=resonancia-magnetica,yes,"TMJ MRI for joint disc and soft tissue","MRI distinct from radiographic/CBCT TMJ",Not evidence of dental-specific catalog priority
AUDIT_ONLY | PROPOSED | DIRECTOR_REVIEW_REQUIRED,S14,Hospital Millenium,Veracruz hospital imaging,https://www.hospitalmillenium.com.mx/products/tomografia-dental-atm,yes,"Dental TMJ tomography offered","TMJ cross-sectional imaging exists; modality must be verified",Page says tomography not explicitly CBCT
AUDIT_ONLY | PROPOSED | DIRECTOR_REVIEW_REQUIRED,S15,CIDD,Mexican dental imaging center,https://www.cidd.mx/modelos-de-estudio-2/,yes,"Orthodontic 3D package with CBCT/TMJ; models; photographs; panoramic; lateral","CBCT TMJ capability and package composition",Package-specific vendor offer
AUDIT_ONLY | PROPOSED | DIRECTOR_REVIEW_REQUIRED,S16,UNAM radiography teaching material,University clinical education,https://tesiunamdocumentos.dgb.unam.mx/pmig2019/0046580/0046580.pdf,yes,"Adult full series often 14 images; pediatric exam 10; may vary","Do not hard-code one series count or infer dentition by age",Historical teaching material; live sources S01-S05 confirm variation
