status,record_kind,current_key,proposed_key,current_display_name,proposed_display_name,domain,family,leaf,routing_current,routing_proposed,classification,action_type,parameter_model,search_terms,priority,mexico_source_ids,rationale
AUDIT_ONLY | PROPOSED | DIRECTOR_REVIEW_REQUIRED,CURRENT,abpm_mapa,abpm_mapa,MAPA (presión arterial ambulatoria / ABPM),MAPA (presión arterial ambulatoria / ABPM),FUNCTIONAL,Functional Studies,cardiovascular,CARDIOVASCULAR_DIAGNOSTICS,CARDIOVASCULAR_DIAGNOSTICS,PARAMETER_GAP,PARAMETER_REVIEW+SEARCH_QUALITY_FIX,duration_hours + BP monitor capability; no cardiac Holter inference,Holter de presión; monitoreo ambulatorio de presión arterial,P2_QUALITY,MEX-CARD-1;MEX-CARD-2,Existing exact canonical identity; keep distinct from related protocols and services.
AUDIT_ONLY | PROPOSED | DIRECTOR_REVIEW_REQUIRED,CURRENT,ankle_brachial_index,ankle_brachial_index,Índice tobillo-brazo (ITB/ABI),Índice tobillo-brazo (ITB/ABI),FUNCTIONAL,Functional Studies,cardiovascular,CARDIOVASCULAR_DIAGNOSTICS,CARDIOVASCULAR_DIAGNOSTICS,KEEP,KEEP,No new structured field proposed; existing identity suffices.,Existing display/search authority; no change proposed.,KEEP,MEX-CARD-1;MEX-CARD-2,Existing exact canonical identity; keep distinct from related protocols and services.
AUDIT_ONLY | PROPOSED | DIRECTOR_REVIEW_REQUIRED,CURRENT,ecg_12lead,ecg_12lead,ECG 12 derivaciones,ECG 12 derivaciones,FUNCTIONAL,Functional Studies,cardiovascular,CARDIOVASCULAR_DIAGNOSTICS,CARDIOVASCULAR_DIAGNOSTICS,SEARCH_TERM_GAP,SEARCH_QUALITY_FIX,No new structured field proposed; existing identity suffices.,EKG; electrocardiografía (qualified to 12-lead when ambiguous),P2_QUALITY,MEX-CARD-1;MEX-CARD-2,Existing exact canonical identity; keep distinct from related protocols and services.
AUDIT_ONLY | PROPOSED | DIRECTOR_REVIEW_REQUIRED,CURRENT,ecg_rhythm_strip,ecg_rhythm_strip,Tira de ritmo,Tira de ritmo,FUNCTIONAL,Functional Studies,cardiovascular,CARDIOVASCULAR_DIAGNOSTICS,CARDIOVASCULAR_DIAGNOSTICS,KEEP,KEEP,No new structured field proposed; existing identity suffices.,Existing display/search authority; no change proposed.,KEEP,MEX-CARD-1;MEX-CARD-2,Existing exact canonical identity; keep distinct from related protocols and services.
AUDIT_ONLY | PROPOSED | DIRECTOR_REVIEW_REQUIRED,CURRENT,holter,holter,Holter / monitorización ECG ambulatoria,Holter / monitorización ECG ambulatoria,FUNCTIONAL,Functional Studies,cardiovascular,CARDIOVASCULAR_DIAGNOSTICS,CARDIOVASCULAR_DIAGNOSTICS,PARAMETER_GAP,PARAMETER_REVIEW+SEARCH_QUALITY_FIX,duration_hours + device/provider capability; 24/48/72 h not separate default keys,Holter cardíaco; Holter ECG,P2_QUALITY,MEX-CARD-1;MEX-CARD-2,Existing exact canonical identity; keep distinct from related protocols and services.
AUDIT_ONLY | PROPOSED | DIRECTOR_REVIEW_REQUIRED,CURRENT,stress_test,stress_test,Prueba de esfuerzo (ECG de esfuerzo),Prueba de esfuerzo (ECG de esfuerzo),FUNCTIONAL,Functional Studies,cardiovascular,CARDIOVASCULAR_DIAGNOSTICS,CARDIOVASCULAR_DIAGNOSTICS,PARAMETER_GAP,PARAMETER_REVIEW+SEARCH_QUALITY_FIX,exercise_protocol and modality; exclude stress echo/perfusion,ergometría; prueba de caminadora,P2_QUALITY,MEX-CARD-1;MEX-CARD-2,Existing exact canonical identity; keep distinct from related protocols and services.
AUDIT_ONLY | PROPOSED | DIRECTOR_REVIEW_REQUIRED,CURRENT,tilt_table,tilt_table,Prueba de mesa basculante (Tilt table),Prueba de mesa basculante (Tilt table),FUNCTIONAL,Functional Studies,cardiovascular,CARDIOVASCULAR_DIAGNOSTICS,CARDIOVASCULAR_DIAGNOSTICS,KEEP,KEEP,No new structured field proposed; existing identity suffices.,Existing display/search authority; no change proposed.,KEEP,MEX-CARD-1;MEX-CARD-2,Existing exact canonical identity; keep distinct from related protocols and services.
AUDIT_ONLY | PROPOSED | DIRECTOR_REVIEW_REQUIRED,CURRENT,eeg_routine,eeg_routine,EEG rutinario,EEG rutinario,FUNCTIONAL,Functional Studies,neurophysiology,NEUROPHYSIOLOGY,NEUROPHYSIOLOGY,PARAMETER_GAP,PARAMETER_REVIEW+SEARCH_QUALITY_FIX,routine protocol; no duration identity,electroencefalograma (discovery; routine default only with context),P2_QUALITY,MEX-NEURO-1;MEX-NEURO-2,Existing exact canonical identity; keep distinct from related protocols and services.
AUDIT_ONLY | PROPOSED | DIRECTOR_REVIEW_REQUIRED,CURRENT,eeg_sleep_deprived,eeg_sleep_deprived,EEG con privación de sueño,EEG con privación de sueño,FUNCTIONAL,Functional Studies,neurophysiology,NEUROPHYSIOLOGY,NEUROPHYSIOLOGY,PARAMETER_GAP,PARAMETER_REVIEW,sleep-deprivation protocol is existing identity,Existing display/search authority; no change proposed.,P2_QUALITY,MEX-NEURO-1;MEX-NEURO-2,Existing exact canonical identity; keep distinct from related protocols and services.
AUDIT_ONLY | PROPOSED | DIRECTOR_REVIEW_REQUIRED,CURRENT,emg_ncs,emg_ncs,EMG + Velocidades de conducción nerviosa (VCN),EMG + Velocidades de conducción nerviosa (VCN),FUNCTIONAL,Functional Studies,neurophysiology,NEUROPHYSIOLOGY,NEUROPHYSIOLOGY,PARAMETER_GAP,PARAMETER_REVIEW+SEARCH_QUALITY_FIX,body_site + laterality + requested nerve/muscle scope,electromiografía; electroneuromiografía; neuroconducción,P2_QUALITY,MEX-NEURO-1;MEX-NEURO-2,Existing exact canonical identity; keep distinct from related protocols and services.
AUDIT_ONLY | PROPOSED | DIRECTOR_REVIEW_REQUIRED,CURRENT,evoked_auditory_baep,evoked_auditory_baep,Potenciales auditivos de tronco (PEAT/BAEP),Potenciales auditivos de tronco (PEAT/BAEP),FUNCTIONAL,Functional Studies,neurophysiology,NEUROPHYSIOLOGY,NEUROPHYSIOLOGY,PARAMETER_GAP,PARAMETER_REVIEW+SEARCH_QUALITY_FIX,side/ear and stimulus protocol; neurophysiology capability,PEATC; ABR; potenciales auditivos de tronco,P2_QUALITY,MEX-NEURO-1;MEX-NEURO-2,Existing exact canonical identity; keep distinct from related protocols and services.
AUDIT_ONLY | PROPOSED | DIRECTOR_REVIEW_REQUIRED,CURRENT,evoked_ssep,evoked_ssep,Potenciales somatosensoriales (PESS/SSEP),Potenciales somatosensoriales (PESS/SSEP),FUNCTIONAL,Functional Studies,neurophysiology,NEUROPHYSIOLOGY,NEUROPHYSIOLOGY,PARAMETER_GAP,PARAMETER_REVIEW+SEARCH_QUALITY_FIX,body_site + laterality + modality,potenciales evocados somatosensoriales,P2_QUALITY,MEX-NEURO-1;MEX-NEURO-2,Existing exact canonical identity; keep distinct from related protocols and services.
AUDIT_ONLY | PROPOSED | DIRECTOR_REVIEW_REQUIRED,CURRENT,evoked_visual,evoked_visual,Potenciales evocados visuales (PEV),Potenciales evocados visuales (PEV),FUNCTIONAL,Functional Studies,neurophysiology,NEUROPHYSIOLOGY,NEUROPHYSIOLOGY,PARAMETER_GAP,PARAMETER_REVIEW+SEARCH_QUALITY_FIX,eye/side + stimulus protocol,potenciales evocados visuales,P2_QUALITY,MEX-NEURO-1;MEX-NEURO-2,Existing exact canonical identity; keep distinct from related protocols and services.
AUDIT_ONLY | PROPOSED | DIRECTOR_REVIEW_REQUIRED,CURRENT,repetitive_nerve_stimulation,repetitive_nerve_stimulation,Estimulación repetitiva,Estimulación repetitiva,FUNCTIONAL,Functional Studies,neurophysiology,NEUROPHYSIOLOGY,NEUROPHYSIOLOGY,KEEP,KEEP,No new structured field proposed; existing identity suffices.,Existing display/search authority; no change proposed.,KEEP,MEX-NEURO-1;MEX-NEURO-2,Existing exact canonical identity; keep distinct from related protocols and services.
AUDIT_ONLY | PROPOSED | DIRECTOR_REVIEW_REQUIRED,CURRENT,sfemg,sfemg,EMG de fibra única (SFEMG),EMG de fibra única (SFEMG),FUNCTIONAL,Functional Studies,neurophysiology,NEUROPHYSIOLOGY,NEUROPHYSIOLOGY,KEEP,KEEP,No new structured field proposed; existing identity suffices.,Existing display/search authority; no change proposed.,KEEP,MEX-NEURO-1;MEX-NEURO-2,Existing exact canonical identity; keep distinct from related protocols and services.
AUDIT_ONLY | PROPOSED | DIRECTOR_REVIEW_REQUIRED,CURRENT,video_eeg,video_eeg,Video-EEG (prolongado),Video-EEG (prolongado),FUNCTIONAL,Functional Studies,neurophysiology,NEUROPHYSIOLOGY,NEUROPHYSIOLOGY,PARAMETER_GAP,PARAMETER_REVIEW+SEARCH_QUALITY_FIX,duration_hours + monitoring setting; ambulatory EEG needs separate evidence,video electroencefalograma; video EEG,P2_QUALITY,MEX-NEURO-1;MEX-NEURO-2,Existing exact canonical identity; keep distinct from related protocols and services.
AUDIT_ONLY | PROPOSED | DIRECTOR_REVIEW_REQUIRED,CURRENT,capnography,capnography,Capnografía,Capnografía,FUNCTIONAL,Functional Studies,pulmonary,PULMONARY_FUNCTION,PULMONARY_FUNCTION,KEEP,KEEP,No new structured field proposed; existing identity suffices.,Existing display/search authority; no change proposed.,KEEP,MEX-PULM-1;MEX-PULM-2,Existing exact canonical identity; keep distinct from related protocols and services.
AUDIT_ONLY | PROPOSED | DIRECTOR_REVIEW_REQUIRED,CURRENT,cpet,cpet,Prueba de esfuerzo cardiopulmonar (CPET),Prueba de esfuerzo cardiopulmonar (CPET),FUNCTIONAL,Functional Studies,pulmonary,PULMONARY_FUNCTION,PULMONARY_FUNCTION,KEEP,KEEP,No new structured field proposed; existing identity suffices.,Existing display/search authority; no change proposed.,KEEP,MEX-PULM-1;MEX-PULM-2,Existing exact canonical identity; keep distinct from related protocols and services.
AUDIT_ONLY | PROPOSED | DIRECTOR_REVIEW_REQUIRED,CURRENT,dlco,dlco,DLCO (difusión de CO),DLCO (difusión de CO),FUNCTIONAL,Functional Studies,pulmonary,PULMONARY_FUNCTION,PULMONARY_FUNCTION,KEEP,KEEP,No new structured field proposed; existing identity suffices.,Existing display/search authority; no change proposed.,KEEP,MEX-PULM-1;MEX-PULM-2,Existing exact canonical identity; keep distinct from related protocols and services.
AUDIT_ONLY | PROPOSED | DIRECTOR_REVIEW_REQUIRED,CURRENT,feno,feno,FeNO (óxido nítrico exhalado),FeNO (óxido nítrico exhalado),FUNCTIONAL,Functional Studies,pulmonary,PULMONARY_FUNCTION,PULMONARY_FUNCTION,KEEP,KEEP,No new structured field proposed; existing identity suffices.,Existing display/search authority; no change proposed.,KEEP,MEX-PULM-1;MEX-PULM-2,Existing exact canonical identity; keep distinct from related protocols and services.
AUDIT_ONLY | PROPOSED | DIRECTOR_REVIEW_REQUIRED,CURRENT,full_pft,full_pft,Pruebas funcionales respiratorias completas (PFR completo),Pruebas funcionales respiratorias completas (PFR completo),FUNCTIONAL,Functional Studies,pulmonary,PULMONARY_FUNCTION,PULMONARY_FUNCTION,PARAMETER_GAP,PARAMETER_REVIEW+SEARCH_QUALITY_FIX,components requested; exact equipment capability,PFR; PFP; PFT only when intended as full PFT,P2_QUALITY,MEX-PULM-1;MEX-PULM-2,Existing exact canonical identity; keep distinct from related protocols and services.
AUDIT_ONLY | PROPOSED | DIRECTOR_REVIEW_REQUIRED,CURRENT,overnight_oximetry,overnight_oximetry,Oximetría nocturna,Oximetría nocturna,FUNCTIONAL,Functional Studies,pulmonary,PULMONARY_FUNCTION,PULMONARY_FUNCTION,PARAMETER_GAP,PARAMETER_REVIEW,recording duration; route pulmonary not PSG,Existing display/search authority; no change proposed.,P2_QUALITY,MEX-PULM-1;MEX-PULM-2,Existing exact canonical identity; keep distinct from related protocols and services.
AUDIT_ONLY | PROPOSED | DIRECTOR_REVIEW_REQUIRED,CURRENT,plethysmography,plethysmography,Volúmenes pulmonares (pletismografía corporal),Volúmenes pulmonares (pletismografía corporal),FUNCTIONAL,Functional Studies,pulmonary,PULMONARY_FUNCTION,PULMONARY_FUNCTION,KEEP,KEEP,No new structured field proposed; existing identity suffices.,Existing display/search authority; no change proposed.,KEEP,MEX-PULM-1;MEX-PULM-2,Existing exact canonical identity; keep distinct from related protocols and services.
AUDIT_ONLY | PROPOSED | DIRECTOR_REVIEW_REQUIRED,CURRENT,six_min_walk,six_min_walk,Caminata 6 minutos (6MWT),Caminata 6 minutos (6MWT),FUNCTIONAL,Functional Studies,pulmonary,PULMONARY_FUNCTION,PULMONARY_FUNCTION,KEEP,KEEP,No new structured field proposed; existing identity suffices.,Existing display/search authority; no change proposed.,KEEP,MEX-PULM-1;MEX-PULM-2,Existing exact canonical identity; keep distinct from related protocols and services.
AUDIT_ONLY | PROPOSED | DIRECTOR_REVIEW_REQUIRED,CURRENT,spirometry,spirometry,Espirometría,Espirometría,FUNCTIONAL,Functional Studies,pulmonary,PULMONARY_FUNCTION,PULMONARY_FUNCTION,PARAMETER_GAP,PARAMETER_REVIEW+SEARCH_QUALITY_FIX,bronchodilator_intent baseline vs pre/post; one key,remove misleading PFT alias; keep espirometría,P2_QUALITY,MEX-PULM-1;MEX-PULM-2,Existing exact canonical identity; keep distinct from related protocols and services.
AUDIT_ONLY | PROPOSED | DIRECTOR_REVIEW_REQUIRED,CURRENT,hsat,hsat,Estudio domiciliario de apnea (HSAT),Estudio domiciliario de apnea (HSAT),FUNCTIONAL,Functional Studies,sleep,SLEEP_DIAGNOSTICS,SLEEP_DIAGNOSTICS,PARAMETER_GAP,PARAMETER_REVIEW,home sleep protocol; provider capability exact,Existing display/search authority; no change proposed.,P2_QUALITY,MEX-SLEEP-1;MEX-SLEEP-2,Existing exact canonical identity; keep distinct from related protocols and services.
AUDIT_ONLY | PROPOSED | DIRECTOR_REVIEW_REQUIRED,CURRENT,mslt,mslt,MSLT (latencias múltiples del sueño),MSLT (latencias múltiples del sueño),FUNCTIONAL,Functional Studies,sleep,SLEEP_DIAGNOSTICS,SLEEP_DIAGNOSTICS,KEEP,KEEP,No new structured field proposed; existing identity suffices.,Existing display/search authority; no change proposed.,KEEP,MEX-SLEEP-1;MEX-SLEEP-2,Existing exact canonical identity; keep distinct from related protocols and services.
AUDIT_ONLY | PROPOSED | DIRECTOR_REVIEW_REQUIRED,CURRENT,mwt,mwt,MWT (mantenimiento de la vigilia),MWT (mantenimiento de la vigilia),FUNCTIONAL,Functional Studies,sleep,SLEEP_DIAGNOSTICS,SLEEP_DIAGNOSTICS,KEEP,KEEP,No new structured field proposed; existing identity suffices.,Existing display/search authority; no change proposed.,KEEP,MEX-SLEEP-1;MEX-SLEEP-2,Existing exact canonical identity; keep distinct from related protocols and services.
AUDIT_ONLY | PROPOSED | DIRECTOR_REVIEW_REQUIRED,CURRENT,psg_diagnostic,psg_diagnostic,Polisomnografía (PSG) diagnóstica,Polisomnografía (PSG) diagnóstica,FUNCTIONAL,Functional Studies,sleep,SLEEP_DIAGNOSTICS,SLEEP_DIAGNOSTICS,PARAMETER_GAP,PARAMETER_REVIEW+SEARCH_QUALITY_FIX,in-lab diagnostic protocol; not PAP setup,estudio de sueño (discovery across PSG/HSAT),P2_QUALITY,MEX-SLEEP-1;MEX-SLEEP-2,Existing exact canonical identity; keep distinct from related protocols and services.
AUDIT_ONLY | PROPOSED | DIRECTOR_REVIEW_REQUIRED,CURRENT,psg_titration,psg_titration,PSG con titulación (CPAP/BiPAP),PSG con titulación (CPAP/BiPAP),FUNCTIONAL,Functional Studies,sleep,SLEEP_DIAGNOSTICS,SLEEP_DIAGNOSTICS,PARAMETER_GAP,PARAMETER_REVIEW,titration protocol and PAP mode; not therapy setup,Existing display/search authority; no change proposed.,P2_QUALITY,MEX-SLEEP-1;MEX-SLEEP-2,Existing exact canonical identity; keep distinct from related protocols and services.
AUDIT_ONLY | PROPOSED | DIRECTOR_REVIEW_REQUIRED,CURRENT,audiometry_speech,audiometry_speech,Audiometría verbal,Audiometría verbal,FUNCTIONAL,Functional Studies,audiovestibular,AUDIOLOGY_VESTIBULAR,AUDIOLOGY_VESTIBULAR,PARAMETER_GAP,PARAMETER_REVIEW+SEARCH_QUALITY_FIX,side/ear + testing protocol,logoaudiometría,P2_QUALITY,MEX-AUDIO-1;MEX-AUDIO-2,Existing exact canonical identity; keep distinct from related protocols and services.
AUDIT_ONLY | PROPOSED | DIRECTOR_REVIEW_REQUIRED,CURRENT,audiometry_tonal,audiometry_tonal,Audiometría tonal,Audiometría tonal,FUNCTIONAL,Functional Studies,audiovestibular,AUDIOLOGY_VESTIBULAR,AUDIOLOGY_VESTIBULAR,PARAMETER_GAP,PARAMETER_REVIEW,side/ear + testing protocol,Existing display/search authority; no change proposed.,P2_QUALITY,MEX-AUDIO-1;MEX-AUDIO-2,Existing exact canonical identity; keep distinct from related protocols and services.
AUDIT_ONLY | PROPOSED | DIRECTOR_REVIEW_REQUIRED,CURRENT,otoacoustic_emissions,otoacoustic_emissions,Emisiones otoacústicas (OEA),Emisiones otoacústicas (OEA),FUNCTIONAL,Functional Studies,audiovestibular,AUDIOLOGY_VESTIBULAR,AUDIOLOGY_VESTIBULAR,PARAMETER_GAP,PARAMETER_REVIEW,side/ear + protocol,Existing display/search authority; no change proposed.,P2_QUALITY,MEX-AUDIO-1;MEX-AUDIO-2,Existing exact canonical identity; keep distinct from related protocols and services.
AUDIT_ONLY | PROPOSED | DIRECTOR_REVIEW_REQUIRED,CURRENT,tympanometry,tympanometry,Timpanometría (impedanciometría),Timpanometría (impedanciometría),FUNCTIONAL,Functional Studies,audiovestibular,AUDIOLOGY_VESTIBULAR,AUDIOLOGY_VESTIBULAR,KEEP,KEEP,No new structured field proposed; existing identity suffices.,Existing display/search authority; no change proposed.,KEEP,MEX-AUDIO-1;MEX-AUDIO-2,Existing exact canonical identity; keep distinct from related protocols and services.
AUDIT_ONLY | PROPOSED | DIRECTOR_REVIEW_REQUIRED,CURRENT,vng,vng,Videonistagmografía (VNG),Videonistagmografía (VNG),FUNCTIONAL,Functional Studies,audiovestibular,AUDIOLOGY_VESTIBULAR,AUDIOLOGY_VESTIBULAR,PARAMETER_GAP,PARAMETER_REVIEW+SEARCH_QUALITY_FIX,vestibular protocol including caloric component when requested; do not infer vHIT,videonistagmografía,P2_QUALITY,MEX-AUDIO-1;MEX-AUDIO-2,Existing exact canonical identity; keep distinct from related protocols and services.
AUDIT_ONLY | PROPOSED | DIRECTOR_REVIEW_REQUIRED,CURRENT,carotid_doppler,carotid_doppler,Doppler carotídeo,Doppler carotídeo,IMAGING,Imaging,ultrasound_vascular,CARDIOVASCULAR_DIAGNOSTICS,CARDIOVASCULAR_DIAGNOSTICS,KEEP,KEEP_IMAGING_BOUNDARY,No new structured field proposed; existing identity suffices.,Existing display/search authority; no change proposed.,KEEP,MEX-CARD-1;MEX-CARD-2,Historical 41-count includes imaging; current Imaging family and leaf are correct. Do not create Functional duplicate.
AUDIT_ONLY | PROPOSED | DIRECTOR_REVIEW_REQUIRED,CURRENT,lower_ext_art_doppler,lower_ext_art_doppler,Doppler arterial de miembros inferiores,Doppler arterial de miembros inferiores,IMAGING,Imaging,ultrasound_vascular,CARDIOVASCULAR_DIAGNOSTICS,CARDIOVASCULAR_DIAGNOSTICS,KEEP,KEEP_IMAGING_BOUNDARY,No new structured field proposed; existing identity suffices.,Existing display/search authority; no change proposed.,KEEP,MEX-CARD-1;MEX-CARD-2,Historical 41-count includes imaging; current Imaging family and leaf are correct. Do not create Functional duplicate.
AUDIT_ONLY | PROPOSED | DIRECTOR_REVIEW_REQUIRED,CURRENT,lower_ext_venous_doppler,lower_ext_venous_doppler,Doppler venoso de miembros inferiores,Doppler venoso de miembros inferiores,IMAGING,Imaging,ultrasound_vascular,CARDIOVASCULAR_DIAGNOSTICS,CARDIOVASCULAR_DIAGNOSTICS,KEEP,KEEP_IMAGING_BOUNDARY,No new structured field proposed; existing identity suffices.,Existing display/search authority; no change proposed.,KEEP,MEX-CARD-1;MEX-CARD-2,Historical 41-count includes imaging; current Imaging family and leaf are correct. Do not create Functional duplicate.
AUDIT_ONLY | PROPOSED | DIRECTOR_REVIEW_REQUIRED,CURRENT,echo_tes,echo_tes,Ecocardiograma transesofágico (ETE),Ecocardiograma transesofágico (ETE),IMAGING,Imaging,ultrasound_cardiac,CARDIOVASCULAR_DIAGNOSTICS,CARDIOVASCULAR_DIAGNOSTICS,KEEP,KEEP_IMAGING_BOUNDARY,No new structured field proposed; existing identity suffices.,Existing display/search authority; no change proposed.,KEEP,MEX-CARD-1;MEX-CARD-2,Historical 41-count includes imaging; current Imaging family and leaf are correct. Do not create Functional duplicate.
AUDIT_ONLY | PROPOSED | DIRECTOR_REVIEW_REQUIRED,CURRENT,echo_tte,echo_tte,Ecocardiograma transtorácico (ETT),Ecocardiograma transtorácico (ETT),IMAGING,Imaging,ultrasound_cardiac,CARDIOVASCULAR_DIAGNOSTICS,CARDIOVASCULAR_DIAGNOSTICS,KEEP,KEEP_IMAGING_BOUNDARY,No new structured field proposed; existing identity suffices.,Existing display/search authority; no change proposed.,KEEP,MEX-CARD-1;MEX-CARD-2,Historical 41-count includes imaging; current Imaging family and leaf are correct. Do not create Functional duplicate.
AUDIT_ONLY | PROPOSED | DIRECTOR_REVIEW_REQUIRED,CURRENT,stress_echo,stress_echo,Ecocardiograma de estrés,Ecocardiograma de estrés,IMAGING,Imaging,ultrasound_cardiac,CARDIOVASCULAR_DIAGNOSTICS,CARDIOVASCULAR_DIAGNOSTICS,KEEP,KEEP_IMAGING_BOUNDARY,No new structured field proposed; existing identity suffices.,Existing display/search authority; no change proposed.,KEEP,MEX-CARD-1;MEX-CARD-2,Historical 41-count includes imaging; current Imaging family and leaf are correct. Do not create Functional duplicate.
AUDIT_ONLY | PROPOSED | DIRECTOR_REVIEW_REQUIRED,CANDIDATE,ecg_12lead,ecg_12lead,ECG 12 derivaciones,ECG/EKG/electrocardiografía,FUNCTIONAL,Functional Studies,cardiovascular,CARDIOVASCULAR_DIAGNOSTICS,CARDIOVASCULAR_DIAGNOSTICS,MISSING_SEARCH_TERM,SEARCH,12-lead is default only when intent confirms it; no new identity,EKG; electrocardiografía,P2_QUALITY,MEX-CARD-1;MEX-CARD-2,Candidate disposition: MISSING_SEARCH_TERM; no catalog mutation in FUNC-CAT01.
AUDIT_ONLY | PROPOSED | DIRECTOR_REVIEW_REQUIRED,CANDIDATE,holter,holter,Holter / monitorización ECG ambulatoria,Monitoreo ECG de eventos prolongado,FUNCTIONAL,Functional Studies,cardiovascular,CARDIOVASCULAR_DIAGNOSTICS,CARDIOVASCULAR_DIAGNOSTICS,UNCERTAIN,DEFER,Do not equate event-triggered device and continuous Holter; verify use/provider coverage,monitor de eventos; ECG prolongado,ADVANCED,MEX-CARD-1;MEX-CARD-2,Candidate disposition: UNCERTAIN; no catalog mutation in FUNC-CAT01.
AUDIT_ONLY | PROPOSED | DIRECTOR_REVIEW_REQUIRED,CANDIDATE,holter,holter,Holter / monitorización ECG ambulatoria,Holter 48/72 horas,FUNCTIONAL,Functional Studies,cardiovascular,CARDIOVASCULAR_DIAGNOSTICS,CARDIOVASCULAR_DIAGNOSTICS,PARAMETER_NOT_IDENTITY,PARAMETER,duration_hours and exact provider capacity,Holter 48 h; Holter 72 h,P2_QUALITY,MEX-CARD-1;MEX-CARD-2,Candidate disposition: PARAMETER_NOT_IDENTITY; no catalog mutation in FUNC-CAT01.
AUDIT_ONLY | PROPOSED | DIRECTOR_REVIEW_REQUIRED,CANDIDATE,abpm_mapa,abpm_mapa,MAPA (presión arterial ambulatoria / ABPM),Holter de presión,FUNCTIONAL,Functional Studies,cardiovascular,CARDIOVASCULAR_DIAGNOSTICS,CARDIOVASCULAR_DIAGNOSTICS,MISSING_SEARCH_TERM,SEARCH,"Only qualified phrase points to MAPA, plain Holter stays cardiac",Holter de presión,P2_QUALITY,MEX-CARD-1;MEX-CARD-2,Candidate disposition: MISSING_SEARCH_TERM; no catalog mutation in FUNC-CAT01.
AUDIT_ONLY | PROPOSED | DIRECTOR_REVIEW_REQUIRED,CANDIDATE,stress_test,stress_test,Prueba de esfuerzo (ECG de esfuerzo),Ergometría / caminadora,FUNCTIONAL,Functional Studies,cardiovascular,CARDIOVASCULAR_DIAGNOSTICS,CARDIOVASCULAR_DIAGNOSTICS,MISSING_SEARCH_TERM,SEARCH,Exercise ECG one identity; stress echo and nuclear perfusion remain separate,ergometría; prueba de caminadora,P2_QUALITY,MEX-CARD-1;MEX-CARD-2,Candidate disposition: MISSING_SEARCH_TERM; no catalog mutation in FUNC-CAT01.
AUDIT_ONLY | PROPOSED | DIRECTOR_REVIEW_REQUIRED,CANDIDATE,video_eeg,video_eeg,Video-EEG (prolongado),EEG ambulatorio,FUNCTIONAL,Functional Studies,neurophysiology,NEUROPHYSIOLOGY,NEUROPHYSIOLOGY,UNCERTAIN,DEFER,Monitoring setting/protocol may suffice; verify distinct service before identity,EEG ambulatorio,ADVANCED,MEX-NEURO-1;MEX-NEURO-2,Candidate disposition: UNCERTAIN; no catalog mutation in FUNC-CAT01.
AUDIT_ONLY | PROPOSED | DIRECTOR_REVIEW_REQUIRED,CANDIDATE,video_eeg,video_eeg,Video-EEG (prolongado),Video EEG 24/48/72 h,FUNCTIONAL,Functional Studies,neurophysiology,NEUROPHYSIOLOGY,NEUROPHYSIOLOGY,PARAMETER_NOT_IDENTITY,PARAMETER,duration_hours and setting; do not create time-specific keys,video EEG prolongado,P2_QUALITY,MEX-NEURO-1;MEX-NEURO-2,Candidate disposition: PARAMETER_NOT_IDENTITY; no catalog mutation in FUNC-CAT01.
AUDIT_ONLY | PROPOSED | DIRECTOR_REVIEW_REQUIRED,CANDIDATE,emg_ncs,emg_ncs,EMG + Velocidades de conducción nerviosa (VCN),Electromiografía/electroneuromiografía,FUNCTIONAL,Functional Studies,neurophysiology,NEUROPHYSIOLOGY,NEUROPHYSIOLOGY,MISSING_SEARCH_TERM,SEARCH,Use existing EMG+NCS; exact requested scope must be printed,electromiografía; electroneuromiografía,P2_QUALITY,MEX-NEURO-1;MEX-NEURO-2,Candidate disposition: MISSING_SEARCH_TERM; no catalog mutation in FUNC-CAT01.
AUDIT_ONLY | PROPOSED | DIRECTOR_REVIEW_REQUIRED,CANDIDATE,evoked_auditory_baep,evoked_auditory_baep,Potenciales auditivos de tronco (PEAT/BAEP),PEATC/ABR desde audiología,FUNCTIONAL,Functional Studies,neurophysiology,NEUROPHYSIOLOGY,NEUROPHYSIOLOGY,NAVIGATION_FIX,CROSS_DISCOVERY,Keep neuro route; searchable from audiology without duplicate leaf identity,PEATC; ABR,P2_QUALITY,MEX-NEURO-1;MEX-NEURO-2,Candidate disposition: NAVIGATION_FIX; no catalog mutation in FUNC-CAT01.
AUDIT_ONLY | PROPOSED | DIRECTOR_REVIEW_REQUIRED,CANDIDATE,spirometry,spirometry,Espirometría,Espirometría pre/post broncodilatador,FUNCTIONAL,Functional Studies,pulmonary,PULMONARY_FUNCTION,PULMONARY_FUNCTION,PARAMETER_NOT_IDENTITY,PARAMETER,bronchodilator_intent; one spirometry key,espirometría con broncodilatador,P2_QUALITY,MEX-PULM-1;MEX-PULM-2,Candidate disposition: PARAMETER_NOT_IDENTITY; no catalog mutation in FUNC-CAT01.
AUDIT_ONLY | PROPOSED | DIRECTOR_REVIEW_REQUIRED,CANDIDATE,full_pft,full_pft,Pruebas funcionales respiratorias completas (PFR completo),PFT/PFR/PFP,FUNCTIONAL,Functional Studies,pulmonary,PULMONARY_FUNCTION,PULMONARY_FUNCTION,MISSING_SEARCH_TERM,SEARCH,PFT is currently shared with spirometry; disambiguate to full PFT only,PFT; PFR; PFP,P2_QUALITY,MEX-PULM-1;MEX-PULM-2,Candidate disposition: MISSING_SEARCH_TERM; no catalog mutation in FUNC-CAT01.
AUDIT_ONLY | PROPOSED | DIRECTOR_REVIEW_REQUIRED,CANDIDATE,psg_titration,psg_titration,PSG con titulación (CPAP/BiPAP),Ajuste terapéutico PAP,FUNCTIONAL,Functional Studies,sleep,SLEEP_DIAGNOSTICS,SLEEP_DIAGNOSTICS,WRONG_FAMILY,EXCLUDE,Therapy setup is not diagnostic titration order,CPAP/BPAP,EXCLUDE,MEX-SLEEP-1;MEX-SLEEP-2,Candidate disposition: WRONG_FAMILY; no catalog mutation in FUNC-CAT01.
AUDIT_ONLY | PROPOSED | DIRECTOR_REVIEW_REQUIRED,CANDIDATE,vng,vng,Videonistagmografía (VNG),Prueba calórica vestibular,FUNCTIONAL,Functional Studies,audiovestibular,AUDIOLOGY_VESTIBULAR,AUDIOLOGY_VESTIBULAR,PARAMETER_NOT_IDENTITY,PARAMETER,Specify VNG protocol/component; standalone identity only if service evidence,prueba calórica,P2_QUALITY,MEX-AUDIO-1;MEX-AUDIO-2,Candidate disposition: PARAMETER_NOT_IDENTITY; no catalog mutation in FUNC-CAT01.
AUDIT_ONLY | PROPOSED | DIRECTOR_REVIEW_REQUIRED,CANDIDATE,vng,vng,Videonistagmografía (VNG),Video head impulse test (vHIT),FUNCTIONAL,Functional Studies,audiovestibular,AUDIOLOGY_VESTIBULAR,AUDIOLOGY_VESTIBULAR,ADVANCED_DEFER,DEFER,Distinct physiology and equipment; do not alias to VNG; verify Mexican demand and supply,vHIT,ADVANCED,MEX-AUDIO-1;MEX-AUDIO-2,Candidate disposition: ADVANCED_DEFER; no catalog mutation in FUNC-CAT01.
AUDIT_ONLY | PROPOSED | DIRECTOR_REVIEW_REQUIRED,CANDIDATE,vng,vng,Videonistagmografía (VNG),Posturografía dinámica,FUNCTIONAL,Functional Studies,audiovestibular,AUDIOLOGY_VESTIBULAR,AUDIOLOGY_VESTIBULAR,ADVANCED_DEFER,DEFER,Distinct equipment; specialist use; not VNG alias,posturografía,ADVANCED,MEX-AUDIO-1;MEX-AUDIO-2,Candidate disposition: ADVANCED_DEFER; no catalog mutation in FUNC-CAT01.
AUDIT_ONLY | PROPOSED | DIRECTOR_REVIEW_REQUIRED,CANDIDATE,NONE,esophageal_manometry,NONE,Manometría esofágica,FUNCTIONAL,Functional Studies,gi_motility,NONE,FUNCTIONAL_GI_PHYSIOLOGY,TRUE_MISSING_P2,NEW_IDENTITY,High-resolution vs conventional technique/provider capability; side not applicable,manometría esofágica; manometría de alta resolución,P2,MEX-GI-1;MEX-GI-2;MEX-GI-3,Candidate disposition: TRUE_MISSING_P2; no catalog mutation in FUNC-CAT01.
AUDIT_ONLY | PROPOSED | DIRECTOR_REVIEW_REQUIRED,CANDIDATE,NONE,esophageal_ph_monitoring,NONE,Monitoreo de pH esofágico,FUNCTIONAL,Functional Studies,gi_motility,NONE,FUNCTIONAL_GI_PHYSIOLOGY,TRUE_MISSING_P2,NEW_IDENTITY,technique PH_ONLY vs PH_IMPEDANCE + duration_hours + on/off acid suppression; exact provider capability,pHmetría; pH impedancia; impedancia-pH,P2,MEX-GI-1;MEX-GI-2;MEX-GI-3,Candidate disposition: TRUE_MISSING_P2; no catalog mutation in FUNC-CAT01.
AUDIT_ONLY | PROPOSED | DIRECTOR_REVIEW_REQUIRED,CANDIDATE,NONE,anorectal_manometry,NONE,Manometría anorrectal,FUNCTIONAL,Functional Studies,gi_motility,NONE,FUNCTIONAL_GI_PHYSIOLOGY,ADVANCED_DEFER,DEFER,Specialist evidence exists but broad clinical priority not established; separate from esophageal tests,manometría anorrectal,ADVANCED,MEX-GI-1;MEX-GI-2;MEX-GI-3,Candidate disposition: ADVANCED_DEFER; no catalog mutation in FUNC-CAT01.
AUDIT_ONLY | PROPOSED | DIRECTOR_REVIEW_REQUIRED,CANDIDATE,echo_tte,echo_tte,Ecocardiograma transtorácico (ETT),Ecocardiografía/Doppler,IMAGING,Imaging,ultrasound_cardiac,CARDIOVASCULAR_DIAGNOSTICS,CARDIOVASCULAR_DIAGNOSTICS,WRONG_FAMILY,KEEP_IMAGING_BOUNDARY,Physical imaging; cardiovascular operational route does not change family,ecocardiograma,EXCLUDE,MEX-CARD-1;MEX-CARD-2,Candidate disposition: WRONG_FAMILY; no catalog mutation in FUNC-CAT01.
