status,source_id,institution,domain,direct_evidence,url,audit_use
AUDIT_ONLY | PROPOSED | DIRECTOR_REVIEW_REQUIRED,MEX-CARD-1,IMSS,Cardiovascular,"ECG, Holter, MAPA, stress test, tilt and echo listed separately",https://reposipot.imss.gob.mx/OOAD/COLIMA/2025/3.%20TERCER%20TRIMESTRE%202025/SIPOT%20LA-N-70-25/4.%20PP-012-N-70-25.pdf,Current identity boundary and ambulatory protocol review
AUDIT_ONLY | PROPOSED | DIRECTOR_REVIEW_REQUIRED,MEX-CARD-2,IMSS,Cardiovascular,"Contract distinguishes ECG, ambulatory monitors, stress and echo services",https://reposipot.imss.gob.mx/OOAD/MORELOS/SIPOT%202025/PRIMER%20TRIMESTRE/S5M0024%20050GYR007N07925-001-00%20S18-AD-001-2025%20CENTRO%20DE%20DIAGNOSTICO%20POR%20IMAGENES%20ECOCARDIOGRAMA%20CUERNAVACA%20VP.pdf,No ECG/Holter/MAPA conflation
AUDIT_ONLY | PROPOSED | DIRECTOR_REVIEW_REQUIRED,MEX-NEURO-1,IMSS,Neurophysiology,Video EEG can monitor for up to 72 hours,https://www.imss.gob.mx/prensa/archivo/202307/348,Duration as parameter for video EEG
AUDIT_ONLY | PROPOSED | DIRECTOR_REVIEW_REQUIRED,MEX-NEURO-2,IMSS Revista Médica,Neurophysiology and audiology,Brainstem auditory evoked potentials complement audiometry,https://revistamedica.imss.gob.mx/index.php/revista_medica/article/view/297,Cross-family discovery without rerouting BAEP
AUDIT_ONLY | PROPOSED | DIRECTOR_REVIEW_REQUIRED,MEX-PULM-1,INER,Pulmonology,Spirometry technical procedure and bronchodilator response,https://www.iner.salud.gob.mx/descargas/dirmedica/fisiologiarespiratoria/guiastecnicas/2-Espirometria.pdf,Spirometry protocol parameter
AUDIT_ONLY | PROPOSED | DIRECTOR_REVIEW_REQUIRED,MEX-PULM-2,INER,Pulmonology,"Different functional tests including spirometry, lung volumes, diffusion",https://iner.salud.gob.mx/descargas/dirmedica/fisiologiarespiratoria/guiastecnicas/1-PFRCual_Quien.pdf,"Keep spirometry, DLCO, plethysmography, full PFT distinct"
AUDIT_ONLY | PROPOSED | DIRECTOR_REVIEW_REQUIRED,MEX-SLEEP-1,INER,Sleep medicine,Sleep unit performs diagnostic polysomnography,https://iner.salud.gob.mx/descargas/normatecainterna/MPdirmedica/MP_SERVMEDICINASUENO_28102025.pdf,Diagnostic sleep identity
AUDIT_ONLY | PROPOSED | DIRECTOR_REVIEW_REQUIRED,MEX-SLEEP-2,IMSS,Sleep medicine,Home and laboratory sleep testing distinguished,https://www.imss.gob.mx/node/103473,HSAT vs PSG boundary; PAP setup is therapeutic
AUDIT_ONLY | PROPOSED | DIRECTOR_REVIEW_REQUIRED,MEX-AUDIO-1,IMSS Mexican standard,Audiology,"Pure-tone and speech audiometry, tympanometry, otoacoustic emissions, auditory evoked responses listed separately",https://www.imss.gob.mx/sites/all/statics/pdf/marconormativo/NormasOficiales/4366.pdf,Current audiology coverage and BAEP distinction
AUDIT_ONLY | PROPOSED | DIRECTOR_REVIEW_REQUIRED,MEX-AUDIO-2,IMSS,Audiology,Auditory evoked potentials performed in neurophysiology context,https://www.imss.gob.mx/sites/all/statics/guiasclinicas/396GER.pdf,BAEP routing remains NEUROPHYSIOLOGY; audiology discovery
AUDIT_ONLY | PROPOSED | DIRECTOR_REVIEW_REQUIRED,MEX-GI-1,IMSS,GI motility,Tender describes pH monitoring and esophageal manometry as separate diagnostic services,https://reposipot.imss.gob.mx/OOAD/COLIMA/2025/1.%20PRIMER%20TRIMESTRE%202025/LA-50-GYR-050GYR012-N-15-2025/2.-%20CONVOC%20LA-012-N-15-25.pdf,Two P2 functional identities
AUDIT_ONLY | PROPOSED | DIRECTOR_REVIEW_REQUIRED,MEX-GI-2,IMSS specialty division,GI motility,Digestive physiology unit provides high-resolution manometry and pH-impedance,https://edumed.imss.gob.mx/pediatria/nueshosp/divespmed/pagdivespmed.htm,Technique/capability parameter and dedicated route
AUDIT_ONLY | PROPOSED | DIRECTOR_REVIEW_REQUIRED,MEX-GI-3,IMSS,GI motility,"Tender distinguishes anorectal manometry, esophageal manometry, pH and pH-impedance",https://reposipot.imss.gob.mx/OOAD/NAYARIT/4to%20TRIMESTRE%202025/4TO.%20TRIMESTRE/DICIEMBRE/050GYR005N26125-001-00.pdf,Anorectal advanced defer; pH technique capability
