document_status,parameter,modality_scope,applicability,allowed_values_v1,validation_and_meaning,physician_or_provider_control,portable_order,provider_matching,examples,not_applicable_or_deferred
AUDIT_ONLY | PROPOSED | DIRECTOR_REVIEW_REQUIRED,laterality,RX;US;MRI;CT;MAMMOGRAPHY;US_DOPPLER,REQUIRED_FOR_PAIRED_OR_UNILATERAL_SITE,LEFT|RIGHT|BILATERAL|NOT_APPLICABLE,"NOT_APPLICABLE only for midline/unpaired region; no silent default; bilateral is one intended bilateral study, not inferred from two unilateral orders",PHYSICIAN,YES,YES,rx_hip LEFT; mammo BILATERAL,Head/abdomen/midline may be NOT_APPLICABLE
AUDIT_ONLY | PROPOSED | DIRECTOR_REVIEW_REQUIRED,contrast_intent,CT;CTA;MRI;MRA;FLUOROSCOPY,REQUIRED_WHEN_MODALITY_SUPPORTS_CONTRAST,NONE|WITH_CONTRAST|WITH_AND_WITHOUT|EXAM_DEFINED|NOT_APPLICABLE,Explicit modality-compatible choice; unknown remains unresolved and cannot be published as NONE; do not map fluoroscopic barium/iodine to IV contrast,PHYSICIAN,YES,YES,ct_sinuses NONE; mr_lumbar_spine WITH_AND_WITHOUT,RX/US/DXA/PET_CT ordinary contrast field N/A; CEUS future contract
AUDIT_ONLY | PROPOSED | DIRECTOR_REVIEW_REQUIRED,contrast_route,CT;CTA;MRI;MRA;FLUOROSCOPY,CONDITIONAL_IF_CONTRAST,IV|ORAL|RECTAL|INTRA_ARTICULAR|INTRACAVITARY|OTHER_VALIDATED|NOT_APPLICABLE,Route constrained by modality and named exam; multiple routes explicit set; provider may refine agent but not replace physician intent,PHYSICIAN_INTENT_WITH_PROVIDER_AGENT_SELECTION,YES,YES,CT abdomen/pelvis IV+ORAL; HSG intracavitary,Dose/agent vendor/renal screening are provider workflow
AUDIT_ONLY | PROPOSED | DIRECTOR_REVIEW_REQUIRED,projection_view_set,RX,OPTIONAL_OR_REQUIRED_BY_LOCAL_ORDER_TEMPLATE,AP|PA|LATERAL|OBLIQUE|AXIAL|SPECIAL|UNSPECIFIED,"Set of views, no auto-equivalence between PA and AP; UNSPECIFIED requires provider clarification when protocol depends on it",PHYSICIAN_INTENT_OR_PROVIDER_PROTOCOL_IF_UNSPECIFIED,YES_IF_SPECIFIED,CONDITIONAL,RX tórax PA+LATERAL,No identity per projection
AUDIT_ONLY | PROPOSED | DIRECTOR_REVIEW_REQUIRED,weight_bearing,RX,CONDITIONAL_LOWER_EXTREMITY_OR_SPINE,YES|NO|UNSPECIFIED|NOT_APPLICABLE,"If explicitly ordered YES, provider must support it; UNSPECIFIED is not NO",PHYSICIAN,YES_IF_SPECIFIED,YES,RX rodilla en carga,Technical positioning remains provider controlled
AUDIT_ONLY | PROPOSED | DIRECTOR_REVIEW_REQUIRED,vascular_territory,CTA;MRA;US_DOPPLER,REQUIRED_FOR_VASCULAR_STUDY,HEAD|NECK|HEAD_AND_NECK|CAROTID|UPPER_EXTREMITY|LOWER_EXTREMITY|RENAL|PORTAL_HEPATIC|OTHER_VALIDATED,"For cta_head_neck distinguish HEAD, NECK, HEAD_AND_NECK; no automatic head+neck coverage; constrained by identity",PHYSICIAN,YES,YES,CTA cuello; Doppler carotídeo,Unknown territory cannot become combined territory
AUDIT_ONLY | PROPOSED | DIRECTOR_REVIEW_REQUIRED,vascular_flow_type,US_DOPPLER,REQUIRED_WHEN_IDENTITY_DOES_NOT_FIX_TYPE,ARTERIAL|VENOUS|BOTH|NOT_APPLICABLE,Existing lower_ext_art/venous keys already fix flow type; do not override key,PHYSICIAN_OR_IDENTITY_FIXED,YES,YES,Doppler venoso miembro inferior,Cardiac echocardiography does not use this generic field
AUDIT_ONLY | PROPOSED | DIRECTOR_REVIEW_REQUIRED,protocol_class,CT;MRI;US;MAMMOGRAPHY;DXA;NUCLEAR;PET_CT,CONDITIONAL_STABLE_CLINICAL_INTENT,STANDARD|UROGRAPHY|MORPHOLOGY|SCREENING|DIAGNOSTIC|STRESS_REST|DYNAMIC|STATIC|OTHER_VALIDATED,Identity-specific whitelist; not free text; named protocol that changes clinical intent requires explicit selection,PHYSICIAN,YES_IF_SELECTED,YES,mammo DIAGNOSTIC; nm_myocardial_perfusion STRESS_REST,"Scanner sequences, kernel and acquisition timing provider controlled"
AUDIT_ONLY | PROPOSED | DIRECTOR_REVIEW_REQUIRED,ultrasound_approach,US,CONDITIONAL_PELVIC_PROSTATE_OBSTETRIC,TRANSABDOMINAL|TRANSVAGINAL|TRANSRECTAL|COMBINED|NOT_APPLICABLE,Only allowed on compatible anatomic identity; no automatic transvaginal from us_pelvic,PHYSICIAN,YES,YES,US pélvico TRANSVAGINAL,Provider may decide probe details
AUDIT_ONLY | PROPOSED | DIRECTOR_REVIEW_REQUIRED,gestational_context,US,CONDITIONAL_OBSTETRIC,TRIMESTER_1|TRIMESTER_2|TRIMESTER_3|UNKNOWN,Clinical gestational age/date may be stored separately with consent and sensitivity controls; morphology/Doppler purpose explicit,PHYSICIAN,YES_IF_SELECTED,CONDITIONAL,US obstétrico morfológico segundo trimestre,No automatic pregnancy inference
AUDIT_ONLY | PROPOSED | DIRECTOR_REVIEW_REQUIRED,breast_purpose,MAMMOGRAPHY,REQUIRED,SCREENING|DIAGNOSTIC,Screening and diagnostic are not interchangeable; unilateral/bilateral remains separate laterality field,PHYSICIAN,YES,YES,Mastografía diagnóstica izquierda,"BI-RADS is result, not an order parameter"
AUDIT_ONLY | PROPOSED | DIRECTOR_REVIEW_REQUIRED,breast_tomosynthesis_relation,MAMMOGRAPHY,REQUIRED_FOR_TOMOSYNTHESIS,WITH_2D_MAMMOGRAPHY|STANDALONE_IF_PROVIDER_VALIDATED,Provider policy/capability determines combination; never silently duplicate order/billing,PHYSICIAN_WITH_PROVIDER_CAPABILITY,YES,YES,Tomosíntesis con mastografía,No assumption all providers offer standalone
AUDIT_ONLY | PROPOSED | DIRECTOR_REVIEW_REQUIRED,dxa_site_set,DXA,REQUIRED,LUMBAR_SPINE|HIP_LEFT|HIP_RIGHT|BILATERAL_HIPS|WHOLE_BODY|OTHER_VALIDATED,Multi-site set explicit; whole body capability separately verified,PHYSICIAN,YES,YES,DXA columna lumbar y cadera,No per-site key explosion
AUDIT_ONLY | PROPOSED | DIRECTOR_REVIEW_REQUIRED,radiotracer,PET_CT;NUCLEAR,REQUIRED_FOR_PET_CT_OR_TRACER_DEPENDENT_EXAM,FDG|OTHER_CURATED_TRACER|EXAM_DEFINED,Curated code plus version; provider must advertise actual tracer capability; no free-text proliferation,PHYSICIAN_INTENT_PLUS_PROVIDER_CAPABILITY,YES,YES,PET/CT FDG,Radioactivity dose/prep provider controlled
AUDIT_ONLY | PROPOSED | DIRECTOR_REVIEW_REQUIRED,interventional_request,INTERVENTIONAL,NOT_APPLICABLE_TO_IMAGING_STUDY,NOT_APPLICABLE,Biopsy/drainage/catheter angiography needs separate procedure authority,SEPARATE_AUTHORITY,NO,NO,Biopsia guiada por US,No silent imaging order writer
