document_status,modality,subfamily,concept,common_mexican_name,current_mxmed_match,current_key,gap_classification,proposed_key,identity_strategy,anatomic_region,laterality_model,contrast_model,projection_protocol_model,routing,priority,mexico_evidence,international_reference,implementation_decision,audit_note
AUDIT_ONLY | PROPOSED | DIRECTOR_REVIEW_REQUIRED,US,breast_imaging,US Mama,US Mama,EXACT,breast_us,CURRENT,breast_us,B_CANONICAL_PLUS_PARAMETERS,BREAST,REQUIRED_UNILATERAL_OR_BILATERAL,NOT_APPLICABLE,PROTOCOL_CLASS_IF_INDICATED,GENERAL_IMAGING,CURRENT,https://radiologiaeimagen.medicasur.com.mx/es/ms/Info_estudios_imagen,https://www.radiologyinfo.org/en/info/safety-,KEEP; ADD_PARAMETER,Exact active key; no catalog mutation. Display/name alias may be refined after Director review.
AUDIT_ONLY | PROPOSED | DIRECTOR_REVIEW_REQUIRED,CT,tomography,TAC Abdomen y pelvis,TAC Abdomen y pelvis,EXACT,ct_abdomen_pelvis,CURRENT,ct_abdomen_pelvis,B_CANONICAL_PLUS_PARAMETERS,ABDOMEN_PELVIS,NOT_APPLICABLE,OPTIONAL_MODALITY_SPECIFIC,PROTOCOL_CLASS_IF_INDICATED,GENERAL_IMAGING,CURRENT,https://www.chopo.com.mx/default/estudios/tomografia,https://www.radiologyinfo.org/en/info/safety-,KEEP; ADD_PARAMETER,Exact active key; no catalog mutation. Display/name alias may be refined after Director review.
AUDIT_ONLY | PROPOSED | DIRECTOR_REVIEW_REQUIRED,CT,tomography,TAC Tórax,TAC Tórax,EXACT,ct_chest,CURRENT,ct_chest,B_CANONICAL_PLUS_PARAMETERS,CHEST,NOT_APPLICABLE,OPTIONAL_MODALITY_SPECIFIC,PROTOCOL_CLASS_IF_INDICATED,GENERAL_IMAGING,CURRENT,https://www.chopo.com.mx/default/estudios/tomografia,https://www.radiologyinfo.org/en/info/safety-,KEEP; ADD_PARAMETER,Exact active key; no catalog mutation. Display/name alias may be refined after Director review.
AUDIT_ONLY | PROPOSED | DIRECTOR_REVIEW_REQUIRED,CT,tomography,TAC Cráneo,TAC Cráneo,EXACT,ct_head,CURRENT,ct_head,B_CANONICAL_PLUS_PARAMETERS,HEAD,NOT_APPLICABLE,OPTIONAL_MODALITY_SPECIFIC,PROTOCOL_CLASS_IF_INDICATED,GENERAL_IMAGING,CURRENT,https://www.chopo.com.mx/default/estudios/tomografia,https://www.radiologyinfo.org/en/info/safety-,KEEP; ADD_PARAMETER,Exact active key; no catalog mutation. Display/name alias may be refined after Director review.
AUDIT_ONLY | PROPOSED | DIRECTOR_REVIEW_REQUIRED,CT,tomography,UroTAC (vías urinarias),UroTAC (vías urinarias),EXACT,ct_uro,CURRENT,ct_uro,B_CANONICAL_PLUS_PARAMETERS,URINARY_TRACT,NOT_APPLICABLE,OPTIONAL_MODALITY_SPECIFIC,UROGRAPHY_PROTOCOL,GENERAL_IMAGING,CURRENT,https://www.chopo.com.mx/default/estudios/tomografia,https://www.radiologyinfo.org/en/info/safety-,KEEP; ADD_PARAMETER,Specialized urography identity remains separate from generic CT abdomen/pelvis.
AUDIT_ONLY | PROPOSED | DIRECTOR_REVIEW_REQUIRED,DXA,densitometry,Densitometría ósea (DEXA),Densitometría ósea (DEXA),EXACT,dexa,CURRENT,dexa,B_CANONICAL_PLUS_PARAMETERS,SKELETON,NOT_APPLICABLE,NOT_APPLICABLE,REQUIRED_SITE_SET,GENERAL_IMAGING,CURRENT,https://radiologiaeimagen.medicasur.com.mx/es/ms/Info_estudios_imagen,https://www.radiologyinfo.org/en/info/safety-,KEEP; ADD_PARAMETER,Lumbar/hip sites vs whole-body capability are distinct provider coverage; no new identity yet.
AUDIT_ONLY | PROPOSED | DIRECTOR_REVIEW_REQUIRED,FLUOROSCOPY,radiography,Enema baritado,Enema baritado,EXACT,fluoro_barium_enema,CURRENT,fluoro_barium_enema,B_CANONICAL_PLUS_PARAMETERS,COLON,NOT_APPLICABLE,EXAM_DEFINED_AGENT,PROTOCOL_CLASS_IF_INDICATED,GENERAL_IMAGING,CURRENT,https://radiologiaeimagen.medicasur.com.mx/es/ms/Info_estudios_imagen,https://www.radiologyinfo.org/en/info/safety-,KEEP; ADD_PARAMETER,Named contrast examination remains distinct from generic projection variants.
AUDIT_ONLY | PROPOSED | DIRECTOR_REVIEW_REQUIRED,FLUOROSCOPY,radiography,Histerosalpingografía (HSG),Histerosalpingografía (HSG),EXACT,fluoro_hsg,CURRENT,fluoro_hsg,B_CANONICAL_PLUS_PARAMETERS,UTERUS_TUBES,NOT_APPLICABLE,EXAM_DEFINED_AGENT,PROTOCOL_CLASS_IF_INDICATED,GENERAL_IMAGING,CURRENT,https://radiologiaeimagen.medicasur.com.mx/es/ms/Info_estudios_imagen,https://www.radiologyinfo.org/en/info/safety-,KEEP; ADD_PARAMETER,Named contrast examination remains distinct from generic projection variants.
AUDIT_ONLY | PROPOSED | DIRECTOR_REVIEW_REQUIRED,FLUOROSCOPY,radiography,Tránsito esófago-gastro-duodenal (UGI),Tránsito esófago-gastro-duodenal (UGI),EXACT,fluoro_ugi,CURRENT,fluoro_ugi,B_CANONICAL_PLUS_PARAMETERS,UPPER_GI,NOT_APPLICABLE,EXAM_DEFINED_AGENT,PROTOCOL_CLASS_IF_INDICATED,GENERAL_IMAGING,CURRENT,https://radiologiaeimagen.medicasur.com.mx/es/ms/Info_estudios_imagen,https://www.radiologyinfo.org/en/info/safety-,KEEP; ADD_PARAMETER,Named contrast examination remains distinct from generic projection variants.
AUDIT_ONLY | PROPOSED | DIRECTOR_REVIEW_REQUIRED,FLUOROSCOPY,radiography,Cistouretrografía miccional (VCUG),Cistouretrografía miccional (VCUG),EXACT,fluoro_vcug,CURRENT,fluoro_vcug,B_CANONICAL_PLUS_PARAMETERS,BLADDER_URETHRA,NOT_APPLICABLE,EXAM_DEFINED_AGENT,PROTOCOL_CLASS_IF_INDICATED,GENERAL_IMAGING,CURRENT,https://radiologiaeimagen.medicasur.com.mx/es/ms/Info_estudios_imagen,https://www.radiologyinfo.org/en/info/safety-,KEEP; ADD_PARAMETER,Named contrast examination remains distinct from generic projection variants.
AUDIT_ONLY | PROPOSED | DIRECTOR_REVIEW_REQUIRED,MAMMOGRAPHY,breast_imaging,Mamografía,Mamografía,EXACT,mammo,CURRENT,mammo,B_CANONICAL_PLUS_PARAMETERS,BREAST,REQUIRED_UNILATERAL_OR_BILATERAL,NOT_APPLICABLE,PURPOSE_SCREENING_OR_DIAGNOSTIC,GENERAL_IMAGING,CURRENT,https://laboratorio.medicasur.com.mx/es/ms/ms_sal_em_radima_mastografia_digital,https://www.radiologyinfo.org/en/info/screening-breast,KEEP; ADD_PARAMETER; MERGE_NOT_ALLOWED,Screening and diagnostic purpose must remain explicit; no silent equivalence.
AUDIT_ONLY | PROPOSED | DIRECTOR_REVIEW_REQUIRED,MRI,magnetic_resonance,RM Abdomen,RM Abdomen,EXACT,mr_abdomen,CURRENT,mr_abdomen,B_CANONICAL_PLUS_PARAMETERS,ABDOMEN,NOT_APPLICABLE,OPTIONAL_MODALITY_SPECIFIC,PROTOCOL_CLASS_IF_INDICATED,GENERAL_IMAGING,CURRENT,https://www.chopo.com.mx/morelia/estudios/resonancia-magnetica,https://www.radiologyinfo.org/en/info/safety-,KEEP; ADD_PARAMETER,Exact active key; no catalog mutation. Display/name alias may be refined after Director review.
AUDIT_ONLY | PROPOSED | DIRECTOR_REVIEW_REQUIRED,MRI,magnetic_resonance,RM Cerebro,RM Cerebro,EXACT,mr_brain,CURRENT,mr_brain,B_CANONICAL_PLUS_PARAMETERS,BRAIN,NOT_APPLICABLE,OPTIONAL_MODALITY_SPECIFIC,PROTOCOL_CLASS_IF_INDICATED,GENERAL_IMAGING,CURRENT,https://www.chopo.com.mx/morelia/estudios/resonancia-magnetica,https://www.radiologyinfo.org/en/info/safety-,KEEP; ADD_PARAMETER,Exact active key; no catalog mutation. Display/name alias may be refined after Director review.
AUDIT_ONLY | PROPOSED | DIRECTOR_REVIEW_REQUIRED,MRI,magnetic_resonance,RM Rodilla,RM Rodilla,EXACT,mr_knee,CURRENT,mr_knee,B_CANONICAL_PLUS_PARAMETERS,KNEE,REQUIRED_IF_PAIRED_SITE,OPTIONAL_MODALITY_SPECIFIC,PROTOCOL_CLASS_IF_INDICATED,GENERAL_IMAGING,CURRENT,https://www.chopo.com.mx/morelia/estudios/resonancia-magnetica,https://www.radiologyinfo.org/en/info/safety-,KEEP; ADD_PARAMETER,Exact active key; no catalog mutation. Display/name alias may be refined after Director review.
AUDIT_ONLY | PROPOSED | DIRECTOR_REVIEW_REQUIRED,MRI,magnetic_resonance,RM Hombro,RM Hombro,EXACT,mr_shoulder,CURRENT,mr_shoulder,B_CANONICAL_PLUS_PARAMETERS,SHOULDER,REQUIRED_IF_PAIRED_SITE,OPTIONAL_MODALITY_SPECIFIC,PROTOCOL_CLASS_IF_INDICATED,GENERAL_IMAGING,CURRENT,https://www.chopo.com.mx/morelia/estudios/resonancia-magnetica,https://www.radiologyinfo.org/en/info/safety-,KEEP; ADD_PARAMETER,Exact active key; no catalog mutation. Display/name alias may be refined after Director review.
AUDIT_ONLY | PROPOSED | DIRECTOR_REVIEW_REQUIRED,NUCLEAR,nuclear,Gammagrama óseo,Gammagrama óseo,EXACT,nm_bone_scan,CURRENT,nm_bone_scan,B_CANONICAL_PLUS_PARAMETERS,SKELETON,NOT_APPLICABLE,NOT_APPLICABLE,PROTOCOL_CLASS_IF_INDICATED,GENERAL_IMAGING,CURRENT,https://medicasur.com.mx/es/ms/Medicina_Nuclear_diagnostica,https://www.radiologyinfo.org/en/info/safety-,KEEP; CONTROLLED_PROTOCOL,Exact active key; no catalog mutation. Display/name alias may be refined after Director review.
AUDIT_ONLY | PROPOSED | DIRECTOR_REVIEW_REQUIRED,NUCLEAR,nuclear,Captación tiroidea,Captación tiroidea,EXACT,nm_thyroid_uptake,CURRENT,nm_thyroid_uptake,B_CANONICAL_PLUS_PARAMETERS,THYROID,NOT_APPLICABLE,NOT_APPLICABLE,PROTOCOL_CLASS_IF_INDICATED,GENERAL_IMAGING,CURRENT,https://medicasur.com.mx/es/ms/Medicina_Nuclear_diagnostica,https://www.radiologyinfo.org/en/info/safety-,KEEP; CONTROLLED_PROTOCOL,Exact active key; no catalog mutation. Display/name alias may be refined after Director review.
AUDIT_ONLY | PROPOSED | DIRECTOR_REVIEW_REQUIRED,PET_CT,nuclear,PET-CT,PET-CT,EXACT,pet_ct,CURRENT,pet_ct,B_CANONICAL_PLUS_PARAMETERS,WHOLE_BODY,NOT_APPLICABLE,TRACER_CONTROLLED,TRACER_AND_FIELD_OF_VIEW,GENERAL_IMAGING,CURRENT,https://medicasur.com.mx/es/ms/Medicina_Nuclear_diagnostica,https://www.radiologyinfo.org/en/info/safety-,KEEP; CONTROLLED_PROTOCOL,FDG default only when explicitly selected; specialty tracers gated by provider capability.
AUDIT_ONLY | PROPOSED | DIRECTOR_REVIEW_REQUIRED,RX,radiography,RX Abdomen,RX Abdomen,EXACT,rx_abdomen,CURRENT,rx_abdomen,B_CANONICAL_PLUS_PARAMETERS,ABDOMEN,NOT_APPLICABLE,NOT_APPLICABLE,OPTIONAL_VIEW_SET,GENERAL_IMAGING,CURRENT,https://www.chopo.com.mx/default/estudios/radiologia,https://www.radiologyinfo.org/en/info/safety-,KEEP; ADD_PARAMETER,Exact active key; no catalog mutation. Display/name alias may be refined after Director review.
AUDIT_ONLY | PROPOSED | DIRECTOR_REVIEW_REQUIRED,RX,radiography,RX Tobillo,RX Tobillo,EXACT,rx_ankle,CURRENT,rx_ankle,B_CANONICAL_PLUS_PARAMETERS,ANKLE,REQUIRED_IF_PAIRED_SITE,NOT_APPLICABLE,OPTIONAL_VIEW_SET,GENERAL_IMAGING,CURRENT,https://www.chopo.com.mx/default/estudios/radiologia,https://www.radiologyinfo.org/en/info/safety-,KEEP; ADD_PARAMETER,Exact active key; no catalog mutation. Display/name alias may be refined after Director review.
AUDIT_ONLY | PROPOSED | DIRECTOR_REVIEW_REQUIRED,RX,radiography,RX Tórax,RX Tórax,EXACT,rx_chest,CURRENT,rx_chest,B_CANONICAL_PLUS_PARAMETERS,CHEST,NOT_APPLICABLE,NOT_APPLICABLE,OPTIONAL_VIEW_SET,GENERAL_IMAGING,CURRENT,https://www.chopo.com.mx/default/estudios/radiologia,https://www.radiologyinfo.org/en/info/safety-,KEEP; ADD_PARAMETER,Exact active key; no catalog mutation. Display/name alias may be refined after Director review.
AUDIT_ONLY | PROPOSED | DIRECTOR_REVIEW_REQUIRED,RX,radiography,RX Columna cervical,RX Columna cervical,EXACT,rx_cspine,CURRENT,rx_cspine,B_CANONICAL_PLUS_PARAMETERS,CSPINE,NOT_APPLICABLE,NOT_APPLICABLE,OPTIONAL_VIEW_SET,GENERAL_IMAGING,CURRENT,https://www.chopo.com.mx/default/estudios/radiologia,https://www.radiologyinfo.org/en/info/safety-,KEEP; ADD_PARAMETER,Exact active key; no catalog mutation. Display/name alias may be refined after Director review.
AUDIT_ONLY | PROPOSED | DIRECTOR_REVIEW_REQUIRED,RX,radiography,RX Mano,RX Mano,EXACT,rx_hand,CURRENT,rx_hand,B_CANONICAL_PLUS_PARAMETERS,HAND,REQUIRED_IF_PAIRED_SITE,NOT_APPLICABLE,OPTIONAL_VIEW_SET,GENERAL_IMAGING,CURRENT,https://www.chopo.com.mx/default/estudios/radiologia,https://www.radiologyinfo.org/en/info/safety-,KEEP; ADD_PARAMETER,Exact active key; no catalog mutation. Display/name alias may be refined after Director review.
AUDIT_ONLY | PROPOSED | DIRECTOR_REVIEW_REQUIRED,RX,radiography,RX Rodilla,RX Rodilla,EXACT,rx_knee,CURRENT,rx_knee,B_CANONICAL_PLUS_PARAMETERS,KNEE,REQUIRED_IF_PAIRED_SITE,NOT_APPLICABLE,OPTIONAL_VIEW_SET,GENERAL_IMAGING,CURRENT,https://www.chopo.com.mx/default/estudios/radiologia,https://www.radiologyinfo.org/en/info/safety-,KEEP; ADD_PARAMETER,Exact active key; no catalog mutation. Display/name alias may be refined after Director review.
AUDIT_ONLY | PROPOSED | DIRECTOR_REVIEW_REQUIRED,RX,radiography,RX Columna lumbar,RX Columna lumbar,EXACT,rx_lspine,CURRENT,rx_lspine,B_CANONICAL_PLUS_PARAMETERS,LSPINE,NOT_APPLICABLE,NOT_APPLICABLE,OPTIONAL_VIEW_SET,GENERAL_IMAGING,CURRENT,https://www.chopo.com.mx/default/estudios/radiologia,https://www.radiologyinfo.org/en/info/safety-,KEEP; ADD_PARAMETER,Exact active key; no catalog mutation. Display/name alias may be refined after Director review.
AUDIT_ONLY | PROPOSED | DIRECTOR_REVIEW_REQUIRED,RX,radiography,RX Pelvis,RX Pelvis,EXACT,rx_pelvis,CURRENT,rx_pelvis,B_CANONICAL_PLUS_PARAMETERS,PELVIS,NOT_APPLICABLE,NOT_APPLICABLE,OPTIONAL_VIEW_SET,GENERAL_IMAGING,CURRENT,https://www.chopo.com.mx/default/estudios/radiologia,https://www.radiologyinfo.org/en/info/safety-,KEEP; ADD_PARAMETER,Exact active key; no catalog mutation. Display/name alias may be refined after Director review.
AUDIT_ONLY | PROPOSED | DIRECTOR_REVIEW_REQUIRED,RX,radiography,RX Hombro,RX Hombro,EXACT,rx_shoulder,CURRENT,rx_shoulder,B_CANONICAL_PLUS_PARAMETERS,SHOULDER,REQUIRED_IF_PAIRED_SITE,NOT_APPLICABLE,OPTIONAL_VIEW_SET,GENERAL_IMAGING,CURRENT,https://www.chopo.com.mx/default/estudios/radiologia,https://www.radiologyinfo.org/en/info/safety-,KEEP; ADD_PARAMETER,Exact active key; no catalog mutation. Display/name alias may be refined after Director review.
AUDIT_ONLY | PROPOSED | DIRECTOR_REVIEW_REQUIRED,US,ultrasound_general,US Abdomen,US Abdomen,EXACT,us_abdomen,CURRENT,us_abdomen,B_CANONICAL_PLUS_PARAMETERS,ABDOMEN,NOT_APPLICABLE,NOT_APPLICABLE,PROTOCOL_CLASS_IF_INDICATED,GENERAL_IMAGING,CURRENT,https://radiologiaeimagen.medicasur.com.mx/es/ms/Info_estudios_imagen,https://www.radiologyinfo.org/en/info/safety-,KEEP; ADD_PARAMETER,Exact active key; no catalog mutation. Display/name alias may be refined after Director review.
AUDIT_ONLY | PROPOSED | DIRECTOR_REVIEW_REQUIRED,US,ultrasound_obgyn,US Obstétrico,US Obstétrico,EXACT,us_obstetric_study,CURRENT,us_obstetric_study,B_CANONICAL_PLUS_PARAMETERS,PREGNANCY,NOT_APPLICABLE,NOT_APPLICABLE,PURPOSE_TRIMESTER_DOPPLER_IF_ORDERED,GENERAL_IMAGING,CURRENT,https://radiologiaeimagen.medicasur.com.mx/es/ms/Info_estudios_imagen,https://www.radiologyinfo.org/en/info/safety-,KEEP; ADD_PARAMETER,Morphology/obstetric Doppler explicit intent; consider provider capability.
AUDIT_ONLY | PROPOSED | DIRECTOR_REVIEW_REQUIRED,US,ultrasound_obgyn,US Pélvico,US Pélvico,EXACT,us_pelvic,CURRENT,us_pelvic,B_CANONICAL_PLUS_PARAMETERS,PELVIC,REQUIRED_IF_PAIRED_SITE,NOT_APPLICABLE,APPROACH_TRANSABDOMINAL_OR_TRANSVAGINAL,GENERAL_IMAGING,CURRENT,https://radiologiaeimagen.medicasur.com.mx/es/ms/Info_estudios_imagen,https://www.radiologyinfo.org/en/info/safety-,KEEP; ADD_PARAMETER,"Transvaginal is explicit approach, not inferred from US pélvico."
AUDIT_ONLY | PROPOSED | DIRECTOR_REVIEW_REQUIRED,US,ultrasound_general,US Renal,US Renal,EXACT,us_renal,CURRENT,us_renal,B_CANONICAL_PLUS_PARAMETERS,RENAL,NOT_APPLICABLE_OR_SITE_DEPENDENT,NOT_APPLICABLE,PROTOCOL_CLASS_IF_INDICATED,GENERAL_IMAGING,CURRENT,https://radiologiaeimagen.medicasur.com.mx/es/ms/Info_estudios_imagen,https://www.radiologyinfo.org/en/info/safety-,KEEP; ADD_PARAMETER,Exact active key; no catalog mutation. Display/name alias may be refined after Director review.
AUDIT_ONLY | PROPOSED | DIRECTOR_REVIEW_REQUIRED,US,ultrasound_general,US Partes blandas,US Partes blandas,EXACT,us_soft_tissue,CURRENT,us_soft_tissue,B_CANONICAL_PLUS_PARAMETERS,SITE_SPECIFIC,NOT_APPLICABLE_OR_SITE_DEPENDENT,NOT_APPLICABLE,PROTOCOL_CLASS_IF_INDICATED,GENERAL_IMAGING,CURRENT,https://radiologiaeimagen.medicasur.com.mx/es/ms/Info_estudios_imagen,https://www.radiologyinfo.org/en/info/safety-,KEEP; ADD_PARAMETER,Exact active key; no catalog mutation. Display/name alias may be refined after Director review.
AUDIT_ONLY | PROPOSED | DIRECTOR_REVIEW_REQUIRED,US,ultrasound_general,US Testicular,US Testicular,EXACT,us_testicular,CURRENT,us_testicular,B_CANONICAL_PLUS_PARAMETERS,TESTICULAR,REQUIRED_IF_PAIRED_SITE,NOT_APPLICABLE,PROTOCOL_CLASS_IF_INDICATED,GENERAL_IMAGING,CURRENT,https://radiologiaeimagen.medicasur.com.mx/es/ms/Info_estudios_imagen,https://www.radiologyinfo.org/en/info/safety-,KEEP; ADD_PARAMETER,Exact active key; no catalog mutation. Display/name alias may be refined after Director review.
AUDIT_ONLY | PROPOSED | DIRECTOR_REVIEW_REQUIRED,US,ultrasound_general,US Tiroides,US Tiroides,EXACT,us_thyroid,CURRENT,us_thyroid,B_CANONICAL_PLUS_PARAMETERS,THYROID,NOT_APPLICABLE,NOT_APPLICABLE,PROTOCOL_CLASS_IF_INDICATED,GENERAL_IMAGING,CURRENT,https://radiologiaeimagen.medicasur.com.mx/es/ms/Info_estudios_imagen,https://www.radiologyinfo.org/en/info/safety-,KEEP; ADD_PARAMETER,Exact active key; no catalog mutation. Display/name alias may be refined after Director review.
AUDIT_ONLY | PROPOSED | DIRECTOR_REVIEW_REQUIRED,RX,radiography,Radiografía de cadera,Radiografía de cadera,NONE,,TRUE_MISSING_CANONICAL,rx_hip,B_CANONICAL_PLUS_PARAMETERS,HIP,REQUIRED_IF_PAIRED_SITE,NOT_APPLICABLE,OPTIONAL_VIEW_SET,GENERAL_IMAGING,P1,https://www.chopo.com.mx/puebla/rx-de-articulacion-coxofemoral-bilateral,https://www.radiologyinfo.org/en/info/safety-,PROPOSE_IMG_CAT02_AFTER_PARAMETERS,Dedicated region/technique with named Mexico offering; no automatic equivalence to a wider existing order.
AUDIT_ONLY | PROPOSED | DIRECTOR_REVIEW_REQUIRED,CT,tomography,TAC de senos paranasales,TAC de senos paranasales,NONE,,TRUE_MISSING_CANONICAL,ct_sinuses,B_CANONICAL_PLUS_PARAMETERS,SINUSES,NOT_APPLICABLE,OPTIONAL_MODALITY_SPECIFIC,PROTOCOL_CLASS_IF_INDICATED,GENERAL_IMAGING,P1,https://www.chopo.com.mx/estudios/tomografia/tomografia-computada-de-senos-paranasales,https://www.radiologyinfo.org/en/info/safety-,PROPOSE_IMG_CAT02_AFTER_PARAMETERS,Dedicated region/technique with named Mexico offering; no automatic equivalence to a wider existing order.
AUDIT_ONLY | PROPOSED | DIRECTOR_REVIEW_REQUIRED,MRI,magnetic_resonance,Resonancia magnética de columna lumbar,Resonancia magnética de columna lumbar,NONE,,TRUE_MISSING_CANONICAL,mr_lumbar_spine,B_CANONICAL_PLUS_PARAMETERS,LUMBAR_SPINE,NOT_APPLICABLE,OPTIONAL_MODALITY_SPECIFIC,PROTOCOL_CLASS_IF_INDICATED,GENERAL_IMAGING,P1,https://www.chopo.com.mx/resonancia-magnetica-de-columna-lumbar,https://www.radiologyinfo.org/en/info/safety-,PROPOSE_IMG_CAT02_AFTER_PARAMETERS,Dedicated region/technique with named Mexico offering; no automatic equivalence to a wider existing order.
AUDIT_ONLY | PROPOSED | DIRECTOR_REVIEW_REQUIRED,RX,radiography,Radiografía de pie,Radiografía de pie,NONE,,TRUE_MISSING_CANONICAL,rx_foot,B_CANONICAL_PLUS_PARAMETERS,FOOT,REQUIRED_IF_PAIRED_SITE,NOT_APPLICABLE,OPTIONAL_VIEW_SET,GENERAL_IMAGING,P1,https://www.chopo.com.mx/default/estudios/radiologia,https://www.radiologyinfo.org/en/info/safety-,PROPOSE_IMG_CAT02_AFTER_PARAMETERS,Dedicated region/technique with named Mexico offering; no automatic equivalence to a wider existing order.
AUDIT_ONLY | PROPOSED | DIRECTOR_REVIEW_REQUIRED,RX,radiography,Radiografía de muñeca,Radiografía de muñeca,NONE,,TRUE_MISSING_CANONICAL,rx_wrist,B_CANONICAL_PLUS_PARAMETERS,WRIST,REQUIRED_IF_PAIRED_SITE,NOT_APPLICABLE,OPTIONAL_VIEW_SET,GENERAL_IMAGING,P1,https://www.chopo.com.mx/default/estudios/radiologia,https://www.radiologyinfo.org/en/info/safety-,PROPOSE_IMG_CAT02_AFTER_PARAMETERS,Dedicated region/technique with named Mexico offering; no automatic equivalence to a wider existing order.
AUDIT_ONLY | PROPOSED | DIRECTOR_REVIEW_REQUIRED,RX,radiography,Radiografía de codo,Radiografía de codo,NONE,,TRUE_MISSING_CANONICAL,rx_elbow,B_CANONICAL_PLUS_PARAMETERS,ELBOW,REQUIRED_IF_PAIRED_SITE,NOT_APPLICABLE,OPTIONAL_VIEW_SET,GENERAL_IMAGING,P1,https://www.chopo.com.mx/default/estudios/radiologia,https://www.radiologyinfo.org/en/info/safety-,PROPOSE_IMG_CAT02_AFTER_PARAMETERS,Dedicated region/technique with named Mexico offering; no automatic equivalence to a wider existing order.
AUDIT_ONLY | PROPOSED | DIRECTOR_REVIEW_REQUIRED,MRI,magnetic_resonance,Resonancia magnética de columna cervical,Resonancia magnética de columna cervical,NONE,,TRUE_MISSING_CANONICAL,mr_cervical_spine,B_CANONICAL_PLUS_PARAMETERS,CERVICAL_SPINE,NOT_APPLICABLE,OPTIONAL_MODALITY_SPECIFIC,PROTOCOL_CLASS_IF_INDICATED,GENERAL_IMAGING,P1,https://www.chopo.com.mx/morelia/estudios/resonancia-magnetica,https://www.radiologyinfo.org/en/info/safety-,PROPOSE_IMG_CAT02_AFTER_PARAMETERS,Dedicated region/technique with named Mexico offering; no automatic equivalence to a wider existing order.
AUDIT_ONLY | PROPOSED | DIRECTOR_REVIEW_REQUIRED,CT,tomography,TAC de cuello,TAC de cuello,NONE,,TRUE_MISSING_CANONICAL,ct_neck,B_CANONICAL_PLUS_PARAMETERS,NECK,NOT_APPLICABLE,OPTIONAL_MODALITY_SPECIFIC,PROTOCOL_CLASS_IF_INDICATED,GENERAL_IMAGING,P2,https://www.chopo.com.mx/default/estudios/tomografia,https://www.radiologyinfo.org/en/info/safety-,PROPOSE_IMG_CAT02_AFTER_PARAMETERS,Dedicated region/technique with named Mexico offering; no automatic equivalence to a wider existing order.
AUDIT_ONLY | PROPOSED | DIRECTOR_REVIEW_REQUIRED,CTA,ct_angiography,Angio-TC de cabeza y cuello,Angio-TC de cabeza y cuello,NONE,,TRUE_MISSING_CANONICAL,cta_head_neck,B_CANONICAL_PLUS_PARAMETERS,HEAD_NECK_VASCULAR,NOT_APPLICABLE,REQUIRED_IV_UNLESS_SPECIALIST_EXCEPTION,REQUIRED_VASCULAR_TERRITORY,GENERAL_IMAGING,P2,https://www.chopo.com.mx/toluca/angiotomografia-del-cuello-carotidas,https://www.radiologyinfo.org/en/info/angiomr,PROPOSE_IMG_CAT02_AFTER_PARAMETERS,"One vascular family identity, but territory HEAD/NECK/HEAD_AND_NECK is required; no implicit combined coverage."
AUDIT_ONLY | PROPOSED | DIRECTOR_REVIEW_REQUIRED,MRA,mr_angiography,Angio-RM cerebral,Angio-RM cerebral,NONE,,TRUE_MISSING_CANONICAL,mra_brain,B_CANONICAL_PLUS_PARAMETERS,CEREBRAL_VASCULAR,NOT_APPLICABLE,EXPLICIT_NONE_OR_IV,REQUIRED_VASCULAR_TERRITORY,GENERAL_IMAGING,P2,https://www.chopo.com.mx/tijuana_ensenada/angioresonancia-de-craneo-con-contraste,https://www.radiologyinfo.org/en/info/angiomr,PROPOSE_IMG_CAT02_AFTER_PARAMETERS,Dedicated region/technique with named Mexico offering; no automatic equivalence to a wider existing order.
AUDIT_ONLY | PROPOSED | DIRECTOR_REVIEW_REQUIRED,MRI,magnetic_resonance,Resonancia magnética de pelvis,Resonancia magnética de pelvis,NONE,,TRUE_MISSING_CANONICAL,mr_pelvis,B_CANONICAL_PLUS_PARAMETERS,PELVIS,NOT_APPLICABLE,OPTIONAL_MODALITY_SPECIFIC,PROTOCOL_CLASS_IF_INDICATED,GENERAL_IMAGING,P2,https://www.chopo.com.mx/metro/resonancia-magnetica-de-pelvis,https://www.radiologyinfo.org/en/info/safety-,PROPOSE_IMG_CAT02_AFTER_PARAMETERS,Dedicated region/technique with named Mexico offering; no automatic equivalence to a wider existing order.
AUDIT_ONLY | PROPOSED | DIRECTOR_REVIEW_REQUIRED,MAMMOGRAPHY,breast_imaging,Tomosíntesis mamaria,Tomosíntesis mamaria,NONE,,TRUE_MISSING_CANONICAL,breast_tomosynthesis,B_CANONICAL_PLUS_PARAMETERS,BREAST,REQUIRED_UNILATERAL_OR_BILATERAL,NOT_APPLICABLE,REQUIRED_PURPOSE_AND_MAMMOGRAPHY_RELATION,GENERAL_IMAGING,P2,https://laboratorio.medicasur.com.mx/es/ms/ms_sal_em_radima_mastografia_digital,https://www.radiologyinfo.org/en/info/screening-breast,PROPOSE_IMG_CAT02_AFTER_PARAMETERS,Separate capability from 2D mammography; co-performance and billing need provider policy.
AUDIT_ONLY | PROPOSED | DIRECTOR_REVIEW_REQUIRED,RX,radiography,Radiografía de columna torácica,Radiografía de columna torácica,NONE,,TRUE_MISSING_CANONICAL,rx_tspine,B_CANONICAL_PLUS_PARAMETERS,THORACIC_SPINE,NOT_APPLICABLE,NOT_APPLICABLE,OPTIONAL_VIEW_SET,GENERAL_IMAGING,P2,https://www.chopo.com.mx/default/estudios/radiologia,https://www.radiologyinfo.org/en/info/safety-,PROPOSE_IMG_CAT02_AFTER_PARAMETERS,Dedicated region/technique with named Mexico offering; no automatic equivalence to a wider existing order.
AUDIT_ONLY | PROPOSED | DIRECTOR_REVIEW_REQUIRED,NUCLEAR,nuclear,Gammagrama renal,Gammagrama renal,NONE,,TRUE_MISSING_CANONICAL,nm_renal_scan,B_CANONICAL_PLUS_PARAMETERS,RENAL,NOT_APPLICABLE,NOT_APPLICABLE,DYNAMIC_OR_STATIC_PROTOCOL,GENERAL_IMAGING,P2,https://medicasur.com.mx/es/ms/Medicina_Nuclear_diagnostica,https://www.radiologyinfo.org/en/info/safety-,PROPOSE_IMG_CAT02_AFTER_PARAMETERS,Dedicated region/technique with named Mexico offering; no automatic equivalence to a wider existing order.
AUDIT_ONLY | PROPOSED | DIRECTOR_REVIEW_REQUIRED,NUCLEAR,nuclear,Perfusión miocárdica nuclear,Perfusión miocárdica nuclear,NONE,,TRUE_MISSING_CANONICAL,nm_myocardial_perfusion,B_CANONICAL_PLUS_PARAMETERS,MYOCARDIUM,NOT_APPLICABLE,NOT_APPLICABLE,STRESS_REST_PROTOCOL,GENERAL_IMAGING,P2,https://medicasur.com.mx/es/ms/Medicina_Nuclear_diagnostica,https://www.radiologyinfo.org/en/info/safety-,PROPOSE_IMG_CAT02_AFTER_PARAMETERS,Dedicated region/technique with named Mexico offering; no automatic equivalence to a wider existing order.
AUDIT_ONLY | PROPOSED | DIRECTOR_REVIEW_REQUIRED,US_DOPPLER,cardiac_ultrasound,Ecocardiograma transtorácico,Ecocardiograma transtorácico,EXACT_CROSS_ROUTE,echo_tte,CURRENT_CROSS_ROUTE,echo_tte,B_CANONICAL_PLUS_PARAMETERS,CARDIAC_OR_VASCULAR,NOT_APPLICABLE,NOT_APPLICABLE,FLOW_OR_ECHO_PROTOCOL,CARDIOVASCULAR_DIAGNOSTICS,CURRENT,https://radiologiaeimagen.medicasur.com.mx/es/ms/Info_estudios_imagen,,KEEP; NO_ROUTING_FIX,CARDIOVASCULAR catalog identity; visible through Imagenología cross-route; outside 34 IMAGEN keys.
AUDIT_ONLY | PROPOSED | DIRECTOR_REVIEW_REQUIRED,US_DOPPLER,cardiac_ultrasound,Ecocardiograma transesofágico,Ecocardiograma transesofágico,EXACT_CROSS_ROUTE,echo_tes,CURRENT_CROSS_ROUTE,echo_tes,B_CANONICAL_PLUS_PARAMETERS,CARDIAC_OR_VASCULAR,NOT_APPLICABLE,NOT_APPLICABLE,FLOW_OR_ECHO_PROTOCOL,CARDIOVASCULAR_DIAGNOSTICS,CURRENT,https://radiologiaeimagen.medicasur.com.mx/es/ms/Info_estudios_imagen,,KEEP; NO_ROUTING_FIX,CARDIOVASCULAR catalog identity; visible through Imagenología cross-route; outside 34 IMAGEN keys.
AUDIT_ONLY | PROPOSED | DIRECTOR_REVIEW_REQUIRED,US_DOPPLER,cardiac_ultrasound,Ecocardiograma de estrés,Ecocardiograma de estrés,EXACT_CROSS_ROUTE,stress_echo,CURRENT_CROSS_ROUTE,stress_echo,B_CANONICAL_PLUS_PARAMETERS,CARDIAC_OR_VASCULAR,NOT_APPLICABLE,NOT_APPLICABLE,FLOW_OR_ECHO_PROTOCOL,CARDIOVASCULAR_DIAGNOSTICS,CURRENT,https://radiologiaeimagen.medicasur.com.mx/es/ms/Info_estudios_imagen,,KEEP; NO_ROUTING_FIX,CARDIOVASCULAR catalog identity; visible through Imagenología cross-route; outside 34 IMAGEN keys.
AUDIT_ONLY | PROPOSED | DIRECTOR_REVIEW_REQUIRED,US_DOPPLER,vascular_doppler,Doppler carotídeo,Doppler carotídeo,EXACT_CROSS_ROUTE,carotid_doppler,CURRENT_CROSS_ROUTE,carotid_doppler,B_CANONICAL_PLUS_PARAMETERS,CARDIAC_OR_VASCULAR,NOT_APPLICABLE,NOT_APPLICABLE,FLOW_OR_ECHO_PROTOCOL,CARDIOVASCULAR_DIAGNOSTICS,CURRENT,https://radiologiaeimagen.medicasur.com.mx/es/ms/Info_estudios_imagen,,KEEP; NO_ROUTING_FIX,CARDIOVASCULAR catalog identity; visible through Imagenología cross-route; outside 34 IMAGEN keys.
AUDIT_ONLY | PROPOSED | DIRECTOR_REVIEW_REQUIRED,US_DOPPLER,vascular_doppler,Doppler arterial de miembros inferiores,Doppler arterial de miembros inferiores,EXACT_CROSS_ROUTE,lower_ext_art_doppler,CURRENT_CROSS_ROUTE,lower_ext_art_doppler,B_CANONICAL_PLUS_PARAMETERS,CARDIAC_OR_VASCULAR,REQUIRED_IF_LIMB,NOT_APPLICABLE,FLOW_OR_ECHO_PROTOCOL,CARDIOVASCULAR_DIAGNOSTICS,CURRENT,https://radiologiaeimagen.medicasur.com.mx/es/ms/Info_estudios_imagen,,KEEP; NO_ROUTING_FIX,CARDIOVASCULAR catalog identity; visible through Imagenología cross-route; outside 34 IMAGEN keys.
AUDIT_ONLY | PROPOSED | DIRECTOR_REVIEW_REQUIRED,US_DOPPLER,vascular_doppler,Doppler venoso de miembros inferiores,Doppler venoso de miembros inferiores,EXACT_CROSS_ROUTE,lower_ext_venous_doppler,CURRENT_CROSS_ROUTE,lower_ext_venous_doppler,B_CANONICAL_PLUS_PARAMETERS,CARDIAC_OR_VASCULAR,REQUIRED_IF_LIMB,NOT_APPLICABLE,FLOW_OR_ECHO_PROTOCOL,CARDIOVASCULAR_DIAGNOSTICS,CURRENT,https://radiologiaeimagen.medicasur.com.mx/es/ms/Info_estudios_imagen,,KEEP; NO_ROUTING_FIX,CARDIOVASCULAR catalog identity; visible through Imagenología cross-route; outside 34 IMAGEN keys.
AUDIT_ONLY | PROPOSED | DIRECTOR_REVIEW_REQUIRED,US,ultrasound_obgyn,Ultrasonido transvaginal,Ultrasonido transvaginal,EXACT_OR_REUSABLE,us_pelvic,PARAMETER_ONLY,,APPROACH_TRANSVAGINAL,PELVIS,CONDITIONAL,CONDITIONAL,CONDITIONAL,GENERAL_IMAGING,P1,https://radiologiaeimagen.medicasur.com.mx/es/ms/Info_estudios_imagen,https://www.radiologyinfo.org/en/info/safety-,NO_NEW_IDENTITY_IN_IMG_CAT02,No mutation; parameter/preset only where existing identity accurately covers scope. Deferred items require named service and distinct-intent proof.
AUDIT_ONLY | PROPOSED | DIRECTOR_REVIEW_REQUIRED,US,ultrasound_obgyn,Ultrasonido obstétrico morfológico,Ultrasonido obstétrico morfológico,EXACT_OR_REUSABLE,us_obstetric_study,PARAMETER_ONLY,,PURPOSE_MORPHOLOGY_AND_GESTATIONAL_AGE,PREGNANCY,CONDITIONAL,CONDITIONAL,CONDITIONAL,GENERAL_IMAGING,P2,https://radiologiaeimagen.medicasur.com.mx/es/ms/Info_estudios_imagen,https://www.radiologyinfo.org/en/info/safety-,NO_NEW_IDENTITY_IN_IMG_CAT02,No mutation; parameter/preset only where existing identity accurately covers scope. Deferred items require named service and distinct-intent proof.
AUDIT_ONLY | PROPOSED | DIRECTOR_REVIEW_REQUIRED,CT,tomography,TAC simple o contrastada,TAC simple o contrastada,EXACT_OR_REUSABLE,ct_head,PARAMETER_ONLY,,CONTRAST_INTENT,HEAD_OR_OTHER_EXISTING_REGION,CONDITIONAL,CONDITIONAL,CONDITIONAL,GENERAL_IMAGING,P1,https://www.chopo.com.mx/default/estudios/tomografia,https://www.radiologyinfo.org/en/info/safety-,NO_NEW_IDENTITY_IN_IMG_CAT02,No mutation; parameter/preset only where existing identity accurately covers scope. Deferred items require named service and distinct-intent proof.
AUDIT_ONLY | PROPOSED | DIRECTOR_REVIEW_REQUIRED,MRI,magnetic_resonance,RM simple o contrastada,RM simple o contrastada,EXACT_OR_REUSABLE,mr_brain,PARAMETER_ONLY,,CONTRAST_INTENT,BRAIN_OR_OTHER_EXISTING_REGION,CONDITIONAL,CONDITIONAL,CONDITIONAL,GENERAL_IMAGING,P1,https://www.chopo.com.mx/morelia/estudios/resonancia-magnetica,https://www.radiologyinfo.org/en/info/safety-,NO_NEW_IDENTITY_IN_IMG_CAT02,No mutation; parameter/preset only where existing identity accurately covers scope. Deferred items require named service and distinct-intent proof.
AUDIT_ONLY | PROPOSED | DIRECTOR_REVIEW_REQUIRED,RX,radiography,Proyecciones AP/PA/lateral/oblicua/en carga,Proyecciones AP/PA/lateral/oblicua/en carga,EXACT_OR_REUSABLE,rx_chest,PARAMETER_ONLY,,VIEW_SET_OR_PRESET,REGION_FROM_IDENTITY,CONDITIONAL,CONDITIONAL,CONDITIONAL,GENERAL_IMAGING,P1,https://www.chopo.com.mx/default/estudios/radiologia,https://www.radiologyinfo.org/en/info/safety-,NO_NEW_IDENTITY_IN_IMG_CAT02,No mutation; parameter/preset only where existing identity accurately covers scope. Deferred items require named service and distinct-intent proof.
AUDIT_ONLY | PROPOSED | DIRECTOR_REVIEW_REQUIRED,MAMMOGRAPHY,breast_imaging,Mastografía de tamizaje vs diagnóstica,Mastografía de tamizaje vs diagnóstica,EXACT_OR_REUSABLE,mammo,PARAMETER_ONLY,,REQUIRED_PURPOSE,BREAST,CONDITIONAL,CONDITIONAL,CONDITIONAL,GENERAL_IMAGING,P1,https://laboratorio.medicasur.com.mx/es/ms/ms_sal_em_radima_mastografia_digital,https://www.radiologyinfo.org/en/info/screening-breast,NO_NEW_IDENTITY_IN_IMG_CAT02,No mutation; parameter/preset only where existing identity accurately covers scope. Deferred items require named service and distinct-intent proof.
AUDIT_ONLY | PROPOSED | DIRECTOR_REVIEW_REQUIRED,DXA,densitometry,Densitometría lumbar/cadera/cuerpo completo,Densitometría lumbar/cadera/cuerpo completo,EXACT_OR_REUSABLE,dexa,PARAMETER_ONLY,,REQUIRED_SITE_SET,SKELETON,CONDITIONAL,CONDITIONAL,CONDITIONAL,GENERAL_IMAGING,P2,https://radiologiaeimagen.medicasur.com.mx/es/ms/Info_estudios_imagen,https://www.radiologyinfo.org/en/info/safety-,NO_NEW_IDENTITY_IN_IMG_CAT02,No mutation; parameter/preset only where existing identity accurately covers scope. Deferred items require named service and distinct-intent proof.
AUDIT_ONLY | PROPOSED | DIRECTOR_REVIEW_REQUIRED,PET_CT,nuclear,PET/CT con trazador especializado,PET/CT con trazador especializado,EXACT_OR_REUSABLE,pet_ct,PROVIDER_CONFIGURATION,,CONTROLLED_TRACER,WHOLE_BODY_OR_TARGET,CONDITIONAL,CONDITIONAL,CONDITIONAL,GENERAL_IMAGING,P3,https://medicasur.com.mx/es/ms/Medicina_Nuclear_diagnostica,https://www.radiologyinfo.org/en/info/safety-,NO_NEW_IDENTITY_IN_IMG_CAT02,No mutation; parameter/preset only where existing identity accurately covers scope. Deferred items require named service and distinct-intent proof.
AUDIT_ONLY | PROPOSED | DIRECTOR_REVIEW_REQUIRED,CT,tomography,TC de cráneo; tomografía de cráneo,TC de cráneo; tomografía de cráneo,EXACT_OR_REUSABLE,ct_head,ALIAS_ONLY,,SEARCH_ALIAS,HEAD,CONDITIONAL,CONDITIONAL,CONDITIONAL,GENERAL_IMAGING,P1,https://www.chopo.com.mx/default/estudios/tomografia,https://www.radiologyinfo.org/en/info/safety-,NO_NEW_IDENTITY_IN_IMG_CAT02,No mutation; parameter/preset only where existing identity accurately covers scope. Deferred items require named service and distinct-intent proof.
AUDIT_ONLY | PROPOSED | DIRECTOR_REVIEW_REQUIRED,MAMMOGRAPHY,breast_imaging,BI-RADS,BI-RADS,EXACT_OR_REUSABLE,mammo,RESULT_COMPONENT_NOT_ORDERABLE,,RESULT_CLASSIFICATION,BREAST,CONDITIONAL,CONDITIONAL,CONDITIONAL,GENERAL_IMAGING,P1,https://laboratorio.medicasur.com.mx/es/ms/ms_sal_em_radima_mastografia_digital,https://www.radiologyinfo.org/en/info/screening-breast,NO_NEW_IDENTITY_IN_IMG_CAT02,No mutation; parameter/preset only where existing identity accurately covers scope. Deferred items require named service and distinct-intent proof.
AUDIT_ONLY | PROPOSED | DIRECTOR_REVIEW_REQUIRED,CT,tomography,TC de abdomen aislado,TC de abdomen aislado,NONE,,DEFER_P3,,DISTINCT_REGION_CANDIDATE,ABDOMEN,CONDITIONAL,CONDITIONAL,CONDITIONAL,GENERAL_IMAGING,P3,https://www.chopo.com.mx/default/estudios/tomografia,https://www.radiologyinfo.org/en/info/safety-,DEFER_FOR_FURTHER_SERVICE_PROOF,No mutation; parameter/preset only where existing identity accurately covers scope. Deferred items require named service and distinct-intent proof.
AUDIT_ONLY | PROPOSED | DIRECTOR_REVIEW_REQUIRED,CT,tomography,TC de pelvis aislada,TC de pelvis aislada,NONE,,DEFER_P3,,DISTINCT_REGION_CANDIDATE,PELVIS,CONDITIONAL,CONDITIONAL,CONDITIONAL,GENERAL_IMAGING,P3,https://www.chopo.com.mx/default/estudios/tomografia,https://www.radiologyinfo.org/en/info/safety-,DEFER_FOR_FURTHER_SERVICE_PROOF,No mutation; parameter/preset only where existing identity accurately covers scope. Deferred items require named service and distinct-intent proof.
AUDIT_ONLY | PROPOSED | DIRECTOR_REVIEW_REQUIRED,MRI,magnetic_resonance,RM de columna torácica,RM de columna torácica,NONE,,DEFER_P3,,DISTINCT_REGION_CANDIDATE,THORACIC_SPINE,CONDITIONAL,CONDITIONAL,CONDITIONAL,GENERAL_IMAGING,P3,https://www.chopo.com.mx/morelia/estudios/resonancia-magnetica,https://www.radiologyinfo.org/en/info/safety-,DEFER_FOR_FURTHER_SERVICE_PROOF,No mutation; parameter/preset only where existing identity accurately covers scope. Deferred items require named service and distinct-intent proof.
AUDIT_ONLY | PROPOSED | DIRECTOR_REVIEW_REQUIRED,MRI,magnetic_resonance,RM de hipófisis/silla turca,RM de hipófisis/silla turca,NONE,,DEFER_P3,,DISTINCT_PROTOCOL_CANDIDATE,SELLA,CONDITIONAL,CONDITIONAL,CONDITIONAL,GENERAL_IMAGING,P3,https://www.chopo.com.mx/morelia/estudios/resonancia-magnetica,https://www.radiologyinfo.org/en/info/safety-,DEFER_FOR_FURTHER_SERVICE_PROOF,No mutation; parameter/preset only where existing identity accurately covers scope. Deferred items require named service and distinct-intent proof.
AUDIT_ONLY | PROPOSED | DIRECTOR_REVIEW_REQUIRED,MRI,magnetic_resonance,RM de cadera o tobillo,RM de cadera o tobillo,NONE,,DEFER_P3,,DISTINCT_REGION_CANDIDATE,HIP_OR_ANKLE,CONDITIONAL,CONDITIONAL,CONDITIONAL,GENERAL_IMAGING,P3,https://www.chopo.com.mx/morelia/estudios/resonancia-magnetica,https://www.radiologyinfo.org/en/info/safety-,DEFER_FOR_FURTHER_SERVICE_PROOF,No mutation; parameter/preset only where existing identity accurately covers scope. Deferred items require named service and distinct-intent proof.
AUDIT_ONLY | PROPOSED | DIRECTOR_REVIEW_REQUIRED,MRI,breast_imaging,RM mamaria,RM mamaria,NONE,,DEFER_P3,,DISTINCT_TECHNIQUE_CANDIDATE,BREAST,CONDITIONAL,CONDITIONAL,CONDITIONAL,GENERAL_IMAGING,P3,https://radiologiaeimagen.medicasur.com.mx/es/ms/Info_estudios_imagen,https://www.radiologyinfo.org/en/info/safety-,DEFER_FOR_FURTHER_SERVICE_PROOF,No mutation; parameter/preset only where existing identity accurately covers scope. Deferred items require named service and distinct-intent proof.
AUDIT_ONLY | PROPOSED | DIRECTOR_REVIEW_REQUIRED,MRI,magnetic_resonance,Colangiorresonancia MRCP,Colangiorresonancia MRCP,NONE,,DEFER_P3,,DISTINCT_PROTOCOL_CANDIDATE,BILIARY_TREE,CONDITIONAL,CONDITIONAL,CONDITIONAL,GENERAL_IMAGING,P3,https://www.chopo.com.mx/morelia/estudios/resonancia-magnetica,https://www.radiologyinfo.org/en/info/safety-,DEFER_FOR_FURTHER_SERVICE_PROOF,No mutation; parameter/preset only where existing identity accurately covers scope. Deferred items require named service and distinct-intent proof.
AUDIT_ONLY | PROPOSED | DIRECTOR_REVIEW_REQUIRED,RX,radiography,RX de cráneo o senos paranasales,RX de cráneo o senos paranasales,NONE,,DEFER_P3,,REGIONAL_IDENTITY_CANDIDATE,SKULL_OR_SINUSES,CONDITIONAL,CONDITIONAL,CONDITIONAL,GENERAL_IMAGING,P3,https://www.chopo.com.mx/default/estudios/radiologia,https://www.radiologyinfo.org/en/info/safety-,DEFER_FOR_FURTHER_SERVICE_PROOF,No mutation; parameter/preset only where existing identity accurately covers scope. Deferred items require named service and distinct-intent proof.
AUDIT_ONLY | PROPOSED | DIRECTOR_REVIEW_REQUIRED,RX,radiography,RX de hueso largo,RX de hueso largo,NONE,,DEFER_P3,,REGIONAL_IDENTITY_CANDIDATE,LONG_BONE,CONDITIONAL,CONDITIONAL,CONDITIONAL,GENERAL_IMAGING,P3,https://www.chopo.com.mx/default/estudios/radiologia,https://www.radiologyinfo.org/en/info/safety-,DEFER_FOR_FURTHER_SERVICE_PROOF,No mutation; parameter/preset only where existing identity accurately covers scope. Deferred items require named service and distinct-intent proof.
AUDIT_ONLY | PROPOSED | DIRECTOR_REVIEW_REQUIRED,US,ultrasound_general,Ultrasonido prostático,Ultrasonido prostático,NONE,,DEFER_P3,,APPROACH_AND_REGION_CANDIDATE,PROSTATE,CONDITIONAL,CONDITIONAL,CONDITIONAL,GENERAL_IMAGING,P3,https://radiologiaeimagen.medicasur.com.mx/es/ms/Info_estudios_imagen,https://www.radiologyinfo.org/en/info/safety-,DEFER_FOR_FURTHER_SERVICE_PROOF,No mutation; parameter/preset only where existing identity accurately covers scope. Deferred items require named service and distinct-intent proof.
AUDIT_ONLY | PROPOSED | DIRECTOR_REVIEW_REQUIRED,US,ultrasound_general,Ultrasonido musculoesquelético,Ultrasonido musculoesquelético,NONE,,DEFER_P3,,REGIONAL_IDENTITY_CANDIDATE,MSK_SITE,CONDITIONAL,CONDITIONAL,CONDITIONAL,GENERAL_IMAGING,P3,https://radiologiaeimagen.medicasur.com.mx/es/ms/Info_estudios_imagen,https://www.radiologyinfo.org/en/info/safety-,DEFER_FOR_FURTHER_SERVICE_PROOF,No mutation; parameter/preset only where existing identity accurately covers scope. Deferred items require named service and distinct-intent proof.
AUDIT_ONLY | PROPOSED | DIRECTOR_REVIEW_REQUIRED,US_DOPPLER,vascular_doppler,Doppler arterial/venoso de miembros superiores,Doppler arterial/venoso de miembros superiores,NONE,,DEFER_P3,,VASCULAR_TERRITORY_CANDIDATE,UPPER_EXTREMITY,CONDITIONAL,CONDITIONAL,CONDITIONAL,CARDIOVASCULAR_DIAGNOSTICS,P3,https://radiologiaeimagen.medicasur.com.mx/es/ms/Info_estudios_imagen,https://www.radiologyinfo.org/en/info/safety-,DEFER_FOR_FURTHER_SERVICE_PROOF,No mutation; parameter/preset only where existing identity accurately covers scope. Deferred items require named service and distinct-intent proof.
AUDIT_ONLY | PROPOSED | DIRECTOR_REVIEW_REQUIRED,US_DOPPLER,vascular_doppler,Doppler renal/portal/obstétrico,Doppler renal/portal/obstétrico,NONE,,DEFER_P3,,VASCULAR_TERRITORY_CANDIDATE,RENAL_PORTAL_OBSTETRIC,CONDITIONAL,CONDITIONAL,CONDITIONAL,CARDIOVASCULAR_DIAGNOSTICS,P3,https://radiologiaeimagen.medicasur.com.mx/es/ms/Info_estudios_imagen,https://www.radiologyinfo.org/en/info/safety-,DEFER_FOR_FURTHER_SERVICE_PROOF,No mutation; parameter/preset only where existing identity accurately covers scope. Deferred items require named service and distinct-intent proof.
AUDIT_ONLY | PROPOSED | DIRECTOR_REVIEW_REQUIRED,NUCLEAR,nuclear,Gammagrama hepatobiliar,Gammagrama hepatobiliar,NONE,,DEFER_P3,,NUCLEAR_PROTOCOL_CANDIDATE,HEPATOBILIARY,CONDITIONAL,CONDITIONAL,CONDITIONAL,GENERAL_IMAGING,P3,https://medicasur.com.mx/es/ms/Medicina_Nuclear_diagnostica,https://www.radiologyinfo.org/en/info/safety-,DEFER_FOR_FURTHER_SERVICE_PROOF,No mutation; parameter/preset only where existing identity accurately covers scope. Deferred items require named service and distinct-intent proof.
AUDIT_ONLY | PROPOSED | DIRECTOR_REVIEW_REQUIRED,FLUOROSCOPY,fluoroscopy,Esofagograma; cistografía; artrografía,Esofagograma; cistografía; artrografía,NONE,,DEFER_P3,,DISTINCT_EXAM_CANDIDATE,EXAM_SPECIFIC,CONDITIONAL,CONDITIONAL,CONDITIONAL,GENERAL_IMAGING,P3,https://radiologiaeimagen.medicasur.com.mx/es/ms/Info_estudios_imagen,https://www.radiologyinfo.org/en/info/safety-,DEFER_FOR_FURTHER_SERVICE_PROOF,No mutation; parameter/preset only where existing identity accurately covers scope. Deferred items require named service and distinct-intent proof.
AUDIT_ONLY | PROPOSED | DIRECTOR_REVIEW_REQUIRED,INTERVENTIONAL,procedure,Biopsia o drenaje guiado por imagen,Biopsia o drenaje guiado por imagen,NONE,,PROCEDURE_NOT_STUDY,,SEPARATE_PROCEDURE_AUTHORITY,SITE_SPECIFIC,CONDITIONAL,CONDITIONAL,CONDITIONAL,SEPARATE_PROCEDURE_AUTHORITY,P3,https://radiologiaeimagen.medicasur.com.mx/es/ms/Info_estudios_imagen,https://www.radiologyinfo.org/en/info/safety-,DEFER_FOR_FURTHER_SERVICE_PROOF,No mutation; parameter/preset only where existing identity accurately covers scope. Deferred items require named service and distinct-intent proof.
AUDIT_ONLY | PROPOSED | DIRECTOR_REVIEW_REQUIRED,INTERVENTIONAL,procedure,Angiografía con catéter,Angiografía con catéter,NONE,,PROCEDURE_NOT_STUDY,,SEPARATE_PROCEDURE_AUTHORITY,VASCULAR,CONDITIONAL,CONDITIONAL,CONDITIONAL,SEPARATE_PROCEDURE_AUTHORITY,P3,https://radiologiaeimagen.medicasur.com.mx/es/ms/Info_estudios_imagen,https://www.radiologyinfo.org/en/info/safety-,DEFER_FOR_FURTHER_SERVICE_PROOF,No mutation; parameter/preset only where existing identity accurately covers scope. Deferred items require named service and distinct-intent proof.
