concept,spanish_common_name,abbreviation,current_canonical_match,canonical_key,current_display_name,current_leaf,searchable,alias_status,navigation_status,gap_classification,proposed_action,proposed_key_if_missing,priority,source,mexico_source_support,duplicate_risk,director_notes,featured_membership,accordion_membership,search_queries_tested
amh,Hormona antimülleriana,AMH,NO,,,,NO,See notes,See notes,ADVANCED_DEFER,Defer or keep separate; see Director notes,,P3_ADVANCED,C1; N1; M3,M3,MEDIUM,"Orderable specialty test, but not selected for minimum set pending source/priority confirmation.",false,,key/name/abbreviation/known synonyms checked
bnp,Péptido natriurético tipo B,BNP,NO,,,,NO,See notes,See notes,ADVANCED_DEFER,Defer or keep separate; see Director notes,,P3_ADVANCED,C1; N1; M3,M3,MEDIUM,Do not alias to proposed NT-proBNP; separate analytes.,false,,key/name/abbreviation/known synonyms checked
lupus_anticoagulant,Anticoagulante lúpico,LA,NO,,,,NO,See notes,See notes,ADVANCED_DEFER,Defer or keep separate; see Director notes,,P3_ADVANCED,C1; N1; M3,M3,MEDIUM,"Algorithm/panel with screen, mixing and confirm; defer pending test-contract design.",false,,key/name/abbreviation/known synonyms checked
syphilis_rpr,Reagina plasmática rápida,RPR,NO,,,,NO,See notes,See notes,ADVANCED_DEFER,Defer or keep separate; see Director notes,,P3_ADVANCED,C1; N1; M3,M3,MEDIUM,Distinct from VDRL; defer algorithm pairing and result interpretation.,false,,key/name/abbreviation/known synonyms checked
bilirubin_indirect_result,Bilirrubina indirecta como cálculo,BI,YES,bilirubin_indirect,Bilirrubina indirecta,chemistry,YES,See notes,See notes,CALCULATED_DERIVED,Defer or keep separate; see Director notes,,,C1; N1,C1,MEDIUM,Existing bilirubin_indirect canonical identity; avoid duplicate measured key.,false,,key/name/abbreviation/known synonyms checked
non_hdl_result,Colesterol no HDL como cálculo,no-HDL,YES,non_hdl,Colesterol no-HDL,chemistry,YES,See notes,See notes,CALCULATED_DERIVED,Defer or keep separate; see Director notes,,,C1; N1,C1,MEDIUM,Existing non_hdl canonical order identity; result may be calculated; do not add duplicate.,false,,key/name/abbreviation/known synonyms checked
psa_free_total_ratio,Relación PSA libre/total,% PSA libre,NO,,,,NO,See notes,See notes,CALCULATED_DERIVED,Defer or keep separate; see Director notes,,,C1; N1; R2,R2,MEDIUM,"Calculate from measured total and free, subject to validated reporting policy; never independent orderable.",false,,key/name/abbreviation/known synonyms checked
transferrin_saturation_result,Saturación de transferrina como cálculo,TSAT,YES,transferrin_sat,% Saturación transferrina,hematology,YES,See notes,See notes,CALCULATED_DERIVED,Defer or keep separate; see Director notes,,,C1; N1,C1,MEDIUM,"Existing transferrin_sat canonical identity; result often calculation, no new key.",false,,key/name/abbreviation/known synonyms checked
crp_pcr,PCR (ambiguous abbreviation),PCR,NO,,,,NO,See notes,See notes,DUPLICATE_RISK,Defer or keep separate; see Director notes,,,C1; N1; C1; R1,C1; R1,HIGH,"PCR can mean proteína C reactiva, reacción en cadena de polimerasa, or urine protein/creatinine ratio. Never generic alias.",false,,key/name/abbreviation/known synonyms checked
tibc_uibc,Capacidad insaturada de fijación de hierro,UIBC,NO,,,,NO,See notes,See notes,DUPLICATE_RISK,Defer or keep separate; see Director notes,,,C1; N1,C1,HIGH,TIBC exists; UIBC may be separately measured; require assay provenance before new key.,false,,key/name/abbreviation/known synonyms checked
albumin,Albúmina,ALBUMIN,YES,albumin,Albúmina,chemistry,YES,Sufficient,Visible leaf / group,EXACT_EXISTING,Keep canonical identity and current route,,,C1; N1; H1,Catalog authority; provider comparison not required for existing identity,LOW,,false,Función hepática y bilirrubinas,Albúmina; albumin
alp,Fosfatasa alcalina (ALP),ALP,YES,alp,Fosfatasa alcalina (ALP),chemistry,YES,Sufficient,Visible leaf / group,EXACT_EXISTING,Keep canonical identity and current route,,,C1; N1; H1,Catalog authority; provider comparison not required for existing identity,LOW,,false,Función hepática y bilirrubinas,Fosfatasa alcalina (ALP); alp; Fosfatasa alcalina
alt,ALT (TGP),ALT,YES,alt,ALT (TGP),chemistry,YES,Sufficient,Visible leaf / group,EXACT_EXISTING,Keep canonical identity and current route,,,C1; N1; H1,Catalog authority; provider comparison not required for existing identity,LOW,,false,Función hepática y bilirrubinas,ALT (TGP); alt; Alanino aminotransferasa
amylase,Amilasa,AMYLASE,YES,amylase,Amilasa,chemistry,YES,Sufficient,Visible leaf / group,EXACT_EXISTING,Keep canonical identity and current route,,,C1; N1; H1,Catalog authority; provider comparison not required for existing identity,LOW,,false,Enzimas pancreáticas y musculares,Amilasa; amylase
ana,ANA,ANA,YES,ana,ANA,autoimmunity,YES,Sufficient,Visible leaf / direct list,EXACT_EXISTING,Keep canonical identity and current route,,,C1; N1; H1,Catalog authority; provider comparison not required for existing identity,LOW,,false,,ANA; ana
anca,ANCA,ANCA,YES,anca,ANCA,autoimmunity,YES,Sufficient,Visible leaf / direct list,EXACT_EXISTING,Keep canonical identity and current route,,,C1; N1; H1,Catalog authority; provider comparison not required for existing identity,LOW,,false,,ANCA; anca
anti_hbc,Anti-HBc,ANTI_HBC,YES,anti_hbc,Anti-HBc,hepatitis_serology,YES,Sufficient,Visible leaf / direct list,EXACT_EXISTING,Keep canonical identity and current route,,,C1; N1; H1,Catalog authority; provider comparison not required for existing identity,LOW,,false,,Anti-HBc; anti_hbc
anti_hbs,Anti-HBs,ANTI_HBS,YES,anti_hbs,Anti-HBs,hepatitis_serology,YES,Sufficient,Visible leaf / direct list,EXACT_EXISTING,Keep canonical identity and current route,,,C1; N1; H1,Catalog authority; provider comparison not required for existing identity,LOW,,false,,Anti-HBs; anti_hbs; Acs. anti-antígeno de superficie
anti_tg,Anti-tiroglobulina,ANTI_TG,YES,anti_tg,Anti-tiroglobulina,endocrine,YES,Sufficient,Visible leaf / group,EXACT_EXISTING,Keep canonical identity and current route,,,C1; N1; H1,Catalog authority; provider comparison not required for existing identity,LOW,,false,Tiroides,Anti-tiroglobulina; anti_tg; Acs. anti-tiroglobulina
anti_tpo,Anti-TPO,ANTI_TPO,YES,anti_tpo,Anti-TPO,endocrine,YES,Sufficient,Visible leaf / group,EXACT_EXISTING,Keep canonical identity and current route,,,C1; N1; H1,Catalog authority; provider comparison not required for existing identity,LOW,,false,Tiroides,Anti-TPO; anti_tpo; Acs. anti-peroxidasa
aptt,TTPa (aPTT),APTT,YES,aptt,TTPa (aPTT),coagulation,YES,Sufficient,Visible leaf / direct list,EXACT_EXISTING,Keep canonical identity and current route,,,C1; N1; H1,Catalog authority; provider comparison not required for existing identity,LOW,,false,,TTPa (aPTT); aptt; Tiempo de tromboplastina parcial activado
ast,AST (TGO),AST,YES,ast,AST (TGO),chemistry,YES,Sufficient,Visible leaf / group,EXACT_EXISTING,Keep canonical identity and current route,,,C1; N1; H1,Catalog authority; provider comparison not required for existing identity,LOW,,false,Función hepática y bilirrubinas,AST (TGO); ast; Aspartato aminotransferasa
bhcg,β-hCG,BHCG,YES,bhcg,β-hCG,endocrine; tumor,YES,Sufficient,Visible leaf / group,EXACT_EXISTING,Keep canonical identity and current route,,,C1; N1; H1,Catalog authority; provider comparison not required for existing identity,LOW,,false,Hormonas reproductivas y embarazo,β-hCG; bhcg
bilirubin_direct,Bilirrubina directa,BILIRUBIN_DIRECT,YES,bilirubin_direct,Bilirrubina directa,chemistry,YES,Sufficient,Visible leaf / group,EXACT_EXISTING,Keep canonical identity and current route,,,C1; N1; H1,Catalog authority; provider comparison not required for existing identity,LOW,,false,Función hepática y bilirrubinas,Bilirrubina directa; bilirubin_direct
bilirubin_indirect,Bilirrubina indirecta,BILIRUBIN_INDIRECT,YES,bilirubin_indirect,Bilirrubina indirecta,chemistry,YES,Sufficient,Visible leaf / group,EXACT_EXISTING,Keep canonical identity and current route,,,C1; N1; H1,Catalog authority; provider comparison not required for existing identity,LOW,Existing identity; determine calculated-vs-measured result semantics before any duplicate proposal.,false,Función hepática y bilirrubinas,Bilirrubina indirecta; bilirubin_indirect
bilirubin_total,Bilirrubina total,BILIRUBIN_TOTAL,YES,bilirubin_total,Bilirrubina total,chemistry,YES,Sufficient,Visible leaf / group,EXACT_EXISTING,Keep canonical identity and current route,,,C1; N1; H1,Catalog authority; provider comparison not required for existing identity,LOW,,false,Función hepática y bilirrubinas,Bilirrubina total; bilirubin_total
blood_culture,Hemocultivo,BLOOD_CULTURE,YES,blood_culture,Hemocultivo,microbiology,YES,Sufficient,Visible leaf / group,EXACT_EXISTING,Keep canonical identity and current route,,,C1; N1; H1,Catalog authority; provider comparison not required for existing identity,LOW,,true,Cultivos por muestra,Hemocultivo; blood_culture
body_fluid_albumin,Albúmina en líquido corporal,BODY_FLUID_ALBUMIN,YES,body_fluid_albumin,Albúmina en líquido corporal,urine,YES,Sufficient,Visible leaf / group,EXACT_EXISTING,Keep canonical identity and current route,,,C1; N1; H1,Catalog authority; provider comparison not required for existing identity,LOW,CAT03 specimen scope preserved; no specimen redesign in this audit.,false,Líquidos serosos,Albúmina en líquido corporal; body_fluid_albumin
body_fluid_amylase,Amilasa en líquido corporal,BODY_FLUID_AMYLASE,YES,body_fluid_amylase,Amilasa en líquido corporal,urine,YES,Sufficient,Visible leaf / group,EXACT_EXISTING,Keep canonical identity and current route,,,C1; N1; H1,Catalog authority; provider comparison not required for existing identity,LOW,CAT03 specimen scope preserved; no specimen redesign in this audit.,false,Líquidos serosos,Amilasa en líquido corporal; body_fluid_amylase
body_fluid_cell_count,Recuento celular y diferencial en líquido corporal,BODY_FLUID_CELL_COUNT,YES,body_fluid_cell_count,Recuento celular y diferencial en líquido corporal,urine,YES,Sufficient,Visible leaf / group,EXACT_EXISTING,Keep canonical identity and current route,,,C1; N1; H1,Catalog authority; provider comparison not required for existing identity,LOW,CAT03 specimen scope preserved; no specimen redesign in this audit.,false,Líquidos serosos; Líquido sinovial,Recuento celular y diferencial en líquido corporal; body_fluid_cell_count
body_fluid_cholesterol,Colesterol en líquido corporal,BODY_FLUID_CHOLESTEROL,YES,body_fluid_cholesterol,Colesterol en líquido corporal,urine,YES,Sufficient,Visible leaf / group,EXACT_EXISTING,Keep canonical identity and current route,,,C1; N1; H1,Catalog authority; provider comparison not required for existing identity,LOW,CAT03 specimen scope preserved; no specimen redesign in this audit.,false,Líquidos serosos,Colesterol en líquido corporal; body_fluid_cholesterol
body_fluid_glucose,Glucosa en líquido corporal,BODY_FLUID_GLUCOSE,YES,body_fluid_glucose,Glucosa en líquido corporal,urine,YES,Sufficient,Visible leaf / group,EXACT_EXISTING,Keep canonical identity and current route,,,C1; N1; H1,Catalog authority; provider comparison not required for existing identity,LOW,CAT03 specimen scope preserved; no specimen redesign in this audit.,false,Líquidos serosos; Líquido sinovial,Glucosa en líquido corporal; body_fluid_glucose
body_fluid_ldh,LDH en líquido corporal,BODY_FLUID_LDH,YES,body_fluid_ldh,LDH en líquido corporal,urine,YES,Sufficient,Visible leaf / group,EXACT_EXISTING,Keep canonical identity and current route,,,C1; N1; H1,Catalog authority; provider comparison not required for existing identity,LOW,CAT03 specimen scope preserved; no specimen redesign in this audit.,false,Líquidos serosos; Líquido sinovial,LDH en líquido corporal; body_fluid_ldh
body_fluid_total_protein,Proteínas totales en líquido corporal,BODY_FLUID_TOTAL_PROTEIN,YES,body_fluid_total_protein,Proteínas totales en líquido corporal,urine,YES,Sufficient,Visible leaf / group,EXACT_EXISTING,Keep canonical identity and current route,,,C1; N1; H1,Catalog authority; provider comparison not required for existing identity,LOW,CAT03 specimen scope preserved; no specimen redesign in this audit.,false,Líquidos serosos; Líquido sinovial,Proteínas totales en líquido corporal; body_fluid_total_protein
body_fluid_triglycerides,Triglicéridos en líquido corporal,BODY_FLUID_TRIGLYCERIDES,YES,body_fluid_triglycerides,Triglicéridos en líquido corporal,urine,YES,Sufficient,Visible leaf / group,EXACT_EXISTING,Keep canonical identity and current route,,,C1; N1; H1,Catalog authority; provider comparison not required for existing identity,LOW,CAT03 specimen scope preserved; no specimen redesign in this audit.,false,Líquidos serosos,Triglicéridos en líquido corporal; body_fluid_triglycerides
brca1_2,BRCA1/BRCA2 (germinal),BRCA1_2,YES,brca1_2,BRCA1/BRCA2 (germinal),germline_genetics; hereditary_oncology,YES,Sufficient,Visible leaf / direct list,EXACT_EXISTING,Keep canonical identity and current route,,,C1; N1; H1,Catalog authority; provider comparison not required for existing identity,LOW,"Genetics belongs to HIER03 laboratory root, but is not a routine common-lab addition target.",false,,BRCA1/BRCA2 (germinal); brca1_2
bun,Nitrógeno ureico (BUN),BUN,YES,bun,Nitrógeno ureico (BUN),chemistry,YES,Sufficient,Visible leaf / group,EXACT_EXISTING,Keep canonical identity and current route,,,C1; N1; H1,Catalog authority; provider comparison not required for existing identity,LOW,,false,Metabolismo y función renal,Nitrógeno ureico (BUN); bun
c3,C3,C3,YES,c3,C3,immunoglobulins,YES,Sufficient,Visible leaf / direct list,EXACT_EXISTING,Keep canonical identity and current route,,,C1; N1; H1,Catalog authority; provider comparison not required for existing identity,LOW,,false,,C3; c3; Complemento C3
c4,C4,C4,YES,c4,C4,immunoglobulins,YES,Sufficient,Visible leaf / direct list,EXACT_EXISTING,Keep canonical identity and current route,,,C1; N1; H1,Catalog authority; provider comparison not required for existing identity,LOW,,false,,C4; c4; Complemento C4
calcium,Calcio,CALCIUM,YES,calcium,Calcio,chemistry,YES,Sufficient,Visible leaf / group,EXACT_EXISTING,Keep canonical identity and current route,,,C1; N1; H1,Catalog authority; provider comparison not required for existing identity,LOW,,false,Electrolitos y minerales,Calcio; calcium
carrier_screening,Tamiz de portadores (Carrier screening),CARRIER_SCREENING,YES,carrier_screening,Tamiz de portadores (Carrier screening),germline_genetics; panels,YES,Sufficient,Visible leaf / group,EXACT_EXISTING,Keep canonical identity and current route,,,C1; N1; H1,Catalog authority; provider comparison not required for existing identity,LOW,"Genetics belongs to HIER03 laboratory root, but is not a routine common-lab addition target.",false,Paneles genéticos y moleculares,Tamiz de portadores (Carrier screening); carrier_screening
cbc,Biometría hemática (BH / CBC),CBC,YES,cbc,Biometría hemática (BH / CBC),hematology; panels,YES,Sufficient,Visible leaf / group,EXACT_EXISTING,Keep canonical identity and current route,,,C1; N1; H1,Catalog authority; provider comparison not required for existing identity,LOW,,true,Biometría y recuentos; Paneles generales,Biometría hemática (BH / CBC); cbc; BH / CBC; Biometría hemática; CBC; Citometría hemática
chloride,Cloro,CHLORIDE,YES,chloride,Cloro,chemistry,YES,Sufficient,Visible leaf / group,EXACT_EXISTING,Keep canonical identity and current route,,,C1; N1; H1,Catalog authority; provider comparison not required for existing identity,LOW,,false,Electrolitos y minerales,Cloro; chloride
chol_total,Colesterol total,CHOL_TOTAL,YES,chol_total,Colesterol total,chemistry,YES,Sufficient,Visible leaf / group,EXACT_EXISTING,Keep canonical identity and current route,,,C1; N1; H1,Catalog authority; provider comparison not required for existing identity,LOW,,true,Lípidos,Colesterol total; chol_total
cma_microarray,Microarreglo cromosómico (CMA / Microarray),CMA_MICROARRAY,YES,cma_microarray,Microarreglo cromosómico (CMA / Microarray),cytogenomics,YES,Sufficient,Visible leaf / direct list,EXACT_EXISTING,Keep canonical identity and current route,,,C1; N1; H1,Catalog authority; provider comparison not required for existing identity,LOW,"Genetics belongs to HIER03 laboratory root, but is not a routine common-lab addition target.",false,,Microarreglo cromosómico (CMA / Microarray); cma_microarray; CMA; Microarray
creatinine,Creatinina,CREATININE,YES,creatinine,Creatinina,chemistry,YES,Sufficient,Visible leaf / group,EXACT_EXISTING,Keep canonical identity and current route,,,C1; N1; H1,Catalog authority; provider comparison not required for existing identity,LOW,,true,Metabolismo y función renal,Creatinina; creatinine
csf_cell_count,Recuento celular y diferencial en LCR,CSF_CELL_COUNT,YES,csf_cell_count,Recuento celular y diferencial en LCR,urine,YES,Sufficient,Visible leaf / group,EXACT_EXISTING,Keep canonical identity and current route,,,C1; N1; H1,Catalog authority; provider comparison not required for existing identity,LOW,CAT03 specimen scope preserved; no specimen redesign in this audit.,false,Líquido cefalorraquídeo (LCR),Recuento celular y diferencial en LCR; csf_cell_count; Citometría de líquido cefalorraquídeo
csf_cryptococcal_antigen,Antígeno criptocócico en LCR,CSF_CRYPTOCOCCAL_ANTIGEN,YES,csf_cryptococcal_antigen,Antígeno criptocócico en LCR,microbiology,YES,Sufficient,Visible leaf / group,EXACT_EXISTING,Keep canonical identity and current route,,,C1; N1; H1,Catalog authority; provider comparison not required for existing identity,LOW,CAT03 specimen scope preserved; no specimen redesign in this audit.,false,Infección de LCR,Antígeno criptocócico en LCR; csf_cryptococcal_antigen
csf_glucose,Glucosa en líquido cefalorraquídeo (LCR),CSF_GLUCOSE,YES,csf_glucose,Glucosa en líquido cefalorraquídeo (LCR),urine,YES,Sufficient,Visible leaf / group,EXACT_EXISTING,Keep canonical identity and current route,,,C1; N1; H1,Catalog authority; provider comparison not required for existing identity,LOW,CAT03 specimen scope preserved; no specimen redesign in this audit.,false,Líquido cefalorraquídeo (LCR),Glucosa en líquido cefalorraquídeo (LCR); csf_glucose
csf_lactate,Lactato en LCR,CSF_LACTATE,YES,csf_lactate,Lactato en LCR,urine,YES,Sufficient,Visible leaf / group,EXACT_EXISTING,Keep canonical identity and current route,,,C1; N1; H1,Catalog authority; provider comparison not required for existing identity,LOW,CAT03 specimen scope preserved; no specimen redesign in this audit.,false,Líquido cefalorraquídeo (LCR),Lactato en LCR; csf_lactate
csf_meningitis_encephalitis_panel,Panel molecular de meningitis/encefalitis en LCR,CSF_MENINGITIS_ENCEPHALITIS_PANEL,YES,csf_meningitis_encephalitis_panel,Panel molecular de meningitis/encefalitis en LCR,molecular_infectious,YES,Sufficient,Visible leaf / direct list,EXACT_EXISTING,Keep canonical identity and current route,,,C1; N1; H1,Catalog authority; provider comparison not required for existing identity,LOW,CAT03 specimen scope preserved; no specimen redesign in this audit.,false,,Panel molecular de meningitis/encefalitis en LCR; csf_meningitis_encephalitis_panel
csf_oligoclonal_bands,Bandas oligoclonales en LCR y suero,CSF_OLIGOCLONAL_BANDS,YES,csf_oligoclonal_bands,Bandas oligoclonales en LCR y suero,urine,YES,Sufficient,Visible leaf / group,EXACT_EXISTING,Keep canonical identity and current route,,,C1; N1; H1,Catalog authority; provider comparison not required for existing identity,LOW,CAT03 specimen scope preserved; no specimen redesign in this audit.,false,Líquido cefalorraquídeo (LCR),Bandas oligoclonales en LCR y suero; csf_oligoclonal_bands
csf_total_protein,Proteínas totales en líquido cefalorraquídeo (LCR),CSF_TOTAL_PROTEIN,YES,csf_total_protein,Proteínas totales en líquido cefalorraquídeo (LCR),urine,YES,Sufficient,Visible leaf / group,EXACT_EXISTING,Keep canonical identity and current route,,,C1; N1; H1,Catalog authority; provider comparison not required for existing identity,LOW,CAT03 specimen scope preserved; no specimen redesign in this audit.,false,Líquido cefalorraquídeo (LCR),Proteínas totales en líquido cefalorraquídeo (LCR); csf_total_protein
csf_vdrl,VDRL en LCR,CSF_VDRL,YES,csf_vdrl,VDRL en LCR,microbiology,YES,Sufficient,Visible leaf / group,EXACT_EXISTING,Keep canonical identity and current route,,,C1; N1; H1,Catalog authority; provider comparison not required for existing identity,LOW,CAT03 specimen scope preserved; no specimen redesign in this audit.,false,Infección de LCR,VDRL en LCR; csf_vdrl
d_dimer,Dímero D,D_DIMER,YES,d_dimer,Dímero D,coagulation,YES,Sufficient,Visible leaf / direct list,EXACT_EXISTING,Keep canonical identity and current route,,,C1; N1; H1,Catalog authority; provider comparison not required for existing identity,LOW,,false,,Dímero D; d_dimer
ena,ENA,ENA,YES,ena,ENA,autoimmunity,YES,Sufficient,Visible leaf / direct list,EXACT_EXISTING,Keep canonical identity and current route,,,C1; N1; H1,Catalog authority; provider comparison not required for existing identity,LOW,,false,,ENA; ena
estradiol,Estradiol,ESTRADIOL,YES,estradiol,Estradiol,endocrine,YES,Sufficient,Visible leaf / group,EXACT_EXISTING,Keep canonical identity and current route,,,C1; N1; H1,Catalog authority; provider comparison not required for existing identity,LOW,,false,Hormonas reproductivas y embarazo,Estradiol; estradiol
fecal_occult_blood,Sangre oculta en heces,FECAL_OCCULT_BLOOD,YES,fecal_occult_blood,Sangre oculta en heces,stool,YES,Sufficient,Visible leaf / direct list,EXACT_EXISTING,Keep canonical identity and current route,,,C1; N1; H1,Catalog authority; provider comparison not required for existing identity,LOW,,false,,Sangre oculta en heces; fecal_occult_blood; Sangre oculta en heces (FOB)
ferritin,Ferritina,FERRITIN,YES,ferritin,Ferritina,hematology,YES,Sufficient,Visible leaf / group,EXACT_EXISTING,Keep canonical identity and current route,,,C1; N1; H1,Catalog authority; provider comparison not required for existing identity,LOW,,true,Hierro y reservas,Ferritina; ferritin
fibrinogen,Fibrinógeno,FIBRINOGEN,YES,fibrinogen,Fibrinógeno,coagulation,YES,Sufficient,Visible leaf / direct list,EXACT_EXISTING,Keep canonical identity and current route,,,C1; N1; H1,Catalog authority; provider comparison not required for existing identity,LOW,,false,,Fibrinógeno; fibrinogen
folate,Ácido fólico,FOLATE,YES,folate,Ácido fólico,chemistry,YES,Sufficient,Visible leaf / group,EXACT_EXISTING,Keep canonical identity and current route,,,C1; N1; H1,Catalog authority; provider comparison not required for existing identity,LOW,,false,Vitaminas y micronutrientes,Ácido fólico; folate
fructosamine,Fructosamina,FRUCTOSAMINE,YES,fructosamine,Fructosamina,chemistry,YES,Sufficient,Visible leaf / group,EXACT_EXISTING,Keep canonical identity and current route,,,C1; N1; H1,Catalog authority; provider comparison not required for existing identity,LOW,,false,Metabolismo y función renal,Fructosamina; fructosamine
fsh,FSH,FSH,YES,fsh,FSH,endocrine,YES,Sufficient,Visible leaf / group,EXACT_EXISTING,Keep canonical identity and current route,,,C1; N1; H1,Catalog authority; provider comparison not required for existing identity,LOW,,false,Hormonas reproductivas y embarazo,FSH; fsh; Hormona folículo estimulante
ggt,GGT,GGT,YES,ggt,GGT,chemistry,YES,Sufficient,Visible leaf / group,EXACT_EXISTING,Keep canonical identity and current route,,,C1; N1; H1,Catalog authority; provider comparison not required for existing identity,LOW,,false,Función hepática y bilirrubinas,GGT; ggt; Gamaglutamil transpeptidasa
glucose,Glucosa,GLUCOSE,YES,glucose,Glucosa,chemistry,YES,Sufficient,Visible leaf / group,EXACT_EXISTING,Keep canonical identity and current route,,,C1; N1; H1,Catalog authority; provider comparison not required for existing identity,LOW,,true,Metabolismo y función renal,Glucosa; glucose
hbsag,HBsAg,HBSAG,YES,hbsag,HBsAg,hepatitis_serology,YES,Sufficient,Visible leaf / direct list,EXACT_EXISTING,Keep canonical identity and current route,,,C1; N1; H1,Catalog authority; provider comparison not required for existing identity,LOW,,false,,HBsAg; hbsag; Ag. de superficie del VHB
hcv_ab,VHC (anticuerpos),HCV_AB,YES,hcv_ab,VHC (anticuerpos),hepatitis_serology,YES,Sufficient,Visible leaf / direct list,EXACT_EXISTING,Keep canonical identity and current route,,,C1; N1; H1,Catalog authority; provider comparison not required for existing identity,LOW,,false,,VHC (anticuerpos); hcv_ab; Acs. anti-VHC
hdl,HDL,HDL,YES,hdl,HDL,chemistry,YES,Sufficient,Visible leaf / group,EXACT_EXISTING,Keep canonical identity and current route,,,C1; N1; H1,Catalog authority; provider comparison not required for existing identity,LOW,,true,Lípidos,HDL; hdl; Colesterol HDL
hereditary_cancer_germline,Panel de cáncer hereditario (multigénico),HEREDITARY_CANCER_GERMLINE,YES,hereditary_cancer_germline,Panel de cáncer hereditario (multigénico),germline_genetics; hereditary_oncology; panels,YES,Sufficient,Visible leaf / group,EXACT_EXISTING,Keep canonical identity and current route,,,C1; N1; H1,Catalog authority; provider comparison not required for existing identity,LOW,"Genetics belongs to HIER03 laboratory root, but is not a routine common-lab addition target.",false,Paneles genéticos y moleculares,Panel de cáncer hereditario (multigénico); hereditary_cancer_germline
iga,IgA,IGA,YES,iga,IgA,immunoglobulins,YES,Sufficient,Visible leaf / direct list,EXACT_EXISTING,Keep canonical identity and current route,,,C1; N1; H1,Catalog authority; provider comparison not required for existing identity,LOW,,false,,IgA; iga
igg,IgG,IGG,YES,igg,IgG,immunoglobulins,YES,Sufficient,Visible leaf / direct list,EXACT_EXISTING,Keep canonical identity and current route,,,C1; N1; H1,Catalog authority; provider comparison not required for existing identity,LOW,,false,,IgG; igg
igm,IgM,IGM,YES,igm,IgM,immunoglobulins,YES,Sufficient,Visible leaf / direct list,EXACT_EXISTING,Keep canonical identity and current route,,,C1; N1; H1,Catalog authority; provider comparison not required for existing identity,LOW,,false,,IgM; igm
iron,Hierro sérico,IRON,YES,iron,Hierro sérico,hematology,YES,Sufficient,Visible leaf / group,EXACT_EXISTING,Keep canonical identity and current route,,,C1; N1; H1,Catalog authority; provider comparison not required for existing identity,LOW,,true,Hierro y reservas,Hierro sérico; iron
karyotype,Cariotipo,KARYOTYPE,YES,karyotype,Cariotipo,cytogenetics,YES,Sufficient,Visible leaf / direct list,EXACT_EXISTING,Keep canonical identity and current route,,,C1; N1; H1,Catalog authority; provider comparison not required for existing identity,LOW,"Genetics belongs to HIER03 laboratory root, but is not a routine common-lab addition target.",false,,Cariotipo; karyotype
lab_ag_helicobacter_pylori,Antígeno de Helicobacter pylori en heces,LAB_AG_HELICOBACTER_PYLORI,YES,lab_ag_helicobacter_pylori,Antígeno de Helicobacter pylori en heces,stool,YES,Sufficient,Visible leaf / direct list,EXACT_EXISTING,Keep canonical identity and current route,,,C1; N1; H1,Catalog authority; provider comparison not required for existing identity,LOW,,false,,Antígeno de Helicobacter pylori en heces; lab_ag_helicobacter_pylori; Ag. Helicobacter pylori; Antígeno H. pylori en heces
lab_amonio,Amonio,LAB_AMONIO,YES,lab_amonio,Amonio,chemistry,YES,Sufficient,Visible leaf / group,EXACT_EXISTING,Keep canonical identity and current route,,,C1; N1; H1,Catalog authority; provider comparison not required for existing identity,LOW,,false,Función hepática y bilirrubinas,Amonio; lab_amonio; Amoníaco plasmático
lab_calprotectina_cuantificada,Calprotectina fecal cuantitativa,LAB_CALPROTECTINA_CUANTIFICADA,YES,lab_calprotectina_cuantificada,Calprotectina fecal cuantitativa,stool,YES,Sufficient,Visible leaf / direct list,EXACT_EXISTING,Keep canonical identity and current route,,,C1; N1; H1,Catalog authority; provider comparison not required for existing identity,LOW,,false,,Calprotectina fecal cuantitativa; lab_calprotectina_cuantificada; Calprotectina cuantificada; Calprotectina fecal
lab_ck_mb,Creatina cinasa MB,LAB_CK_MB,YES,lab_ck_mb,Creatina cinasa MB,chemistry,YES,Sufficient,Visible leaf / group,EXACT_EXISTING,Keep canonical identity and current route,,,C1; N1; H1,Catalog authority; provider comparison not required for existing identity,LOW,,false,Enzimas pancreáticas y musculares,Creatina cinasa MB; lab_ck_mb; CK-MB; CK MB
lab_coombs_directo,Coombs directo,LAB_COOMBS_DIRECTO,YES,lab_coombs_directo,Coombs directo,hematology,YES,Sufficient,Visible leaf / group,EXACT_EXISTING,Keep canonical identity and current route,,,C1; N1; H1,Catalog authority; provider comparison not required for existing identity,LOW,,false,Pruebas de antiglobulina,Coombs directo; lab_coombs_directo; Prueba de antiglobulina directa; DAT
lab_coombs_indirecto,Coombs indirecto,LAB_COOMBS_INDIRECTO,YES,lab_coombs_indirecto,Coombs indirecto,hematology,YES,Sufficient,Visible leaf / group,EXACT_EXISTING,Keep canonical identity and current route,,,C1; N1; H1,Catalog authority; provider comparison not required for existing identity,LOW,,false,Pruebas de antiglobulina,Coombs indirecto; lab_coombs_indirecto; Prueba de antiglobulina indirecta; IAT
lab_cpk,Creatina cinasa total,LAB_CPK,YES,lab_cpk,Creatina cinasa total,chemistry,YES,Sufficient,Visible leaf / group,EXACT_EXISTING,Keep canonical identity and current route,,,C1; N1; H1,Catalog authority; provider comparison not required for existing identity,LOW,,false,Enzimas pancreáticas y musculares,Creatina cinasa total; lab_cpk; CPK; CK total
lab_frotis_sanguineo,Frotis sanguíneo,LAB_FROTIS_SANGUINEO,YES,lab_frotis_sanguineo,Frotis sanguíneo,hematology,YES,Sufficient,Visible leaf / group,EXACT_EXISTING,Keep canonical identity and current route,,,C1; N1; H1,Catalog authority; provider comparison not required for existing identity,LOW,,false,Biometría y recuentos,Frotis sanguíneo; lab_frotis_sanguineo; Frotis de sangre periférica
lab_litio,Litio,LAB_LITIO,YES,lab_litio,Litio,drugs,YES,Sufficient,Visible leaf / direct list,EXACT_EXISTING,Keep canonical identity and current route,,,C1; N1; H1,Catalog authority; provider comparison not required for existing identity,LOW,,false,,Litio; lab_litio; Nivel de litio
lab_reticulocitos,Reticulocitos,LAB_RETICULOCITOS,YES,lab_reticulocitos,Reticulocitos,hematology,YES,Sufficient,Visible leaf / group,EXACT_EXISTING,Keep canonical identity and current route,,,C1; N1; H1,Catalog authority; provider comparison not required for existing identity,LOW,,false,Biometría y recuentos,Reticulocitos; lab_reticulocitos; Recuento de reticulocitos
lab_tiempo_de_protrombina,Tiempo de protrombina,LAB_TIEMPO_DE_PROTROMBINA,YES,lab_tiempo_de_protrombina,Tiempo de protrombina,coagulation,YES,Sufficient,Visible leaf / direct list,EXACT_EXISTING,Keep canonical identity and current route,,,C1; N1; H1,Catalog authority; provider comparison not required for existing identity,LOW,,false,,Tiempo de protrombina; lab_tiempo_de_protrombina; TP; PT
lab_tiempo_de_trombina,Tiempo de trombina,LAB_TIEMPO_DE_TROMBINA,YES,lab_tiempo_de_trombina,Tiempo de trombina,coagulation,YES,Sufficient,Visible leaf / direct list,EXACT_EXISTING,Keep canonical identity and current route,,,C1; N1; H1,Catalog authority; provider comparison not required for existing identity,LOW,,false,,Tiempo de trombina; lab_tiempo_de_trombina; TT
ldl,LDL,LDL,YES,ldl,LDL,chemistry,YES,Sufficient,Visible leaf / group,EXACT_EXISTING,Keep canonical identity and current route,,,C1; N1; H1,Catalog authority; provider comparison not required for existing identity,LOW,,false,Lípidos,LDL; ldl; Colesterol LDL
lh,LH,LH,YES,lh,LH,endocrine,YES,Sufficient,Visible leaf / group,EXACT_EXISTING,Keep canonical identity and current route,,,C1; N1; H1,Catalog authority; provider comparison not required for existing identity,LOW,,false,Hormonas reproductivas y embarazo,LH; lh; Hormona luteinizante
lipase,Lipasa,LIPASE,YES,lipase,Lipasa,chemistry,YES,Sufficient,Visible leaf / group,EXACT_EXISTING,Keep canonical identity and current route,,,C1; N1; H1,Catalog authority; provider comparison not required for existing identity,LOW,,false,Enzimas pancreáticas y musculares,Lipasa; lipase
lynch,Síndrome de Lynch (germinal),LYNCH,YES,lynch,Síndrome de Lynch (germinal),germline_genetics; hereditary_oncology,YES,Sufficient,Visible leaf / direct list,EXACT_EXISTING,Keep canonical identity and current route,,,C1; N1; H1,Catalog authority; provider comparison not required for existing identity,LOW,"Genetics belongs to HIER03 laboratory root, but is not a routine common-lab addition target.",false,,Síndrome de Lynch (germinal); lynch
magnesium,Magnesio,MAGNESIUM,YES,magnesium,Magnesio,chemistry,YES,Sufficient,Visible leaf / group,EXACT_EXISTING,Keep canonical identity and current route,,,C1; N1; H1,Catalog authority; provider comparison not required for existing identity,LOW,,false,Electrolitos y minerales,Magnesio; magnesium
microalbumin,Microalbuminuria,MICROALBUMIN,YES,microalbumin,Microalbuminuria,urine,YES,Sufficient,Visible leaf / group,EXACT_EXISTING,Keep canonical identity and current route,,,C1; N1; H1,Catalog authority; provider comparison not required for existing identity,LOW,,true,Estudios generales y renales,Microalbuminuria; microalbumin; Microalbúmina
nipt,NIPT (tamiz prenatal no invasivo),NIPT,YES,nipt,NIPT (tamiz prenatal no invasivo),prenatal_genetics,YES,Sufficient,Visible leaf / direct list,EXACT_EXISTING,Keep canonical identity and current route,,,C1; N1; H1,Catalog authority; provider comparison not required for existing identity,LOW,"Genetics belongs to HIER03 laboratory root, but is not a routine common-lab addition target.",false,,NIPT (tamiz prenatal no invasivo); nipt; NIPT
non_hdl,Colesterol no-HDL,NON_HDL,YES,non_hdl,Colesterol no-HDL,chemistry,YES,Sufficient,Visible leaf / group,EXACT_EXISTING,Keep canonical identity and current route,,,C1; N1; H1,Catalog authority; provider comparison not required for existing identity,LOW,Existing identity; determine calculated-vs-measured result semantics before any duplicate proposal.,false,Lípidos,Colesterol no-HDL; non_hdl
pgx,Panel farmacogenómico (PGx),PGX,YES,pgx,Panel farmacogenómico (PGx),pharmacogenomics; panels,YES,Sufficient,Visible leaf / group,EXACT_EXISTING,Keep canonical identity and current route,,,C1; N1; H1,Catalog authority; provider comparison not required for existing identity,LOW,"Genetics belongs to HIER03 laboratory root, but is not a routine common-lab addition target.",false,Paneles genéticos y moleculares,Panel farmacogenómico (PGx); pgx; PGx
phosphorus,Fósforo,PHOSPHORUS,YES,phosphorus,Fósforo,chemistry,YES,Sufficient,Visible leaf / group,EXACT_EXISTING,Keep canonical identity and current route,,,C1; N1; H1,Catalog authority; provider comparison not required for existing identity,LOW,,false,Electrolitos y minerales,Fósforo; phosphorus
platelets,Plaquetas,PLATELETS,YES,platelets,Plaquetas,hematology,YES,Sufficient,Visible leaf / group,EXACT_EXISTING,Keep canonical identity and current route,,,C1; N1; H1,Catalog authority; provider comparison not required for existing identity,LOW,,false,Biometría y recuentos,Plaquetas; platelets
post_vasectomy_semen_check,Control de semen posvasectomía,POST_VASECTOMY_SEMEN_CHECK,YES,post_vasectomy_semen_check,Control de semen posvasectomía,urine,YES,Sufficient,Visible leaf / group,EXACT_EXISTING,Keep canonical identity and current route,,,C1; N1; H1,Catalog authority; provider comparison not required for existing identity,LOW,,false,Semen,Control de semen posvasectomía; post_vasectomy_semen_check
potassium,Potasio,POTASSIUM,YES,potassium,Potasio,chemistry,YES,Sufficient,Visible leaf / group,EXACT_EXISTING,Keep canonical identity and current route,,,C1; N1; H1,Catalog authority; provider comparison not required for existing identity,LOW,,false,Electrolitos y minerales,Potasio; potassium
progesterone,Progesterona,PROGESTERONE,YES,progesterone,Progesterona,endocrine,YES,Sufficient,Visible leaf / group,EXACT_EXISTING,Keep canonical identity and current route,,,C1; N1; H1,Catalog authority; provider comparison not required for existing identity,LOW,,false,Hormonas reproductivas y embarazo,Progesterona; progesterone
prolactin,Prolactina,PROLACTIN,YES,prolactin,Prolactina,endocrine,YES,Sufficient,Visible leaf / group,EXACT_EXISTING,Keep canonical identity and current route,,,C1; N1; H1,Catalog authority; provider comparison not required for existing identity,LOW,,false,Hormonas reproductivas y embarazo,Prolactina; prolactin
rf,Factor reumatoide,RF,YES,rf,Factor reumatoide,autoimmunity,YES,Sufficient,Visible leaf / direct list,EXACT_EXISTING,Keep canonical identity and current route,,,C1; N1; H1,Catalog authority; provider comparison not required for existing identity,LOW,,false,,Factor reumatoide; rf
semen_analysis,Espermatobioscopía básica,SEMEN_ANALYSIS,YES,semen_analysis,Espermatobioscopía básica,urine,YES,Sufficient,Visible leaf / group,EXACT_EXISTING,Keep canonical identity and current route,,,C1; N1; H1,Catalog authority; provider comparison not required for existing identity,LOW,,false,Semen,Espermatobioscopía básica; semen_analysis; Análisis de semen; Espermatograma
sodium,Sodio,SODIUM,YES,sodium,Sodio,chemistry,YES,Sufficient,Visible leaf / group,EXACT_EXISTING,Keep canonical identity and current route,,,C1; N1; H1,Catalog authority; provider comparison not required for existing identity,LOW,,false,Electrolitos y minerales,Sodio; sodium
somatic_tumor_ngs,Panel tumoral (NGS) — somático,SOMATIC_TUMOR_NGS,YES,somatic_tumor_ngs,Panel tumoral (NGS) — somático,molecular_oncology; panels,YES,Sufficient,Visible leaf / group,EXACT_EXISTING,Keep canonical identity and current route,,,C1; N1; H1,Catalog authority; provider comparison not required for existing identity,LOW,"Genetics belongs to HIER03 laboratory root, but is not a routine common-lab addition target.",false,Paneles genéticos y moleculares,Panel tumoral (NGS) — somático; somatic_tumor_ngs
sterile_body_fluid_bacterial_culture,Cultivo bacteriano de líquido estéril,STERILE_BODY_FLUID_BACTERIAL_CULTURE,YES,sterile_body_fluid_bacterial_culture,Cultivo bacteriano de líquido estéril,microbiology,YES,Sufficient,Visible leaf / group,EXACT_EXISTING,Keep canonical identity and current route,,,C1; N1; H1,Catalog authority; provider comparison not required for existing identity,LOW,,false,Cultivos por muestra,Cultivo bacteriano de líquido estéril; sterile_body_fluid_bacterial_culture
stool_culture,Coprocultivo,STOOL_CULTURE,YES,stool_culture,Coprocultivo,microbiology; stool,YES,Sufficient,Visible leaf / group,EXACT_EXISTING,Keep canonical identity and current route,,,C1; N1; H1,Catalog authority; provider comparison not required for existing identity,LOW,,true,Cultivos por muestra,Coprocultivo; stool_culture
stool_ova_parasites,Coproparasitoscópico,STOOL_OVA_PARASITES,YES,stool_ova_parasites,Coproparasitoscópico,stool,YES,Sufficient,Visible leaf / direct list,EXACT_EXISTING,Keep canonical identity and current route,,,C1; N1; H1,Catalog authority; provider comparison not required for existing identity,LOW,,false,,Coproparasitoscópico; stool_ova_parasites
synovial_crystals,Cristales en líquido sinovial,SYNOVIAL_CRYSTALS,YES,synovial_crystals,Cristales en líquido sinovial,urine,YES,Sufficient,Visible leaf / group,EXACT_EXISTING,Keep canonical identity and current route,,,C1; N1; H1,Catalog authority; provider comparison not required for existing identity,LOW,,false,Líquido sinovial,Cristales en líquido sinovial; synovial_crystals; Cristales sinoviales
testosterone_free,Testosterona libre,TESTOSTERONE_FREE,YES,testosterone_free,Testosterona libre,endocrine,YES,Sufficient,Visible leaf / group,EXACT_EXISTING,Keep canonical identity and current route,,,C1; N1; H1,Catalog authority; provider comparison not required for existing identity,LOW,,false,Hormonas reproductivas y embarazo,Testosterona libre; testosterone_free
testosterone_total,Testosterona total,TESTOSTERONE_TOTAL,YES,testosterone_total,Testosterona total,endocrine,YES,Sufficient,Visible leaf / group,EXACT_EXISTING,Keep canonical identity and current route,,,C1; N1; H1,Catalog authority; provider comparison not required for existing identity,LOW,,false,Hormonas reproductivas y embarazo,Testosterona total; testosterone_total
throat_swab,Exudado faríngeo,THROAT_SWAB,YES,throat_swab,Exudado faríngeo,microbiology,YES,Sufficient,Visible leaf / group,EXACT_EXISTING,Keep canonical identity and current route,,,C1; N1; H1,Catalog authority; provider comparison not required for existing identity,LOW,,true,Cultivos por muestra,Exudado faríngeo; throat_swab
thrombophilia,Panel de trombofilia (genético),THROMBOPHILIA,YES,thrombophilia,Panel de trombofilia (genético),coagulation; germline_genetics; panels,YES,Sufficient,Visible leaf / group,EXACT_EXISTING,Keep canonical identity and current route,,,C1; N1; H1,Catalog authority; provider comparison not required for existing identity,LOW,"Genetics belongs to HIER03 laboratory root, but is not a routine common-lab addition target.",false,Paneles genéticos y moleculares,Panel de trombofilia (genético); thrombophilia
tibc,CTFH (TIBC),TIBC,YES,tibc,CTFH (TIBC),hematology,YES,Sufficient,Visible leaf / group,EXACT_EXISTING,Keep canonical identity and current route,,,C1; N1; H1,Catalog authority; provider comparison not required for existing identity,LOW,,false,Hierro y reservas,CTFH (TIBC); tibc; Capacidad de fijación total de hierro (transferrina)
total_protein,Proteínas totales,TOTAL_PROTEIN,YES,total_protein,Proteínas totales,chemistry,YES,Sufficient,Visible leaf / group,EXACT_EXISTING,Keep canonical identity and current route,,,C1; N1; H1,Catalog authority; provider comparison not required for existing identity,LOW,,false,Función hepática y bilirrubinas,Proteínas totales; total_protein
transferrin_sat,% Saturación transferrina,TRANSFERRIN_SAT,YES,transferrin_sat,% Saturación transferrina,hematology,YES,Sufficient,Visible leaf / group,EXACT_EXISTING,Keep canonical identity and current route,,,C1; N1; H1,Catalog authority; provider comparison not required for existing identity,LOW,Existing identity; determine calculated-vs-measured result semantics before any duplicate proposal.,false,Hierro y reservas,% Saturación transferrina; transferrin_sat; % de saturación de transferrina
triglycerides,Triglicéridos,TRIGLYCERIDES,YES,triglycerides,Triglicéridos,chemistry,YES,Sufficient,Visible leaf / group,EXACT_EXISTING,Keep canonical identity and current route,,,C1; N1; H1,Catalog authority; provider comparison not required for existing identity,LOW,,true,Lípidos,Triglicéridos; triglycerides
tsh,TSH,TSH,YES,tsh,TSH,endocrine,YES,Sufficient,Visible leaf / group,EXACT_EXISTING,Keep canonical identity and current route,,,C1; N1; H1,Catalog authority; provider comparison not required for existing identity,LOW,,true,Tiroides,TSH; tsh; Hormona estimulante de tiroides
urea,Urea,UREA,YES,urea,Urea,chemistry,YES,Sufficient,Visible leaf / group,EXACT_EXISTING,Keep canonical identity and current route,,,C1; N1; H1,Catalog authority; provider comparison not required for existing identity,LOW,,true,Metabolismo y función renal,Urea; urea
uric_acid,Ácido úrico,URIC_ACID,YES,uric_acid,Ácido úrico,chemistry,YES,Sufficient,Visible leaf / group,EXACT_EXISTING,Keep canonical identity and current route,,,C1; N1; H1,Catalog authority; provider comparison not required for existing identity,LOW,,false,Metabolismo y función renal,Ácido úrico; uric_acid
urinalysis,EGO (examen general de orina),URINALYSIS,YES,urinalysis,EGO (examen general de orina),panels; urine,YES,Sufficient,Visible leaf / group,EXACT_EXISTING,Keep canonical identity and current route,,,C1; N1; H1,Catalog authority; provider comparison not required for existing identity,LOW,,true,Paneles generales; Estudios generales y renales,EGO (examen general de orina); urinalysis; EGO; examen general de orina; Examen general de orina
urine_albumin_creatinine_panel,Albúmina y creatinina urinarias con relación (muestra aislada),URINE_ALBUMIN_CREATININE_PANEL,YES,urine_albumin_creatinine_panel,Albúmina y creatinina urinarias con relación (muestra aislada),urine,YES,Sufficient,Visible leaf / group,EXACT_EXISTING,Keep canonical identity and current route,,,C1; N1; H1,Catalog authority; provider comparison not required for existing identity,LOW,CAT03 specimen scope preserved; no specimen redesign in this audit.,true,Estudios generales y renales,Albúmina y creatinina urinarias con relación (muestra aislada); urine_albumin_creatinine_panel; Relación albúmina/creatinina; ACR urinaria
urine_creatinine_spot,Creatinina en orina (muestra aislada),URINE_CREATININE_SPOT,YES,urine_creatinine_spot,Creatinina en orina (muestra aislada),urine,YES,Sufficient,Visible leaf / group,EXACT_EXISTING,Keep canonical identity and current route,,,C1; N1; H1,Catalog authority; provider comparison not required for existing identity,LOW,CAT03 specimen scope preserved; no specimen redesign in this audit.,false,Estudios generales y renales,Creatinina en orina (muestra aislada); urine_creatinine_spot
urine_culture,Urocultivo,URINE_CULTURE,YES,urine_culture,Urocultivo,microbiology; urine,YES,Sufficient,Visible leaf / group,EXACT_EXISTING,Keep canonical identity and current route,,,C1; N1; H1,Catalog authority; provider comparison not required for existing identity,LOW,CAT03 specimen scope preserved; no specimen redesign in this audit.,true,Cultivos por muestra; Microbiología urinaria,Urocultivo; urine_culture
urine_osmolality,Osmolalidad urinaria,URINE_OSMOLALITY,YES,urine_osmolality,Osmolalidad urinaria,urine,YES,Sufficient,Visible leaf / group,EXACT_EXISTING,Keep canonical identity and current route,,,C1; N1; H1,Catalog authority; provider comparison not required for existing identity,LOW,CAT03 specimen scope preserved; no specimen redesign in this audit.,true,Estudios generales y renales,Osmolalidad urinaria; urine_osmolality; Osmolaridad urinaria
urine_potassium_spot,Potasio en orina (muestra aislada),URINE_POTASSIUM_SPOT,YES,urine_potassium_spot,Potasio en orina (muestra aislada),urine,YES,Sufficient,Visible leaf / group,EXACT_EXISTING,Keep canonical identity and current route,,,C1; N1; H1,Catalog authority; provider comparison not required for existing identity,LOW,CAT03 specimen scope preserved; no specimen redesign in this audit.,false,Electrolitos y minerales urinarios,Potasio en orina (muestra aislada); urine_potassium_spot
urine_pregnancy_qualitative,Prueba de embarazo en orina (cualitativa),URINE_PREGNANCY_QUALITATIVE,YES,urine_pregnancy_qualitative,Prueba de embarazo en orina (cualitativa),urine,YES,Sufficient,Visible leaf / group,EXACT_EXISTING,Keep canonical identity and current route,,,C1; N1; H1,Catalog authority; provider comparison not required for existing identity,LOW,CAT03 specimen scope preserved; no specimen redesign in this audit.,false,Estudios generales y renales,Prueba de embarazo en orina (cualitativa); urine_pregnancy_qualitative
urine_protein_creatinine_panel,Proteínas y creatinina urinarias con relación (muestra aislada),URINE_PROTEIN_CREATININE_PANEL,YES,urine_protein_creatinine_panel,Proteínas y creatinina urinarias con relación (muestra aislada),urine,YES,Sufficient,Visible leaf / group,EXACT_EXISTING,Keep canonical identity and current route,,,C1; N1; H1,Catalog authority; provider comparison not required for existing identity,LOW,CAT03 specimen scope preserved; no specimen redesign in this audit.,true,Estudios generales y renales,Proteínas y creatinina urinarias con relación (muestra aislada); urine_protein_creatinine_panel; Relación proteína/creatinina; PCR urinaria
urine_sodium_spot,Sodio en orina (muestra aislada),URINE_SODIUM_SPOT,YES,urine_sodium_spot,Sodio en orina (muestra aislada),urine,YES,Sufficient,Visible leaf / group,EXACT_EXISTING,Keep canonical identity and current route,,,C1; N1; H1,Catalog authority; provider comparison not required for existing identity,LOW,CAT03 specimen scope preserved; no specimen redesign in this audit.,false,Electrolitos y minerales urinarios,Sodio en orina (muestra aislada); urine_sodium_spot
vaginal_swab,Exudado vaginal,VAGINAL_SWAB,YES,vaginal_swab,Exudado vaginal,microbiology,YES,Sufficient,Visible leaf / group,EXACT_EXISTING,Keep canonical identity and current route,,,C1; N1; H1,Catalog authority; provider comparison not required for existing identity,LOW,,false,Cultivos por muestra,Exudado vaginal; vaginal_swab
vitamin_b12,Vitamina B12,VITAMIN_B12,YES,vitamin_b12,Vitamina B12,chemistry,YES,Sufficient,Visible leaf / group,EXACT_EXISTING,Keep canonical identity and current route,,,C1; N1; H1,Catalog authority; provider comparison not required for existing identity,LOW,,false,Vitaminas y micronutrientes,Vitamina B12; vitamin_b12
vitamin_d,Vitamina D,VITAMIN_D,YES,vitamin_d,Vitamina D,chemistry,YES,Sufficient,Visible leaf / group,EXACT_EXISTING,Keep canonical identity and current route,,,C1; N1; H1,Catalog authority; provider comparison not required for existing identity,LOW,,false,Vitaminas y micronutrientes,Vitamina D; vitamin_d
wes,Exoma clínico (WES),WES,YES,wes,Exoma clínico (WES),genomic_sequencing,YES,Sufficient,Visible leaf / direct list,EXACT_EXISTING,Keep canonical identity and current route,,,C1; N1; H1,Catalog authority; provider comparison not required for existing identity,LOW,"Genetics belongs to HIER03 laboratory root, but is not a routine common-lab addition target.",false,,Exoma clínico (WES); wes; WES
wgs,Genoma clínico (WGS),WGS,YES,wgs,Genoma clínico (WGS),genomic_sequencing,YES,Sufficient,Visible leaf / direct list,EXACT_EXISTING,Keep canonical identity and current route,,,C1; N1; H1,Catalog authority; provider comparison not required for existing identity,LOW,"Genetics belongs to HIER03 laboratory root, but is not a routine common-lab addition target.",false,,Genoma clínico (WGS); wgs; WGS
anti_ccp,Anti-CCP,ANTI_CCP,YES,anti_ccp,Anti-CCP,autoimmunity,YES,Missing: anticuerpos anti-CCP,Visible leaf / direct list,EXISTING_MISSING_ALIAS,Add only high-confidence aliases after collision check,,,C1; N1; H1,Catalog authority; provider comparison not required for existing identity,LOW,Abbreviation works; full phrase absent.,false,,Anti-CCP; anti_ccp; Acs. anti-péptido cíclicos citrulinados
crp_hs,PCR ultrasensible,CRP_HS,YES,crp_hs,PCR ultrasensible,inflammation,YES,Missing: hs-CRP; PCR-us,Visible leaf / direct list,EXISTING_MISSING_ALIAS,Add only high-confidence aliases after collision check; optional physician display: Proteína C reactiva ultrasensible (PCR-us),,,C1; N1; H1,Catalog authority; provider comparison not required for existing identity,LOW,Ultrasensible exists; plain PCR is ambiguous and must not alias here. Existing PCR ultrasensible may be confused with molecular PCR.,false,,PCR ultrasensible; crp_hs; Proteína C reactiva H.S.
esr,VSG,ESR,YES,esr,VSG,hematology; inflammation,YES,Missing: velocidad de sedimentación globular,Visible leaf / group,EXISTING_MISSING_ALIAS,Add only high-confidence aliases after collision check; optional physician display: Velocidad de sedimentación globular (VSG),,,C1; N1; H1,Catalog authority; provider comparison not required for existing identity,LOW,Full Spanish name absent; VSG works. Existing display abbreviation-only.,false,Biometría y recuentos,VSG; esr; Velocidad de sed. globular
ft3,T3 libre,FT3,YES,ft3,T3 libre,endocrine,YES,Missing: T3L,Visible leaf / group,EXISTING_MISSING_ALIAS,Add only high-confidence aliases after collision check,,,C1; N1; H1,Catalog authority; provider comparison not required for existing identity,LOW,FT3 key and T3 libre display work; T3L absent.,false,Tiroides,T3 libre; ft3; Triyodotironina libre
ft4,T4 libre,FT4,YES,ft4,T4 libre,endocrine,YES,Missing: T4L,Visible leaf / group,EXISTING_MISSING_ALIAS,Add only high-confidence aliases after collision check; optional physician display: Tiroxina libre (T4 libre),,,C1; N1; H1,Catalog authority; provider comparison not required for existing identity,LOW,"FT4 key and T4 libre display work; T4L absent. Current T4 libre is valid; this is optional, lower priority.",true,Tiroides,T4 libre; ft4; Tiroxina libre
hba1c,HbA1c,HBA1C,YES,hba1c,HbA1c,endocrine,YES,Missing: hemoglobina glucosilada; hemoglobina A1c,Visible leaf / group,EXISTING_MISSING_ALIAS,Add only high-confidence aliases after collision check; optional physician display: Hemoglobina glicosilada (HbA1c),,,C1; N1; H1,Catalog authority; provider comparison not required for existing identity,LOW,Variant not present; glicosilada and HbA1c already match. Existing HbA1c is exact but abbreviation-only display weak for physicians.,true,Metabolismo de glucosa,HbA1c; hba1c; Hemoglobina glicosilada
hiv_ag_ac,VIH Ag/Ac,HIV_AG_AC,YES,hiv_ag_ac,VIH Ag/Ac,infectious_serology,YES,Missing: virus de inmunodeficiencia humana,Visible leaf / direct list,EXISTING_MISSING_ALIAS,Add only high-confidence aliases after collision check,,,C1; N1; H1,Catalog authority; provider comparison not required for existing identity,LOW,"VIH works; assay generation is not encoded, so do not add a generation-specific alias.",false,,VIH Ag/Ac; hiv_ag_ac
ogtt,Curva de glucosa (OGTT),OGTT,YES,ogtt,Curva de glucosa (OGTT),endocrine,YES,Missing: curva de tolerancia oral a la glucosa,Visible leaf / group,EXISTING_MISSING_ALIAS,Add only high-confidence aliases after collision check,,,C1; N1; H1,Catalog authority; provider comparison not required for existing identity,LOW,OGTT works; full Spanish phrase absent.,false,Metabolismo de glucosa,Curva de glucosa (OGTT); ogtt; OGTT; Curva de tolerancia glucosa
cbc_rdw_component,Ancho de distribución eritrocitaria en biometría hemática,RDW,NO,,,,NO,See notes,See notes,RESULT_COMPONENT_NOT_ORDERABLE,Defer or keep separate; see Director notes,,,C1; N1,C1,MEDIUM,Treat RDW as a CBC result component in this audit; no separate routine order identity proposed.,false,,key/name/abbreviation/known synonyms checked
acth_plasma,Hormona adrenocorticotropa plasmática,ACTH,NO,,,,NO,N/A,No canonical route,TRUE_MISSING_CANONICAL,Propose one new measured canonical identity in target leaf,acth_plasma,P2_COMMON_SPECIALTY,C1; N1; M3,M3,LOW,Specimen and handling must be explicit before writer exposure.,false,,key/name/abbreviation/Spanish synonyms checked against active 232
afp_serum,Alfa-fetoproteína sérica,AFP,NO,,,,NO,N/A,No canonical route,TRUE_MISSING_CANONICAL,Propose one new measured canonical identity in target leaf,afp_serum,P2_COMMON_SPECIALTY,C1; N1; M2,M2,LOW,Not β-hCG.,false,,key/name/abbreviation/Spanish synonyms checked against active 232
anti_ds_dna,Anticuerpos anti-DNA de doble cadena,anti-dsDNA,NO,,,,NO,N/A,No canonical route,TRUE_MISSING_CANONICAL,Propose one new measured canonical identity in target leaf,anti_ds_dna,P2_COMMON_SPECIALTY,C1; N1; M3,M3,MEDIUM,Distinct from ANA/ENA.,false,,key/name/abbreviation/Spanish synonyms checked against active 232
apo_b,Apolipoproteína B,ApoB,NO,,,,NO,See notes,See notes,TRUE_MISSING_CANONICAL,Defer or keep separate; see Director notes,apo_b,P2_COMMON_SPECIALTY,C1; N1; M3,M3,MEDIUM,Distinct from LDL; verify standalone orderable before implementation.,false,,key/name/abbreviation/known synonyms checked
bicarbonate_serum,Bicarbonato / CO2 total sérico,HCO3 / tCO2,NO,,,,NO,See notes,See notes,TRUE_MISSING_CANONICAL,Defer or keep separate; see Director notes,bicarbonate_serum,P2_COMMON_SPECIALTY,C1; N1; M3,M3,MEDIUM,Check assay/result representation before implementation; electrolytes alone do not imply it.,false,,key/name/abbreviation/known synonyms checked
ca125_serum,Antígeno CA 125 sérico,CA 125,NO,,,,NO,N/A,No canonical route,TRUE_MISSING_CANONICAL,Propose one new measured canonical identity in target leaf,ca125_serum,P2_COMMON_SPECIALTY,C1; N1; M1; M2,M1; M2,MEDIUM,Distinct marker; avoid use as screening claim.,false,,key/name/abbreviation/Spanish synonyms checked against active 232
ca153_serum,Antígeno CA 15-3 sérico,CA 15-3,NO,,,,NO,N/A,No canonical route,TRUE_MISSING_CANONICAL,Propose one new measured canonical identity in target leaf,ca153_serum,P2_COMMON_SPECIALTY,C1; N1; M2,M2,MEDIUM,Distinct marker.,false,,key/name/abbreviation/Spanish synonyms checked against active 232
ca199_serum,Antígeno CA 19-9 sérico,CA 19-9,NO,,,,NO,N/A,No canonical route,TRUE_MISSING_CANONICAL,Propose one new measured canonical identity in target leaf,ca199_serum,P2_COMMON_SPECIALTY,C1; N1; M1; M2,M1; M2,MEDIUM,Distinct marker.,false,,key/name/abbreviation/Spanish synonyms checked against active 232
cea_serum,Antígeno carcinoembrionario sérico,CEA,NO,,,,NO,N/A,No canonical route,TRUE_MISSING_CANONICAL,Propose one new measured canonical identity in target leaf,cea_serum,P2_COMMON_SPECIALTY,C1; N1; M1; M2,M1; M2,MEDIUM,Distinct from other tumor markers.,false,,key/name/abbreviation/Spanish synonyms checked against active 232
cortisol_serum,Cortisol sérico,Cortisol,NO,,,,NO,N/A,No canonical route,TRUE_MISSING_CANONICAL,Propose one new measured canonical identity in target leaf,cortisol_serum,P1_COMMON_GENERAL,C1; N1; M1; M3,M1; M3,LOW,Collection timing matters; preserve single serum identity.,false,,key/name/abbreviation/Spanish synonyms checked against active 232
crp_standard,Proteína C reactiva convencional,PCR / CRP,NO,,,,NO,N/A,No canonical route,TRUE_MISSING_CANONICAL,Propose one new measured canonical identity in target leaf,crp_standard,P1_COMMON_GENERAL,C1; N1; M1; R1,M1; R1,MEDIUM,Distinct from hs-CRP; do not alias plain PCR to crp_hs.,false,,key/name/abbreviation/Spanish synonyms checked against active 232
dheas_serum,Sulfato de dehidroepiandrosterona,DHEA-S,NO,,,,NO,N/A,No canonical route,TRUE_MISSING_CANONICAL,Propose one new measured canonical identity in target leaf,dheas_serum,P2_COMMON_SPECIALTY,C1; N1; M5,M5,MEDIUM,Distinct from unconjugated DHEA.,false,,key/name/abbreviation/Spanish synonyms checked against active 232
insulin_serum,Insulina sérica,Insulina,NO,,,,NO,N/A,No canonical route,TRUE_MISSING_CANONICAL,Propose one new measured canonical identity in target leaf,insulin_serum,P1_COMMON_GENERAL,C1; N1; M1; M3,M1; M3,LOW,Do not conflate with OGTT or insulin-response panel.,false,,key/name/abbreviation/Spanish synonyms checked against active 232
ldh_serum,Lactato deshidrogenasa sérica,LDH / DHL,NO,,,,NO,N/A,No canonical route,TRUE_MISSING_CANONICAL,Propose one new measured canonical identity in target leaf,ldh_serum,P1_COMMON_GENERAL,C1; N1; M5,M5,LOW,"Existing body_fluid_ldh is specimen-specific, not serum.",false,,key/name/abbreviation/Spanish synonyms checked against active 232
nt_probnp,NT-proBNP,NT-proBNP,NO,,,,NO,N/A,No canonical route,TRUE_MISSING_CANONICAL,Propose one new measured canonical identity in target leaf,nt_probnp,P2_COMMON_SPECIALTY,C1; N1; M3,M3,LOW,Not equivalent to BNP; verify independent provider orderability.,false,,key/name/abbreviation/Spanish synonyms checked against active 232
procalcitonin_serum,Procalcitonina sérica,PCT,NO,,,,NO,N/A,No canonical route,TRUE_MISSING_CANONICAL,Propose one new measured canonical identity in target leaf,procalcitonin_serum,P2_COMMON_SPECIALTY,C1; N1; M1,M1,MEDIUM,Distinct from CRP; avoid PCT abbreviation alone if collision.,false,,key/name/abbreviation/Spanish synonyms checked against active 232
psa_free,Antígeno prostático específico libre,PSA libre / APE libre,NO,,,,NO,N/A,No canonical route,TRUE_MISSING_CANONICAL,Propose one new measured canonical identity in target leaf,psa_free,P2_COMMON_SPECIALTY,C1; N1; M4; R2,M4; R2,MEDIUM,Distinct measured analyte from PSA total; ratio derived.,false,,key/name/abbreviation/Spanish synonyms checked against active 232
psa_total,Antígeno prostático específico total,PSA total / APE total,NO,,,,NO,N/A,No canonical route,TRUE_MISSING_CANONICAL,Propose one new measured canonical identity in target leaf,psa_total,P1_COMMON_GENERAL,C1; N1; M1; M4; R2,M1; M4; R2,LOW,Not bhcg; APE/PSA aliases refer to total only when unqualified clinical context is resolved.,false,,key/name/abbreviation/Spanish synonyms checked against active 232
pth_intact,Paratohormona intacta,PTH,NO,,,,NO,N/A,No canonical route,TRUE_MISSING_CANONICAL,Propose one new measured canonical identity in target leaf,pth_intact,P2_COMMON_SPECIALTY,C1; N1; M3,M3,LOW,Intact assay form should be explicit.,false,,key/name/abbreviation/Spanish synonyms checked against active 232
syphilis_vdrl_serum,VDRL sérico,VDRL,NO,,,,NO,N/A,No canonical route,TRUE_MISSING_CANONICAL,Propose one new measured canonical identity in target leaf,syphilis_vdrl_serum,P1_COMMON_GENERAL,C1; N1; M1,M1,LOW,"Existing csf_vdrl is LCR-specific, not serum; separate specimen and interpretation.",false,,key/name/abbreviation/Spanish synonyms checked against active 232
total_t3,Triyodotironina total,T3 total,NO,,,,NO,See notes,See notes,TRUE_MISSING_CANONICAL,Defer or keep separate; see Director notes,total_t3,P2_COMMON_SPECIALTY,C1; N1; M3,M3,MEDIUM,Current ft3 is free T3; total T3 must not alias to it.,false,,key/name/abbreviation/known synonyms checked
troponin_i,Troponina I cardiaca,cTnI,NO,,,,NO,N/A,No canonical route,TRUE_MISSING_CANONICAL,Propose one new measured canonical identity in target leaf,troponin_i,P2_COMMON_SPECIALTY,C1; N1; M3,M3,LOW,Troponin T is not interchangeable; high-sensitivity assay label requires method verification.,false,,key/name/abbreviation/Spanish synonyms checked against active 232
abo_rh,Grupo ABO y Rh(D),ABO/Rh,NO,,,,NO,See notes,See notes,TRUE_MISSING_PANEL,Defer or keep separate; see Director notes,,P1_COMMON_GENERAL,C1; N1; M3,M3,MEDIUM,"Panel with two component results, avoid single untyped analyte.",false,,key/name/abbreviation/known synonyms checked
psa_total_free_panel,PSA total y libre (solicitud conjunta),PSA total/libre,NO,,,,NO,See notes,See notes,TRUE_MISSING_PANEL,Defer or keep separate; see Director notes,,P2_COMMON_SPECIALTY,C1; N1; M4; R2,M4; R2,MEDIUM,Defer panel until component/result contract supports exact total and free IDs; do not add as one analyte.,false,,key/name/abbreviation/known synonyms checked
vitamin_d_25oh,25-hidroxivitamina D,25-OH D,UNCERTAIN,vitamin_d,Vitamina D,chemistry,NO,See notes,See notes,UNCERTAIN,Defer or keep separate; see Director notes,,,C1; N1,C1,HIGH,vitamin_d exists with generic display; verify assay analyte before display/alias change or new identity.,false,,key/name/abbreviation/known synonyms checked
