concept,spanish_common_name,abbreviation,current_canonical_match,canonical_key,current_display_name,current_leaf,searchable,alias_status,navigation_status,gap_classification,proposed_action,proposed_key_if_missing,priority,source,mexico_source_support,duplicate_risk,director_notes,featured_membership,accordion_membership,search_queries_tested,r1_action,r1_stable_key,r1_old_display_name,r1_new_display_name,r1_canonical_category,r1_root_family,r1_primary_leaf_key,r1_leaf_label,r1_accordion_group_key,r1_accordion_group_label,r1_operational_routing_group,r1_specimen_rule,r1_specimen_type_key,r1_collection_rule,r1_paired_specimen_rule,r1_aliases_add_json,r1_aliases_remove_json,r1_search_terms_json,r1_featured_eligibility,r1_result_model_compatibility,r1_priority_bucket,r1_source_authority,r1_leaf_unchanged,r1_group_unchanged,r1_routing_unchanged,r1_implementation_status
crp_standard,Proteína C reactiva convencional,PCR / CRP,NO,,,,NO,N/A,No canonical route,TRUE_MISSING_CANONICAL,Propose one new measured canonical identity in target leaf,crp_standard,P1_COMMON_GENERAL,C1; N1; M1; R1,M1; R1,MEDIUM,Distinct from hs-CRP; do not alias plain PCR to crp_hs.,false,,key/name/abbreviation/Spanish synonyms checked against active 232,CREATE_CANONICAL,crp_standard,NONE,Proteína C reactiva convencional,LABORATORIO,laboratory,inflammation,LABORATORIO / INFLAMACIÓN Y REACTANTES,DIRECT_DISPLAY,DIRECT_DISPLAY,CLINICAL_LAB,FIXED,SERUM,NONE,NONE,"[""CRP convencional"",""Proteína C reactiva estándar""]",[],"[""Proteína C reactiva convencional"",""crp_standard"",""CRP convencional"",""Proteína C reactiva estándar""]",NOT_FEATURED,EXISTING_SINGLE_ORDER_ITEM_RESULT_LINKAGE; NO_NEW_RESULT_COMPONENT,P1_COMMON_GENERAL,C1; N1; M1; R1; CAT04A_R1_CONTRACT,N/A_NEW,N/A_NEW,N/A_NEW,IMPLEMENTABLE_AFTER_DIRECTOR_REVIEW
psa_total,Antígeno prostático específico total,PSA total / APE total,NO,,,,NO,N/A,No canonical route,TRUE_MISSING_CANONICAL,Propose one new measured canonical identity in target leaf,psa_total,P1_COMMON_GENERAL,C1; N1; M1; M4; R2,M1; M4; R2,LOW,Not bhcg; APE/PSA aliases refer to total only when unqualified clinical context is resolved.,false,,key/name/abbreviation/Spanish synonyms checked against active 232,CREATE_CANONICAL,psa_total,NONE,Antígeno prostático específico total,LABORATORIO,laboratory,tumor,LABORATORIO / MARCADORES TUMORALES,tumor__markers,Marcadores tumorales,CLINICAL_LAB,FIXED,SERUM,NONE,NONE,"[""PSA total"",""APE total"",""Antígeno prostático total""]",[],"[""Antígeno prostático específico total"",""psa_total"",""PSA total"",""APE total"",""Antígeno prostático total""]",NOT_FEATURED,EXISTING_SINGLE_ORDER_ITEM_RESULT_LINKAGE; NO_NEW_RESULT_COMPONENT,P1_COMMON_GENERAL,C1; N1; M1; M4; R2; CAT04A_R1_CONTRACT,N/A_NEW,N/A_NEW,N/A_NEW,IMPLEMENTABLE_AFTER_DIRECTOR_REVIEW
insulin_serum,Insulina sérica,Insulina,NO,,,,NO,N/A,No canonical route,TRUE_MISSING_CANONICAL,Propose one new measured canonical identity in target leaf,insulin_serum,P1_COMMON_GENERAL,C1; N1; M1; M3,M1; M3,LOW,Do not conflate with OGTT or insulin-response panel.,false,,key/name/abbreviation/Spanish synonyms checked against active 232,CREATE_CANONICAL,insulin_serum,NONE,Insulina sérica,LABORATORIO,laboratory,endocrine,LABORATORIO / ENDOCRINOLOGÍA Y HORMONAS,endocrine__glycemic,Metabolismo de glucosa,CLINICAL_LAB,FIXED,SERUM,NONE,NONE,"[""Insulina"",""Insulina en suero""]",[],"[""Insulina sérica"",""insulin_serum"",""Insulina"",""Insulina en suero""]",NOT_FEATURED,EXISTING_SINGLE_ORDER_ITEM_RESULT_LINKAGE; NO_NEW_RESULT_COMPONENT,P1_COMMON_GENERAL,C1; N1; M1; M3; CAT04A_R1_CONTRACT,N/A_NEW,N/A_NEW,N/A_NEW,IMPLEMENTABLE_AFTER_DIRECTOR_REVIEW
cortisol_serum,Cortisol sérico,Cortisol,NO,,,,NO,N/A,No canonical route,TRUE_MISSING_CANONICAL,Propose one new measured canonical identity in target leaf,cortisol_serum,P1_COMMON_GENERAL,C1; N1; M1; M3,M1; M3,LOW,Collection timing matters; preserve single serum identity.,false,,key/name/abbreviation/Spanish synonyms checked against active 232,CREATE_CANONICAL,cortisol_serum,NONE,Cortisol sérico,LABORATORIO,laboratory,endocrine,LABORATORIO / ENDOCRINOLOGÍA Y HORMONAS,endocrine__adrenal,Hormonas suprarrenales,CLINICAL_LAB,FIXED,SERUM,NONE,NONE,"[""Cortisol"",""Cortisol en suero""]",[],"[""Cortisol sérico"",""cortisol_serum"",""Cortisol"",""Cortisol en suero""]",NOT_FEATURED,EXISTING_SINGLE_ORDER_ITEM_RESULT_LINKAGE; NO_NEW_RESULT_COMPONENT,P1_COMMON_GENERAL,C1; N1; M1; M3; CAT04A_R1_CONTRACT,N/A_NEW,N/A_NEW,N/A_NEW,IMPLEMENTABLE_AFTER_DIRECTOR_REVIEW
syphilis_vdrl_serum,VDRL sérico,VDRL,NO,,,,NO,N/A,No canonical route,TRUE_MISSING_CANONICAL,Propose one new measured canonical identity in target leaf,syphilis_vdrl_serum,P1_COMMON_GENERAL,C1; N1; M1,M1,LOW,"Existing csf_vdrl is LCR-specific, not serum; separate specimen and interpretation.",false,,key/name/abbreviation/Spanish synonyms checked against active 232,CREATE_CANONICAL,syphilis_vdrl_serum,NONE,VDRL sérico,LABORATORIO,laboratory,infectious_serology,LABORATORIO / OTRAS SEROLOGÍAS INFECCIOSAS,DIRECT_DISPLAY,DIRECT_DISPLAY,CLINICAL_LAB,FIXED,SERUM,NONE,NONE,"[""VDRL en suero"",""Prueba VDRL sérica""]",[],"[""VDRL sérico"",""syphilis_vdrl_serum"",""VDRL en suero"",""Prueba VDRL sérica""]",NOT_FEATURED,EXISTING_SINGLE_ORDER_ITEM_RESULT_LINKAGE; NO_NEW_RESULT_COMPONENT,P1_COMMON_GENERAL,C1; N1; M1; CAT04A_R1_CONTRACT,N/A_NEW,N/A_NEW,N/A_NEW,IMPLEMENTABLE_AFTER_DIRECTOR_REVIEW
ldh_serum,Lactato deshidrogenasa sérica,LDH / DHL,NO,,,,NO,N/A,No canonical route,TRUE_MISSING_CANONICAL,Propose one new measured canonical identity in target leaf,ldh_serum,P1_COMMON_GENERAL,C1; N1; M5,M5,LOW,"Existing body_fluid_ldh is specimen-specific, not serum.",false,,key/name/abbreviation/Spanish synonyms checked against active 232,CREATE_CANONICAL,ldh_serum,NONE,Lactato deshidrogenasa sérica,LABORATORIO,laboratory,chemistry,LABORATORIO / QUÍMICA CLÍNICA,chemistry__enzymes,Enzimas pancreáticas y musculares,CLINICAL_LAB,FIXED,SERUM,NONE,NONE,"[""LDH sérica"",""DHL sérica"",""Lactato deshidrogenasa en suero""]",[],"[""Lactato deshidrogenasa sérica"",""ldh_serum"",""LDH sérica"",""DHL sérica"",""Lactato deshidrogenasa en suero""]",NOT_FEATURED,EXISTING_SINGLE_ORDER_ITEM_RESULT_LINKAGE; NO_NEW_RESULT_COMPONENT,P1_COMMON_GENERAL,C1; N1; M5; CAT04A_R1_CONTRACT,N/A_NEW,N/A_NEW,N/A_NEW,IMPLEMENTABLE_AFTER_DIRECTOR_REVIEW
psa_free,Antígeno prostático específico libre,PSA libre / APE libre,NO,,,,NO,N/A,No canonical route,TRUE_MISSING_CANONICAL,Propose one new measured canonical identity in target leaf,psa_free,P2_COMMON_SPECIALTY,C1; N1; M4; R2,M4; R2,MEDIUM,Distinct measured analyte from PSA total; ratio derived.,false,,key/name/abbreviation/Spanish synonyms checked against active 232,CREATE_CANONICAL,psa_free,NONE,Antígeno prostático específico libre,LABORATORIO,laboratory,tumor,LABORATORIO / MARCADORES TUMORALES,tumor__markers,Marcadores tumorales,CLINICAL_LAB,FIXED,SERUM,NONE,NONE,"[""PSA libre"",""APE libre"",""Antígeno prostático libre""]",[],"[""Antígeno prostático específico libre"",""psa_free"",""PSA libre"",""APE libre"",""Antígeno prostático libre""]",NOT_FEATURED,EXISTING_SINGLE_ORDER_ITEM_RESULT_LINKAGE; NO_NEW_RESULT_COMPONENT,P2_COMMON_SPECIALTY,C1; N1; M4; R2; CAT04A_R1_CONTRACT,N/A_NEW,N/A_NEW,N/A_NEW,IMPLEMENTABLE_AFTER_DIRECTOR_REVIEW
afp_serum,Alfa-fetoproteína sérica,AFP,NO,,,,NO,N/A,No canonical route,TRUE_MISSING_CANONICAL,Propose one new measured canonical identity in target leaf,afp_serum,P2_COMMON_SPECIALTY,C1; N1; M2,M2,LOW,Not β-hCG.,false,,key/name/abbreviation/Spanish synonyms checked against active 232,CREATE_CANONICAL,afp_serum,NONE,Alfa-fetoproteína sérica,LABORATORIO,laboratory,tumor,LABORATORIO / MARCADORES TUMORALES,tumor__markers,Marcadores tumorales,CLINICAL_LAB,FIXED,SERUM,NONE,NONE,"[""AFP"",""Alfa fetoproteína""]",[],"[""Alfa-fetoproteína sérica"",""afp_serum"",""AFP"",""Alfa fetoproteína""]",NOT_FEATURED,EXISTING_SINGLE_ORDER_ITEM_RESULT_LINKAGE; NO_NEW_RESULT_COMPONENT,P2_COMMON_SPECIALTY,C1; N1; M2; CAT04A_R1_CONTRACT,N/A_NEW,N/A_NEW,N/A_NEW,IMPLEMENTABLE_AFTER_DIRECTOR_REVIEW
cea_serum,Antígeno carcinoembrionario sérico,CEA,NO,,,,NO,N/A,No canonical route,TRUE_MISSING_CANONICAL,Propose one new measured canonical identity in target leaf,cea_serum,P2_COMMON_SPECIALTY,C1; N1; M1; M2,M1; M2,MEDIUM,Distinct from other tumor markers.,false,,key/name/abbreviation/Spanish synonyms checked against active 232,CREATE_CANONICAL,cea_serum,NONE,Antígeno carcinoembrionario sérico,LABORATORIO,laboratory,tumor,LABORATORIO / MARCADORES TUMORALES,tumor__markers,Marcadores tumorales,CLINICAL_LAB,FIXED,SERUM,NONE,NONE,"[""CEA"",""Antígeno carcinoembrionario""]",[],"[""Antígeno carcinoembrionario sérico"",""cea_serum"",""CEA"",""Antígeno carcinoembrionario""]",NOT_FEATURED,EXISTING_SINGLE_ORDER_ITEM_RESULT_LINKAGE; NO_NEW_RESULT_COMPONENT,P2_COMMON_SPECIALTY,C1; N1; M1; M2; CAT04A_R1_CONTRACT,N/A_NEW,N/A_NEW,N/A_NEW,IMPLEMENTABLE_AFTER_DIRECTOR_REVIEW
ca125_serum,Antígeno CA 125 sérico,CA 125,NO,,,,NO,N/A,No canonical route,TRUE_MISSING_CANONICAL,Propose one new measured canonical identity in target leaf,ca125_serum,P2_COMMON_SPECIALTY,C1; N1; M1; M2,M1; M2,MEDIUM,Distinct marker; avoid use as screening claim.,false,,key/name/abbreviation/Spanish synonyms checked against active 232,CREATE_CANONICAL,ca125_serum,NONE,Antígeno CA 125 sérico,LABORATORIO,laboratory,tumor,LABORATORIO / MARCADORES TUMORALES,tumor__markers,Marcadores tumorales,CLINICAL_LAB,FIXED,SERUM,NONE,NONE,"[""CA 125"",""CA-125""]",[],"[""Antígeno CA 125 sérico"",""ca125_serum"",""CA 125"",""CA-125""]",NOT_FEATURED,EXISTING_SINGLE_ORDER_ITEM_RESULT_LINKAGE; NO_NEW_RESULT_COMPONENT,P2_COMMON_SPECIALTY,C1; N1; M1; M2; CAT04A_R1_CONTRACT,N/A_NEW,N/A_NEW,N/A_NEW,IMPLEMENTABLE_AFTER_DIRECTOR_REVIEW
ca199_serum,Antígeno CA 19-9 sérico,CA 19-9,NO,,,,NO,N/A,No canonical route,TRUE_MISSING_CANONICAL,Propose one new measured canonical identity in target leaf,ca199_serum,P2_COMMON_SPECIALTY,C1; N1; M1; M2,M1; M2,MEDIUM,Distinct marker.,false,,key/name/abbreviation/Spanish synonyms checked against active 232,CREATE_CANONICAL,ca199_serum,NONE,Antígeno CA 19-9 sérico,LABORATORIO,laboratory,tumor,LABORATORIO / MARCADORES TUMORALES,tumor__markers,Marcadores tumorales,CLINICAL_LAB,FIXED,SERUM,NONE,NONE,"[""CA 19-9"",""CA19-9""]",[],"[""Antígeno CA 19-9 sérico"",""ca199_serum"",""CA 19-9"",""CA19-9""]",NOT_FEATURED,EXISTING_SINGLE_ORDER_ITEM_RESULT_LINKAGE; NO_NEW_RESULT_COMPONENT,P2_COMMON_SPECIALTY,C1; N1; M1; M2; CAT04A_R1_CONTRACT,N/A_NEW,N/A_NEW,N/A_NEW,IMPLEMENTABLE_AFTER_DIRECTOR_REVIEW
ca153_serum,Antígeno CA 15-3 sérico,CA 15-3,NO,,,,NO,N/A,No canonical route,TRUE_MISSING_CANONICAL,Propose one new measured canonical identity in target leaf,ca153_serum,P2_COMMON_SPECIALTY,C1; N1; M2,M2,MEDIUM,Distinct marker.,false,,key/name/abbreviation/Spanish synonyms checked against active 232,CREATE_CANONICAL,ca153_serum,NONE,Antígeno CA 15-3 sérico,LABORATORIO,laboratory,tumor,LABORATORIO / MARCADORES TUMORALES,tumor__markers,Marcadores tumorales,CLINICAL_LAB,FIXED,SERUM,NONE,NONE,"[""CA 15-3"",""CA15-3""]",[],"[""Antígeno CA 15-3 sérico"",""ca153_serum"",""CA 15-3"",""CA15-3""]",NOT_FEATURED,EXISTING_SINGLE_ORDER_ITEM_RESULT_LINKAGE; NO_NEW_RESULT_COMPONENT,P2_COMMON_SPECIALTY,C1; N1; M2; CAT04A_R1_CONTRACT,N/A_NEW,N/A_NEW,N/A_NEW,IMPLEMENTABLE_AFTER_DIRECTOR_REVIEW
acth_plasma,Hormona adrenocorticotropa plasmática,ACTH,NO,,,,NO,N/A,No canonical route,TRUE_MISSING_CANONICAL,Propose one new measured canonical identity in target leaf,acth_plasma,P2_COMMON_SPECIALTY,C1; N1; M3,M3,LOW,Specimen and handling must be explicit before writer exposure.,false,,key/name/abbreviation/Spanish synonyms checked against active 232,CREATE_CANONICAL,acth_plasma,NONE,Hormona adrenocorticotropa plasmática,LABORATORIO,laboratory,endocrine,LABORATORIO / ENDOCRINOLOGÍA Y HORMONAS,endocrine__adrenal,Hormonas suprarrenales,CLINICAL_LAB,FIXED,PLASMA,NONE,NONE,"[""ACTH"",""Corticotropina plasmática""]",[],"[""Hormona adrenocorticotropa plasmática"",""acth_plasma"",""ACTH"",""Corticotropina plasmática""]",NOT_FEATURED,EXISTING_SINGLE_ORDER_ITEM_RESULT_LINKAGE; NO_NEW_RESULT_COMPONENT,P2_COMMON_SPECIALTY,C1; N1; M3; CAT04A_R1_CONTRACT,N/A_NEW,N/A_NEW,N/A_NEW,IMPLEMENTABLE_AFTER_DIRECTOR_REVIEW
pth_intact,Paratohormona intacta,PTH,NO,,,,NO,N/A,No canonical route,TRUE_MISSING_CANONICAL,Propose one new measured canonical identity in target leaf,pth_intact,P2_COMMON_SPECIALTY,C1; N1; M3,M3,LOW,Intact assay form should be explicit.,false,,key/name/abbreviation/Spanish synonyms checked against active 232,CREATE_CANONICAL,pth_intact,NONE,Paratohormona intacta,LABORATORIO,laboratory,endocrine,LABORATORIO / ENDOCRINOLOGÍA Y HORMONAS,endocrine__parathyroid,Paratiroides,CLINICAL_LAB,FIXED,SERUM,NONE,NONE,"[""PTH intacta"",""Hormona paratiroidea intacta""]",[],"[""Paratohormona intacta"",""pth_intact"",""PTH intacta"",""Hormona paratiroidea intacta""]",NOT_FEATURED,EXISTING_SINGLE_ORDER_ITEM_RESULT_LINKAGE; NO_NEW_RESULT_COMPONENT,P2_COMMON_SPECIALTY,C1; N1; M3; CAT04A_R1_CONTRACT,N/A_NEW,N/A_NEW,N/A_NEW,IMPLEMENTABLE_AFTER_DIRECTOR_REVIEW
dheas_serum,Sulfato de dehidroepiandrosterona,DHEA-S,NO,,,,NO,N/A,No canonical route,TRUE_MISSING_CANONICAL,Propose one new measured canonical identity in target leaf,dheas_serum,P2_COMMON_SPECIALTY,C1; N1; M5,M5,MEDIUM,Distinct from unconjugated DHEA.,false,,key/name/abbreviation/Spanish synonyms checked against active 232,CREATE_CANONICAL,dheas_serum,NONE,Sulfato de dehidroepiandrosterona,LABORATORIO,laboratory,endocrine,LABORATORIO / ENDOCRINOLOGÍA Y HORMONAS,endocrine__adrenal,Hormonas suprarrenales,CLINICAL_LAB,FIXED,SERUM,NONE,NONE,"[""DHEA-S"",""DHEAS""]",[],"[""Sulfato de dehidroepiandrosterona"",""dheas_serum"",""DHEA-S"",""DHEAS""]",NOT_FEATURED,EXISTING_SINGLE_ORDER_ITEM_RESULT_LINKAGE; NO_NEW_RESULT_COMPONENT,P2_COMMON_SPECIALTY,C1; N1; M5; CAT04A_R1_CONTRACT,N/A_NEW,N/A_NEW,N/A_NEW,IMPLEMENTABLE_AFTER_DIRECTOR_REVIEW
anti_ds_dna,Anticuerpos anti-DNA de doble cadena,anti-dsDNA,NO,,,,NO,N/A,No canonical route,TRUE_MISSING_CANONICAL,Propose one new measured canonical identity in target leaf,anti_ds_dna,P2_COMMON_SPECIALTY,C1; N1; M3,M3,MEDIUM,Distinct from ANA/ENA.,false,,key/name/abbreviation/Spanish synonyms checked against active 232,CREATE_CANONICAL,anti_ds_dna,NONE,Anticuerpos anti-DNA de doble cadena,LABORATORIO,laboratory,autoimmunity,LABORATORIO / AUTOINMUNIDAD,DIRECT_DISPLAY,DIRECT_DISPLAY,CLINICAL_LAB,FIXED,SERUM,NONE,NONE,"[""anti-dsDNA"",""anti-DNA nativo""]",[],"[""Anticuerpos anti-DNA de doble cadena"",""anti_ds_dna"",""anti-dsDNA"",""anti-DNA nativo""]",NOT_FEATURED,EXISTING_SINGLE_ORDER_ITEM_RESULT_LINKAGE; NO_NEW_RESULT_COMPONENT,P2_COMMON_SPECIALTY,C1; N1; M3; CAT04A_R1_CONTRACT,N/A_NEW,N/A_NEW,N/A_NEW,IMPLEMENTABLE_AFTER_DIRECTOR_REVIEW
procalcitonin_serum,Procalcitonina sérica,PCT,NO,,,,NO,N/A,No canonical route,TRUE_MISSING_CANONICAL,Propose one new measured canonical identity in target leaf,procalcitonin_serum,P2_COMMON_SPECIALTY,C1; N1; M1,M1,MEDIUM,Distinct from CRP; avoid PCT abbreviation alone if collision.,false,,key/name/abbreviation/Spanish synonyms checked against active 232,CREATE_CANONICAL,procalcitonin_serum,NONE,Procalcitonina sérica,LABORATORIO,laboratory,inflammation,LABORATORIO / INFLAMACIÓN Y REACTANTES,DIRECT_DISPLAY,DIRECT_DISPLAY,CLINICAL_LAB,FIXED,SERUM,NONE,NONE,"[""PCT"",""Procalcitonina en suero""]",[],"[""Procalcitonina sérica"",""procalcitonin_serum"",""PCT"",""Procalcitonina en suero""]",NOT_FEATURED,EXISTING_SINGLE_ORDER_ITEM_RESULT_LINKAGE; NO_NEW_RESULT_COMPONENT,P2_COMMON_SPECIALTY,C1; N1; M1; CAT04A_R1_CONTRACT,N/A_NEW,N/A_NEW,N/A_NEW,IMPLEMENTABLE_AFTER_DIRECTOR_REVIEW
total_t3,Triyodotironina total,T3 total,NO,,,,NO,See notes,See notes,TRUE_MISSING_CANONICAL,Defer or keep separate; see Director notes,total_t3,P2_COMMON_SPECIALTY,C1; N1; M3,M3,MEDIUM,Current ft3 is free T3; total T3 must not alias to it.,false,,key/name/abbreviation/known synonyms checked,CREATE_CANONICAL,total_t3,NONE,Triyodotironina total,LABORATORIO,laboratory,endocrine,LABORATORIO / ENDOCRINOLOGÍA Y HORMONAS,endocrine__thyroid,Tiroides,CLINICAL_LAB,FIXED,SERUM,NONE,NONE,"[""T3 total""]",[],"[""Triyodotironina total"",""total_t3"",""T3 total""]",NOT_FEATURED,EXISTING_SINGLE_ORDER_ITEM_RESULT_LINKAGE; NO_NEW_RESULT_COMPONENT,P2_COMMON_SPECIALTY,C1; N1; M3; CAT04A_R1_CONTRACT,N/A_NEW,N/A_NEW,N/A_NEW,IMPLEMENTABLE_AFTER_DIRECTOR_REVIEW
bicarbonate_serum,Bicarbonato / CO2 total sérico,HCO3 / tCO2,NO,,,,NO,See notes,See notes,TRUE_MISSING_CANONICAL,Defer or keep separate; see Director notes,bicarbonate_serum,P2_COMMON_SPECIALTY,C1; N1; M3,M3,MEDIUM,Check assay/result representation before implementation; electrolytes alone do not imply it.,false,,key/name/abbreviation/known synonyms checked,CREATE_CANONICAL,bicarbonate_serum,NONE,Bicarbonato / CO2 total sérico,LABORATORIO,laboratory,chemistry,LABORATORIO / QUÍMICA CLÍNICA,chemistry__electrolytes,Electrolitos y minerales,CLINICAL_LAB,FIXED,SERUM,NONE,NONE,"[""HCO3 sérico"",""CO2 total sérico"",""Bicarbonato sérico""]",[],"[""Bicarbonato / CO2 total sérico"",""bicarbonate_serum"",""HCO3 sérico"",""CO2 total sérico"",""Bicarbonato sérico""]",NOT_FEATURED,EXISTING_SINGLE_ORDER_ITEM_RESULT_LINKAGE; NO_NEW_RESULT_COMPONENT,P2_COMMON_SPECIALTY,C1; N1; M3; CAT04A_R1_CONTRACT,N/A_NEW,N/A_NEW,N/A_NEW,IMPLEMENTABLE_AFTER_DIRECTOR_REVIEW
apo_b,Apolipoproteína B,ApoB,NO,,,,NO,See notes,See notes,TRUE_MISSING_CANONICAL,Defer or keep separate; see Director notes,apo_b,P2_COMMON_SPECIALTY,C1; N1; M3,M3,MEDIUM,Distinct from LDL; verify standalone orderable before implementation.,false,,key/name/abbreviation/known synonyms checked,CREATE_CANONICAL,apo_b,NONE,Apolipoproteína B,LABORATORIO,laboratory,chemistry,LABORATORIO / QUÍMICA CLÍNICA,chemistry__lipids,Lípidos,CLINICAL_LAB,FIXED,SERUM,NONE,NONE,"[""ApoB"",""Apo B"",""Apolipoproteína B en suero""]",[],"[""Apolipoproteína B"",""apo_b"",""ApoB"",""Apo B"",""Apolipoproteína B en suero""]",NOT_FEATURED,EXISTING_SINGLE_ORDER_ITEM_RESULT_LINKAGE; NO_NEW_RESULT_COMPONENT,P2_COMMON_SPECIALTY,C1; N1; M3; CAT04A_R1_CONTRACT,N/A_NEW,N/A_NEW,N/A_NEW,IMPLEMENTABLE_AFTER_DIRECTOR_REVIEW
ft4,T4 libre,FT4,YES,ft4,T4 libre,endocrine,YES,Missing: T4L,Visible leaf / group,EXISTING_MISSING_ALIAS,Add only high-confidence aliases after collision check; optional physician display: Tiroxina libre (T4 libre),,,C1; N1; H1,Catalog authority; provider comparison not required for existing identity,LOW,"FT4 key and T4 libre display work; T4L absent. Current T4 libre is valid; this is optional, lower priority.",true,Tiroides,T4 libre; ft4; Tiroxina libre,ADD_ALIASES_ONLY,ft4,T4 libre,T4 libre,LABORATORIO,laboratory,endocrine,LABORATORIO / ENDOCRINOLOGÍA Y HORMONAS,endocrine__thyroid,Tiroides,CLINICAL_LAB,UNCHANGED_NONE,NONE,NONE,NONE,"[""T4L""]",[],"[""ft4"",""T4 libre"",""Tiroxina libre"",""T4L""]",UNCHANGED,UNCHANGED_EXACT_SOURCE_AND_SNAPSHOT,EXISTING_FIX,C1; N1; H1; CAT04A_R1_CONTRACT,YES,YES,YES,IMPLEMENTABLE_AFTER_DIRECTOR_REVIEW
ft3,T3 libre,FT3,YES,ft3,T3 libre,endocrine,YES,Missing: T3L,Visible leaf / group,EXISTING_MISSING_ALIAS,Add only high-confidence aliases after collision check,,,C1; N1; H1,Catalog authority; provider comparison not required for existing identity,LOW,FT3 key and T3 libre display work; T3L absent.,false,Tiroides,T3 libre; ft3; Triyodotironina libre,ADD_ALIASES_ONLY,ft3,T3 libre,T3 libre,LABORATORIO,laboratory,endocrine,LABORATORIO / ENDOCRINOLOGÍA Y HORMONAS,endocrine__thyroid,Tiroides,CLINICAL_LAB,UNCHANGED_NONE,NONE,NONE,NONE,"[""T3L""]",[],"[""ft3"",""T3 libre"",""Triyodotironina libre"",""T3L""]",UNCHANGED,UNCHANGED_EXACT_SOURCE_AND_SNAPSHOT,EXISTING_FIX,C1; N1; H1; CAT04A_R1_CONTRACT,YES,YES,YES,IMPLEMENTABLE_AFTER_DIRECTOR_REVIEW
hiv_ag_ac,VIH Ag/Ac,HIV_AG_AC,YES,hiv_ag_ac,VIH Ag/Ac,infectious_serology,YES,Missing: virus de inmunodeficiencia humana,Visible leaf / direct list,EXISTING_MISSING_ALIAS,Add only high-confidence aliases after collision check,,,C1; N1; H1,Catalog authority; provider comparison not required for existing identity,LOW,"VIH works; assay generation is not encoded, so do not add a generation-specific alias.",false,,VIH Ag/Ac; hiv_ag_ac,ADD_ALIASES_ONLY,hiv_ag_ac,VIH Ag/Ac,VIH Ag/Ac,LABORATORIO,laboratory,infectious_serology,LABORATORIO / OTRAS SEROLOGÍAS INFECCIOSAS,DIRECT_DISPLAY,DIRECT_DISPLAY,CLINICAL_LAB,UNCHANGED_NONE,NONE,NONE,NONE,"[""Virus de inmunodeficiencia humana""]",[],"[""hiv_ag_ac"",""VIH Ag/Ac"",""Virus de inmunodeficiencia humana""]",UNCHANGED,UNCHANGED_EXACT_SOURCE_AND_SNAPSHOT,EXISTING_FIX,C1; N1; H1; CAT04A_R1_CONTRACT,YES,YES,YES,IMPLEMENTABLE_AFTER_DIRECTOR_REVIEW
anti_ccp,Anti-CCP,ANTI_CCP,YES,anti_ccp,Anti-CCP,autoimmunity,YES,Missing: anticuerpos anti-CCP,Visible leaf / direct list,EXISTING_MISSING_ALIAS,Add only high-confidence aliases after collision check,,,C1; N1; H1,Catalog authority; provider comparison not required for existing identity,LOW,Abbreviation works; full phrase absent.,false,,Anti-CCP; anti_ccp; Acs. anti-péptido cíclicos citrulinados,ADD_ALIASES_ONLY,anti_ccp,Anti-CCP,Anti-CCP,LABORATORIO,laboratory,autoimmunity,LABORATORIO / AUTOINMUNIDAD,DIRECT_DISPLAY,DIRECT_DISPLAY,CLINICAL_LAB,UNCHANGED_NONE,NONE,NONE,NONE,"[""Anticuerpos anti-CCP""]",[],"[""anti_ccp"",""Anti-CCP"",""Acs. anti-péptido cíclicos citrulinados"",""Anticuerpos anti-CCP""]",UNCHANGED,UNCHANGED_EXACT_SOURCE_AND_SNAPSHOT,EXISTING_FIX,C1; N1; H1; CAT04A_R1_CONTRACT,YES,YES,YES,IMPLEMENTABLE_AFTER_DIRECTOR_REVIEW
ogtt,Curva de glucosa (OGTT),OGTT,YES,ogtt,Curva de glucosa (OGTT),endocrine,YES,Missing: curva de tolerancia oral a la glucosa,Visible leaf / group,EXISTING_MISSING_ALIAS,Add only high-confidence aliases after collision check,,,C1; N1; H1,Catalog authority; provider comparison not required for existing identity,LOW,OGTT works; full Spanish phrase absent.,false,Metabolismo de glucosa,Curva de glucosa (OGTT); ogtt; OGTT; Curva de tolerancia glucosa,ADD_ALIASES_ONLY,ogtt,Curva de glucosa (OGTT),Curva de glucosa (OGTT),LABORATORIO,laboratory,endocrine,LABORATORIO / ENDOCRINOLOGÍA Y HORMONAS,endocrine__glycemic,Metabolismo de glucosa,CLINICAL_LAB,UNCHANGED_NONE,NONE,NONE,NONE,"[""Curva de tolerancia oral a la glucosa""]",[],"[""ogtt"",""Curva de glucosa (OGTT)"",""OGTT"",""Curva de tolerancia glucosa"",""Curva de tolerancia oral a la glucosa""]",UNCHANGED,UNCHANGED_EXACT_SOURCE_AND_SNAPSHOT,EXISTING_FIX,C1; N1; H1; CAT04A_R1_CONTRACT,YES,YES,YES,IMPLEMENTABLE_AFTER_DIRECTOR_REVIEW
hba1c,HbA1c,HBA1C,YES,hba1c,HbA1c,endocrine,YES,Missing: hemoglobina glucosilada; hemoglobina A1c,Visible leaf / group,EXISTING_MISSING_ALIAS,Add only high-confidence aliases after collision check; optional physician display: Hemoglobina glicosilada (HbA1c),,,C1; N1; H1,Catalog authority; provider comparison not required for existing identity,LOW,Variant not present; glicosilada and HbA1c already match. Existing HbA1c is exact but abbreviation-only display weak for physicians.,true,Metabolismo de glucosa,HbA1c; hba1c; Hemoglobina glicosilada,UPDATE_DISPLAY_AND_ALIASES,hba1c,HbA1c,Hemoglobina glicosilada (HbA1c),LABORATORIO,laboratory,endocrine,LABORATORIO / ENDOCRINOLOGÍA Y HORMONAS,endocrine__glycemic,Metabolismo de glucosa,CLINICAL_LAB,UNCHANGED_NONE,NONE,NONE,NONE,"[""Hemoglobina glucosilada"",""Hemoglobina A1c""]",[],"[""hba1c"",""Hemoglobina glicosilada (HbA1c)"",""Hemoglobina glicosilada"",""Hemoglobina glucosilada"",""Hemoglobina A1c""]",UNCHANGED,UNCHANGED_EXACT_SOURCE_AND_SNAPSHOT,EXISTING_FIX,C1; N1; H1; CAT04A_R1_CONTRACT,YES,YES,YES,IMPLEMENTABLE_AFTER_DIRECTOR_REVIEW
esr,VSG,ESR,YES,esr,VSG,hematology; inflammation,YES,Missing: velocidad de sedimentación globular,Visible leaf / group,EXISTING_MISSING_ALIAS,Add only high-confidence aliases after collision check; optional physician display: Velocidad de sedimentación globular (VSG),,,C1; N1; H1,Catalog authority; provider comparison not required for existing identity,LOW,Full Spanish name absent; VSG works. Existing display abbreviation-only.,false,Biometría y recuentos,VSG; esr; Velocidad de sed. globular,UPDATE_DISPLAY_AND_ALIASES,esr,VSG,Velocidad de sedimentación globular (VSG),LABORATORIO,laboratory,hematology; inflammation,LABORATORIO / HEMATOLOGÍA; LABORATORIO / INFLAMACIÓN Y REACTANTES,hematology__counts; DIRECT_DISPLAY,Biometría y recuentos; DIRECT_DISPLAY,CLINICAL_LAB,UNCHANGED_NONE,NONE,NONE,NONE,"[""Velocidad de sedimentación globular""]",[],"[""esr"",""Velocidad de sedimentación globular (VSG)"",""Velocidad de sed. globular"",""Velocidad de sedimentación globular""]",UNCHANGED,UNCHANGED_EXACT_SOURCE_AND_SNAPSHOT,EXISTING_FIX,C1; N1; H1; CAT04A_R1_CONTRACT,YES,YES,YES,IMPLEMENTABLE_AFTER_DIRECTOR_REVIEW
crp_hs,PCR ultrasensible,CRP_HS,YES,crp_hs,PCR ultrasensible,inflammation,YES,Missing: hs-CRP; PCR-us,Visible leaf / direct list,EXISTING_MISSING_ALIAS,Add only high-confidence aliases after collision check; optional physician display: Proteína C reactiva ultrasensible (PCR-us),,,C1; N1; H1,Catalog authority; provider comparison not required for existing identity,LOW,Ultrasensible exists; plain PCR is ambiguous and must not alias here. Existing PCR ultrasensible may be confused with molecular PCR.,false,,PCR ultrasensible; crp_hs; Proteína C reactiva H.S.,UPDATE_DISPLAY_AND_ALIASES,crp_hs,PCR ultrasensible,Proteína C reactiva ultrasensible (PCR-us),LABORATORIO,laboratory,inflammation,LABORATORIO / INFLAMACIÓN Y REACTANTES,DIRECT_DISPLAY,DIRECT_DISPLAY,CLINICAL_LAB,UNCHANGED_NONE,NONE,NONE,NONE,"[""hs-CRP"",""PCR-us""]",[],"[""crp_hs"",""Proteína C reactiva ultrasensible (PCR-us)"",""Proteína C reactiva H.S."",""hs-CRP"",""PCR-us""]",UNCHANGED,UNCHANGED_EXACT_SOURCE_AND_SNAPSHOT,EXISTING_FIX,C1; N1; H1; CAT04A_R1_CONTRACT,YES,YES,YES,IMPLEMENTABLE_AFTER_DIRECTOR_REVIEW
