document_status,candidate_key,source,offering,primary_components_or_observations,additional_or_variant_content,composition_inference,specimen_evidence,source_url
AUDIT_ONLY|PROPOSED|DIRECTOR_REVIEW_REQUIRED,panel_quimica_3,Chopo,Química de 3 elementos,glucose|urea|creatinine,BUN also described as reported value,Renal QS3 variant; not same as lipid QS3,blood venipuncture,https://www.chopo.com.mx/queretaro/quimica-de-3-elementos
AUDIT_ONLY|PROPOSED|DIRECTOR_REVIEW_REQUIRED,panel_quimica_3,Salud Digna,QS3 promotional package,glucose|chol_total|triglycerides,No renal analytes listed,Lipid QS3 variant in historical promotion; current offering composition must be reconfirmed,not stated,https://www.salud-digna.org/terminos-condiciones-redes-sociales
AUDIT_ONLY|PROPOSED|DIRECTOR_REVIEW_REQUIRED,panel_quimica_3,Loreid,QS3 option B,glucose|urea|creatinine,Explicit option qualifier,Corroborates renal variant,not stated,https://laboratoriosloreid.com.mx/estudios/
AUDIT_ONLY|PROPOSED|DIRECTOR_REVIEW_REQUIRED,panel_quimica_6,Humalab,Química sanguínea 6,glucose|urea|creatinine|uric_acid|chol_total|triglycerides,None listed,Six primary analytes,serum,https://humalab.com.mx/estudios/quimica-sanguinea-6-glu-ure-crea-uri-col-trig/
AUDIT_ONLY|PROPOSED|DIRECTOR_REVIEW_REQUIRED,panel_quimica_6,Chopo,Química 6,glucose|urea|creatinine|uric_acid|chol_total|triglycerides,BUN additionally listed as measured/reported,Do not count BUN as seventh mandatory primary element,blood,https://www.chopo.com.mx/metro/quimica-6
AUDIT_ONLY|PROPOSED|DIRECTOR_REVIEW_REQUIRED,panel_quimica_6,ZAGA,Química sanguínea de 6 elementos,glucose|urea|creatinine|uric_acid|chol_total|triglycerides,BUN additionally listed,One named priced service with six primary analytes,blood,https://www.laboratoriozaga.com/pagina-analisis/qu%C3%ADmica-sangu%C3%ADnea-de-6-elementos
AUDIT_ONLY|PROPOSED|DIRECTOR_REVIEW_REQUIRED,panel_quimica_6,Corregidora,Química sanguínea de 6 elementos,glucose|urea|creatinine|uric_acid|chol_total|triglycerides,BUN additionally listed,One named priced service with six primary analytes,blood,https://laboratoriocorregidora.com.mx/products/bioquimica-clinica-quimica-sanguinea-de-6-elementos-en-sangre
AUDIT_ONLY|PROPOSED|DIRECTOR_REVIEW_REQUIRED,panel_hepatic,Chopo,Perfil hepático II,ast|alt|ggt|alp|total_protein|albumin|bilirubin_total|bilirubin_direct,"globulin|A/G ratio|bilirubin_indirect also reported",Basic overlapping core; not identical to Polanco integral,blood,https://www.chopo.com.mx/metro/perfil-hepatico-ii
AUDIT_ONLY|PROPOSED|DIRECTOR_REVIEW_REQUIRED,panel_hepatic,Polanco,Perfil función hepática integral,ast|alt|ggt|alp|total_protein|albumin|bilirubin_total|bilirubin_direct,"globulin|bilirubin_indirect|LDH|prothrombin time",Expanded profile includes coagulation workflow; never silently substitute for basic,one or more blood samples stated,https://lmpolanco.com/perfil-funcion-hepatica-integral/
AUDIT_ONLY|PROPOSED|DIRECTOR_REVIEW_REQUIRED,panel_thyroid,Polanco,Perfil tiroideo 5 parámetros,tsh|total_t4|ft4|total_t3|ft3,None,Exact five-hormone variant; total_t4 absent in MXMED,blood,https://lmpolanco.com/perfil-tiroideo/
AUDIT_ONLY|PROPOSED|DIRECTOR_REVIEW_REQUIRED,panel_thyroid,Polanco,Perfil tiroides 7 estudios,tsh|total_t4|ft4|total_t3|ft3,anti_tpo|anti_tg,Expanded immune variant; differs from five-hormone variant,blood,https://lmpolanco.com/perfil-tiroides/
AUDIT_ONLY|PROPOSED|DIRECTOR_REVIEW_REQUIRED,panel_thyroid,Chopo,Perfil tiroideo en suero,tsh|total_t4|ft4|total_t3,"T3/T4 uptake|T7 index|iodoprotein described on regional page",Provider variant differs from Polanco five-hormone profile,serum,https://www.chopo.com.mx/toluca/perfil-tiroideo-en-suero
AUDIT_ONLY|PROPOSED|DIRECTOR_REVIEW_REQUIRED,arterial_blood_gas,Chopo,Gases en sangre arterial,arterial blood gas orderable,Exact component list not published on cited sales page,Supports distinct arterial service but not universal result-component specification,arterial blood in offering name,https://www.chopo.com.mx/gases-en-sangre-arterial
AUDIT_ONLY|PROPOSED|DIRECTOR_REVIEW_REQUIRED,tb_igra,Quest México,Quantiferón,IGRA orderable concept,Exact local assay and handling not given,Specialty P2 offering evidence only,not stated,https://questdiagnostics.com.mx/hospitales-y-laboratorios/
AUDIT_ONLY|PROPOSED|DIRECTOR_REVIEW_REQUIRED,amh_serum,Quest México,Hormona antimulleriana,AMH orderable concept,Exact local assay and specimen not given,Specialty P2 offering evidence only,not stated,https://questdiagnostics.com.mx/hospitales-y-laboratorios/
