document_status,concept,current_mxmed_match,gap_classification,proposed_key,stable_key,display_name,identity_strategy,primary_family,leaf,accordion_group,specimen_requirements,site_requirements,method_parameters,routing,result_model,priority,mexico_evidence,implementation_decision,aliases,search_terms,featured_eligibility,director_notes
AUDIT_ONLY | PROPOSED | DIRECTOR_REVIEW_REQUIRED,Papanicolaou convencional,cyto_pap,EXACT_EXISTING,cyto_pap,cyto_pap,Papanicolaou (convencional),retain dedicated cytology,PATOLOGIA,cervical_cytology,DIRECT_NO_ACCORDION,current cervical sample,current cervical site,conventional preparation,PATHOLOGY_CYTOLOGY,RESULT_MODEL_SUFFICIENT_PDF_NOW,P1_COMMON_MEXICO_GENERAL,https://medicasur.com.mx/es/ms/Anatomia_Patologica_2019;https://upc.com.mx/pages/laboratorio/anatomia-patologica,IMPLEMENTABLE_NOW,citología cervical convencional,Papanicolaou;citología cervical,NO_SMALL_LEAF,No retrofit of existing order snapshot
AUDIT_ONLY | PROPOSED | DIRECTOR_REVIEW_REQUIRED,Citología cervical en base líquida,cyto_liquid_based,EXACT_EXISTING,cyto_liquid_based,cyto_liquid_based,Citología en base líquida,retain dedicated preparation,PATOLOGIA,cervical_cytology,DIRECT_NO_ACCORDION,current cervical sample,current cervical site,liquid-based preparation,PATHOLOGY_CYTOLOGY,RESULT_MODEL_SUFFICIENT_PDF_NOW,P1_COMMON_MEXICO_GENERAL,https://www.labenesanluis.mx/patologia/;https://upc.com.mx/pages/laboratorio/anatomia-patologica,IMPLEMENTABLE_NOW,citología líquida,base líquida;citología cervical,NO_SMALL_LEAF,Different preparation from conventional
AUDIT_ONLY | PROPOSED | DIRECTOR_REVIEW_REQUIRED,Citología urinaria,urine_cytology,EXACT_EXISTING,urine_cytology,urine_cytology,Citología urinaria,retain dedicated specimen,PATOLOGIA,fluid_cytology,DIRECT_NO_ACCORDION,URINE fixed CAT03B,urinary tract when supplied,current rule,PATHOLOGY_CYTOLOGY,RESULT_MODEL_SUFFICIENT_PDF_NOW,P2_COMMON_MEXICO_SPECIALTY,https://www.labenesanluis.mx/patologia/;https://upc.com.mx/pages/laboratorio/anatomia-patologica,IMPLEMENTABLE_NOW,citología de orina,citología urinaria,NO_SMALL_LEAF,Preserve current writer and specimen rule
AUDIT_ONLY | PROPOSED | DIRECTOR_REVIEW_REQUIRED,Citología de LCR,csf_cytology,EXACT_EXISTING,csf_cytology,csf_cytology,Citología de LCR,retain dedicated specimen,PATOLOGIA,fluid_cytology,DIRECT_NO_ACCORDION,CSF fixed CAT03B,N/A,current rule,PATHOLOGY_CYTOLOGY,RESULT_MODEL_SUFFICIENT_PDF_NOW,P2_COMMON_MEXICO_SPECIALTY,https://upc.com.mx/pages/laboratorio/anatomia-patologica;https://hgm.salud.gob.mx/normateca/manuales_de_organizacion/DCM/MAN_ORG_ANA_PAT_2025.pdf,IMPLEMENTABLE_NOW,citología cefalorraquídea,citología LCR,NO_SMALL_LEAF,Preserve current writer and specimen rule
AUDIT_ONLY | PROPOSED | DIRECTOR_REVIEW_REQUIRED,Citología de líquido seroso,serous_fluid_cytology,EXACT_EXISTING,serous_fluid_cytology,serous_fluid_cytology,Citología de líquido seroso,retain controlled fluid choice,PATOLOGIA,fluid_cytology,DIRECT_NO_ACCORDION,CAT03B pleural/peritoneal/pericardial choice,N/A,current rule,PATHOLOGY_CYTOLOGY,RESULT_MODEL_SUFFICIENT_PDF_NOW,P2_COMMON_MEXICO_SPECIALTY,https://upc.com.mx/pages/laboratorio/anatomia-patologica;https://www.sanatorioallende.com/especialidades/laboratorio-de-anatomia-patologica/,IMPLEMENTABLE_NOW,citología de derrame,citología líquido seroso,NO_SMALL_LEAF,No expansion to unsupported fluid
AUDIT_ONLY | PROPOSED | DIRECTOR_REVIEW_REQUIRED,Histopatología de biopsia,NONE,TRUE_MISSING_CANONICAL,histopath_biopsy,histopath_biopsy,Estudio histopatológico de biopsia,generic biopsy examination with typed site,PATOLOGIA,histopathology,DIRECT_NO_ACCORDION,TISSUE fixed;intended BIOPSY;expected count optional,anatomic_site required;laterality conditional,biopsy technique optional controlled,PATHOLOGY_CYTOLOGY,RESULT_MODEL_SUFFICIENT_PDF_NOW,P1_COMMON_MEXICO_GENERAL,https://medicasur.com.mx/es/ms/Anatomia_Patologica_2019;https://hgm.salud.gob.mx/normateca/manuales_de_organizacion/DCM/MAN_ORG_ANA_PAT_2025.pdf;https://dof.gob.mx/normasOficiales/6428/salud12_C/salud12_C.html,REQUIRES_PARAMETER_CONTRACT,histopatológico de biopsia;patología de biopsia,histopatológico;estudio de tejido,NO_SMALL_LEAF,Order examination only; acquisition elsewhere
AUDIT_ONLY | PROPOSED | DIRECTOR_REVIEW_REQUIRED,Histopatología de pieza quirúrgica,NONE,TRUE_MISSING_CANONICAL,histopath_resection,histopath_resection,Estudio histopatológico de pieza quirúrgica,generic resection examination with typed site,PATOLOGIA,histopathology,DIRECT_NO_ACCORDION,TISSUE fixed;intended RESECTION;expected count optional,anatomic_site required;laterality conditional,orientation request optional;no actual margins,PATHOLOGY_CYTOLOGY,RESULT_MODEL_SUFFICIENT_PDF_NOW,P1_COMMON_MEXICO_GENERAL,https://medicasur.com.mx/es/ms/Anatomia_Patologica_2019;https://hgm.salud.gob.mx/normateca/manuales_de_organizacion/DCM/MAN_ORG_ANA_PAT_2025.pdf;https://dof.gob.mx/normasOficiales/6428/salud12_C/salud12_C.html,REQUIRES_PARAMETER_CONTRACT,pieza quirúrgica;resección para patología,histopatología de resección,NO_SMALL_LEAF,Not same workup as small biopsy
AUDIT_ONLY | PROPOSED | DIRECTOR_REVIEW_REQUIRED,Citología por aspiración con aguja fina,NONE,TRUE_MISSING_CANONICAL,cyto_fna,cyto_fna,Citología por aspiración con aguja fina,one method identity with typed site,PATOLOGIA,cytology_fna,DIRECT_NO_ACCORDION,CYTOLOGY_PREPARATION intended;ASPIRATE,anatomic_site required;laterality conditional,sample preparation is provider event,PATHOLOGY_CYTOLOGY,RESULT_MODEL_SUFFICIENT_PDF_NOW,P1_COMMON_MEXICO_GENERAL,https://medicasur.com.mx/es/ms/Anatomia_Patologica_2019;https://www.labenesanluis.mx/patologia/;https://upc.com.mx/pages/laboratorio/anatomia-patologica,REQUIRES_PARAMETER_CONTRACT,PAAF;BAAF;citología aspirativa,PAAF;BAAF;citología por aspiración,NO_SMALL_LEAF,Needle acquisition not represented by this order
AUDIT_ONLY | PROPOSED | DIRECTOR_REVIEW_REQUIRED,Citología de cepillado bronquial,NONE,TRUE_MISSING_CANONICAL,cyto_bronchial_brushing,cyto_bronchial_brushing,Citología de cepillado bronquial,dedicated brushing identity,PATOLOGIA,respiratory_cytology,DIRECT_NO_ACCORDION,CYTOLOGY_PREPARATION intended;BRUSHING fixed,bronchial site fixed;segment optional,brush sample,PATHOLOGY_CYTOLOGY,RESULT_MODEL_SUFFICIENT_PDF_NOW,P2_COMMON_MEXICO_SPECIALTY,https://upc.com.mx/pages/laboratorio/anatomia-patologica;https://mail.turismomedicoenhospitalpuebla.com.mx/servicios_hospital-laboratorio-patologia.html,REQUIRES_PARAMETER_CONTRACT,citología de cepillado,cepillado bronquial;citología bronquial,NO_SMALL_LEAF,Separate item from washing if both requested
AUDIT_ONLY | PROPOSED | DIRECTOR_REVIEW_REQUIRED,Citología de lavado bronquial,NONE,TRUE_MISSING_CANONICAL,cyto_bronchial_washing,cyto_bronchial_washing,Citología de lavado bronquial,dedicated washing identity,PATOLOGIA,respiratory_cytology,DIRECT_NO_ACCORDION,BRONCHIAL_WASHING fixed,bronchial site fixed;segment optional,wash sample;not BAL chemistry,PATHOLOGY_CYTOLOGY,RESULT_MODEL_SUFFICIENT_PDF_NOW,P2_COMMON_MEXICO_SPECIALTY,https://www.sanatorioallende.com/especialidades/laboratorio-de-anatomia-patologica/;https://mail.turismomedicoenhospitalpuebla.com.mx/servicios_hospital-laboratorio-patologia.html,REQUIRES_PARAMETER_CONTRACT,citología lavado,lavado bronquial;citología bronquial,NO_SMALL_LEAF,Separate item from brushing if both requested
AUDIT_ONLY | PROPOSED | DIRECTOR_REVIEW_REQUIRED,Citología bronquial sin método,NONE,TRUE_MISSING_CANONICAL,cyto_bronchial,cyto_bronchial,Citología bronquial,ambiguous umbrella rejected,PATOLOGIA,respiratory_cytology,DIRECT_NO_ACCORDION,method unresolved,bronchial site,brushing vs washing ambiguous,PATHOLOGY_CYTOLOGY,RESULT_MODEL_SUFFICIENT_PDF_NOW,P2_COMMON_MEXICO_SPECIALTY,https://upc.com.mx/pages/laboratorio/anatomia-patologica;https://www.sanatorioallende.com/especialidades/laboratorio-de-anatomia-patologica/;https://mail.turismomedicoenhospitalpuebla.com.mx/servicios_hospital-laboratorio-patologia.html,REJECT,citología bronquial,citología bronquial,NO_SMALL_LEAF,Use two specific keys because current composer deduplicates by study identity
AUDIT_ONLY | PROPOSED | DIRECTOR_REVIEW_REQUIRED,IHQ marcador individual,NONE,TRUE_MISSING_CANONICAL,ihc_single_marker,ihc_single_marker,Inmunohistoquímica — marcador individual,generic IHC with controlled marker authority,PATOLOGIA,immunohistochemistry,DIRECT_NO_ACCORDION,PARAFFIN_BLOCK intended;source report reference if available,anatomic_site required when known,requested_marker_key required ER/PR/HER2/KI67 V1,PATHOLOGY_CYTOLOGY,RESULT_MODEL_SUFFICIENT_PDF_NOW,P1_COMMON_MEXICO_GENERAL,https://medicasur.com.mx/es/ms/Anatomia_Patologica_2019;https://www.chopo.com.mx/abraza-la-vida;https://www.chopo.com.mx/medicos/inmunohistoquimica-mama-panel-completo,REQUIRES_PARAMETER_CONTRACT,IHQ;IHQ por anticuerpo,inmunohistoquímica;IHQ;marcador,NO_SMALL_LEAF,No free-text marker; no antibody SKU explosion
AUDIT_ONLY | PROPOSED | DIRECTOR_REVIEW_REQUIRED,Perfil IHQ mamario,NONE,TRUE_MISSING_PANEL,ihc_breast_profile,ihc_breast_profile,Perfil inmunohistoquímico mamario ER PR HER2 Ki-67,versioned fixed four-marker panel,PATOLOGIA,immunohistochemistry,DIRECT_NO_ACCORDION,PARAFFIN_BLOCK intended;source report reference if available,BREAST required;laterality conditional,panel_version=1 ER PR HER2 KI67;no implicit ISH,PATHOLOGY_CYTOLOGY,RESULT_MODEL_SUFFICIENT_PDF_NOW,P1_COMMON_MEXICO_GENERAL,https://www.chopo.com.mx/abraza-la-vida;https://www.chopo.com.mx/medicos/inmunohistoquimica-mama-panel-completo;https://medicasur.com.mx/es/ms/Anatomia_Patologica_2019,REQUIRES_PARAMETER_CONTRACT,perfil IHQ mama,perfil mamario;ER PR HER2 Ki67,NO_SMALL_LEAF,True panel only with immutable fixed component manifest
AUDIT_ONLY | PROPOSED | DIRECTOR_REVIEW_REQUIRED,Tinción especial histoquímica,NONE,TRUE_MISSING_CANONICAL,histochemical_special_stain,histochemical_special_stain,Tinción histoquímica especial,one identity plus controlled stain,PATOLOGIA,special_stains,DIRECT_NO_ACCORDION,PARAFFIN_BLOCK or TISSUE intended,anatomic_site required when known,stain_key PAS/GROCOTT/MASSON V1,PATHOLOGY_CYTOLOGY,RESULT_MODEL_SUFFICIENT_PDF_NOW,P2_COMMON_MEXICO_SPECIALTY,https://medicasur.com.mx/es/ms/Anatomia_Patologica_2019;https://upc.com.mx/pages/laboratorio/anatomia-patologica,REQUIRES_PARAMETER_CONTRACT,histoquímica especial,PAS;Grocott;Masson;tinción especial,NO_SMALL_LEAF,Ziehl and reticulin require direct source verification before value activation
AUDIT_ONLY | PROPOSED | DIRECTOR_REVIEW_REQUIRED,Inmunofluorescencia renal,NONE,TRUE_MISSING_CANONICAL,if_renal,if_renal,Inmunofluorescencia directa renal,dedicated renal handling,PATOLOGIA,immunofluorescence,DIRECT_NO_ACCORDION,TISSUE fresh intended;provider transport rule,KIDNEY fixed;laterality optional if known,direct IF fixed,PATHOLOGY_CYTOLOGY,RESULT_MODEL_SUFFICIENT_PDF_NOW,P2_COMMON_MEXICO_SPECIALTY,https://medicasur.com.mx/es/ms/Anatomia_Patologica_2019;https://hgm.salud.gob.mx/normateca/manuales_de_organizacion/DCM/MAN_ORG_ANA_PAT_2025.pdf,REQUIRES_PARAMETER_CONTRACT,IF renal,inmunofluorescencia renal,NO_SMALL_LEAF,Do not reuse routine formalin tissue workflow
AUDIT_ONLY | PROPOSED | DIRECTOR_REVIEW_REQUIRED,Inmunofluorescencia cutánea,NONE,TRUE_MISSING_CANONICAL,if_skin,if_skin,Inmunofluorescencia directa cutánea,dedicated skin handling,PATOLOGIA,immunofluorescence,DIRECT_NO_ACCORDION,TISSUE fresh intended;provider transport rule,SKIN fixed;site detail optional,direct IF fixed,PATHOLOGY_CYTOLOGY,RESULT_MODEL_SUFFICIENT_PDF_NOW,P2_COMMON_MEXICO_SPECIALTY,https://medicasur.com.mx/es/ms/Anatomia_Patologica_2019;https://hgm.salud.gob.mx/normateca/manuales_de_organizacion/DCM/MAN_ORG_ANA_PAT_2025.pdf,REQUIRES_PARAMETER_CONTRACT,IF piel,inmunofluorescencia cutánea,NO_SMALL_LEAF,Do not reuse routine formalin tissue workflow
AUDIT_ONLY | PROPOSED | DIRECTOR_REVIEW_REQUIRED,Revisión externa de patología,NONE,TRUE_MISSING_CANONICAL,pathology_outside_review,pathology_outside_review,Revisión externa de laminillas o bloques,one consult identity with material choice,PATOLOGIA,outside_review,DIRECT_NO_ACCORDION,SLIDE or PARAFFIN_BLOCK or BOTH intended;actual count later,source anatomic_site optional if unknown,source institution required;prior report supplied or pending,PATHOLOGY_CYTOLOGY,RESULT_MODEL_SUFFICIENT_PDF_NOW,P2_COMMON_MEXICO_SPECIALTY,https://medicasur.com.mx/es/ms/Anatomia_Patologica_2019;https://dof.gob.mx/normasOficiales/6428/salud12_C/salud12_C.html;https://www.chopo.com.mx/medicos/inmunohistoquimica-mama-panel-completo,REQUIRES_PARAMETER_CONTRACT,segunda opinión de patología,segunda opinión;laminillas;bloques,NO_SMALL_LEAF,Material custody is provider workflow; no accession in physician order
AUDIT_ONLY | PROPOSED | DIRECTOR_REVIEW_REQUIRED,Transoperatorio congelación,NONE,TRUE_MISSING_CANONICAL,frozen_section,frozen_section,Estudio transoperatorio por congelación,dedicated intraoperative request,PATOLOGIA,intraoperative_hidden,DIRECT_NO_ACCORDION,fresh TISSUE;planned specimen,anatomic_site required,surgical coordination and preliminary/final lifecycle,PATHOLOGY_CYTOLOGY,RESULT_MODEL_REQUIRES_STRUCTURED_FUTURE,P1_COMMON_MEXICO_GENERAL,https://medicasur.com.mx/es/ms/Anatomia_Patologica_2019;https://www.labenesanluis.mx/patologia/;https://hgm.salud.gob.mx/normateca/manuales_de_organizacion/DCM/MAN_ORG_ANA_PAT_2025.pdf,DEFER,biopsia rápida;transoperatorio,congelación;transoperatorio,NO_HIDDEN,Current workflow lacks reliable OR handoff and preliminary/final state
AUDIT_ONLY | PROPOSED | DIRECTOR_REVIEW_REQUIRED,Citología de esputo,NONE,TRUE_MISSING_CANONICAL,cyto_sputum,cyto_sputum,Citología de esputo,dedicated respiratory sample,PATOLOGIA,respiratory_cytology,DIRECT_NO_ACCORDION,SPUTUM fixed,N/A,collection instructions provider side,PATHOLOGY_CYTOLOGY,RESULT_MODEL_SUFFICIENT_PDF_NOW,P2_COMMON_MEXICO_SPECIALTY,https://www.labenesanluis.mx/patologia/;https://metapath.mx/citologia-de-expectoracion-o-esputo/,DEFER,citología expectoración,citología de esputo,NO_HIDDEN,Direct offering exists but omitted from first safe expansion
AUDIT_ONLY | PROPOSED | DIRECTOR_REVIEW_REQUIRED,HER2 por hibridación in situ,NONE,TRUE_MISSING_CANONICAL,her2_ish,her2_ish,HER2 por hibridación in situ,distinct molecular technique,PATOLOGIA,molecular_hidden,DIRECT_NO_ACCORDION,PARAFFIN_BLOCK intended,BREAST required,ISH technique and reflex rule unratified,PATHOLOGY_CYTOLOGY,RESULT_MODEL_SUFFICIENT_PDF_NOW,P2_COMMON_MEXICO_SPECIALTY,https://www.chopo.com.mx/abraza-la-vida;https://medicasur.com.mx/es/ms/Anatomia_Patologica_2019,DEFER,FISH HER2,HER2 ISH;HER2 FISH,NO_HIDDEN,Do not equate IHC with ISH
AUDIT_ONLY | PROPOSED | DIRECTOR_REVIEW_REQUIRED,Histopatología de médula ósea,NONE,TRUE_MISSING_CANONICAL,bone_marrow_histology,bone_marrow_histology,Estudio histopatológico de médula ósea,special handling candidate,PATOLOGIA,hematopathology_hidden,DIRECT_NO_ACCORDION,TISSUE marrow core intended,BONE_MARROW fixed,aspirate and ancillary-test relation unratified,PATHOLOGY_CYTOLOGY,RESULT_MODEL_SUFFICIENT_PDF_NOW,P2_COMMON_MEXICO_SPECIALTY,https://www.chopo.com.mx/alianza-farmacias-del-ahorro;https://hgm.salud.gob.mx/normateca/manuales_de_organizacion/DCM/MAN_ORG_ANA_PAT_2025.pdf,DEFER,biopsia medular patología,histopatología médula ósea,NO_HIDDEN,Retain generic biopsy route provisionally; review distinct workup later
AUDIT_ONLY | PROPOSED | DIRECTOR_REVIEW_REQUIRED,Biopsia de ganglio para histología,histopath_biopsy proposed,PARAMETER_NOT_IDENTITY,NONE,NONE,Ganglio linfático para histopatología,site parameter of generic biopsy,PATOLOGIA,histopathology,DIRECT_NO_ACCORDION,TISSUE BIOPSY intended,LYMPH_NODE site,N/A,PATHOLOGY_CYTOLOGY,RESULT_MODEL_SUFFICIENT_PDF_NOW,P2_COMMON_MEXICO_SPECIALTY,https://medicasur.com.mx/es/ms/Anatomia_Patologica_2019;https://hgm.salud.gob.mx/normateca/manuales_de_organizacion/DCM/MAN_ORG_ANA_PAT_2025.pdf,REJECT,ganglio,biopsia ganglionar,NO_SMALL_LEAF,Do not create organ-specific SKU
AUDIT_ONLY | PROPOSED | DIRECTOR_REVIEW_REQUIRED,Patología molecular tumoral NGS,somatic_tumor_ngs,MISSING_NAVIGATION_ROUTE,somatic_tumor_ngs,somatic_tumor_ngs,Panel tumoral NGS somático,cross-route to existing genetics identity,GENETICA,molecular_oncology,EXISTING_GROUP,existing molecular sample authority,site if tissue,existing assay-specific rule,GENETICS_MOLECULAR,RESULT_MODEL_SUFFICIENT_PDF_NOW,P2_COMMON_MEXICO_SPECIALTY,https://medicasur.com.mx/es/ms/Anatomia_Patologica_2019;https://questdiagnostics.com.mx/hospitales-y-laboratorios/,DEFER,NGS tumoral,patología molecular;NGS,NO_HIDDEN,No new pathology identity; later add discovery link
AUDIT_ONLY | PROPOSED | DIRECTOR_REVIEW_REQUIRED,PCR tisular genérica,NONE,ADVANCED_DEFER,NONE,NONE,PCR tisular genérica,no target-defined orderable,GENETICA,molecular_hidden,DIRECT_NO_ACCORDION,tissue TBD,site TBD,target and method TBD,GENETICS_MOLECULAR,RESULT_MODEL_REQUIRES_STRUCTURED_FUTURE,P3_ADVANCED_REFERENCE,https://medicasur.com.mx/es/ms/Anatomia_Patologica_2019;https://questdiagnostics.com.mx/hospitales-y-laboratorios/,DEFER,PCR tisular,PCR patología,NO_HIDDEN,Target-specific authority needed
AUDIT_ONLY | PROPOSED | DIRECTOR_REVIEW_REQUIRED,Adquisición de biopsia guiada por imagen,NONE,PROCEDURE_NOT_STUDY,NONE,NONE,Biopsia guiada por imagen,procedure acquisition,PROCEDIMIENTO,NOT_ORDERABLE,NONE,actual sample is procedure output,anatomic site,operator and consent,GENERAL_IMAGING,N/A,P1_COMMON_MEXICO_GENERAL,https://medicasur.com.mx/es/ms/Anatomia_Patologica_2019;https://dof.gob.mx/normasOficiales/6428/salud12_C/salud12_C.html,REJECT,biopsia por imagen,biopsia,NO_HIDDEN,Never same identity as examination
AUDIT_ONLY | PROPOSED | DIRECTOR_REVIEW_REQUIRED,Adquisición de biopsia endoscópica,NONE,PROCEDURE_NOT_STUDY,NONE,NONE,Biopsia endoscópica,procedure acquisition,PROCEDIMIENTO,NOT_ORDERABLE,NONE,actual sample is procedure output,anatomic site,operator and consent,DIGESTIVE_ENDOSCOPY,N/A,P1_COMMON_MEXICO_GENERAL,https://hgm.salud.gob.mx/normateca/manuales_de_organizacion/DCM/MAN_ORG_ANA_PAT_2025.pdf;https://dof.gob.mx/normasOficiales/6428/salud12_C/salud12_C.html,REJECT,biopsia endoscópica,biopsia,NO_HIDDEN,Never same identity as examination
AUDIT_ONLY | PROPOSED | DIRECTOR_REVIEW_REQUIRED,Adquisición de biopsia cutánea,NONE,PROCEDURE_NOT_STUDY,NONE,NONE,Biopsia cutánea,procedure acquisition,PROCEDIMIENTO,NOT_ORDERABLE,NONE,actual sample is procedure output,skin site,operator and consent,PROCEDURAL_REVIEW_REQUIRED,N/A,P2_COMMON_MEXICO_SPECIALTY,https://dof.gob.mx/normasOficiales/6428/salud12_C/salud12_C.html;https://www.labenesanluis.mx/patologia/,REJECT,toma de biopsia piel,biopsia piel,NO_HIDDEN,Procedure workflow future only
AUDIT_ONLY | PROPOSED | DIRECTOR_REVIEW_REQUIRED,Papanicolau variante ortográfica,cyto_pap,MISSING_SEARCH_TERM,NONE,NONE,Papanicolaou (convencional),search-only term,PATOLOGIA,cervical_cytology,DIRECT_NO_ACCORDION,current cervical sample,current cervical site,N/A,PATHOLOGY_CYTOLOGY,RESULT_MODEL_SUFFICIENT_PDF_NOW,P1_COMMON_MEXICO_GENERAL,https://www.labenesanluis.mx/patologia/;https://upc.com.mx/pages/laboratorio/anatomia-patologica,DEFER,Papanicolau,Papanicolau,NO_SMALL_LEAF,SEARCH02 extension not a new identity
AUDIT_ONLY | PROPOSED | DIRECTOR_REVIEW_REQUIRED,Patología informe PDF,existing result document,RESULT_COMPONENT_NOT_ORDERABLE,NONE,NONE,Informe de anatomía patológica,result document not study,PATOLOGIA,NOT_ORDERABLE,NONE,actual received material provider side,N/A,document class=result and category=PATOLOGIA,PATHOLOGY_CYTOLOGY,RESULT_MODEL_SUFFICIENT_PDF_NOW,P1_COMMON_MEXICO_GENERAL,https://dof.gob.mx/normasOficiales/6428/salud12_C/salud12_C.html;https://medicasur.com.mx/es/ms/Anatomia_Patologica_2019,REJECT,reporte histopatológico,informe patología,NO_HIDDEN,Use current canonical result document and exact item linkage
