status,scope,stable_key,display_name,aliases,search_terms,navigation_leaf,routing,parameter_model,preparation_metadata_boundary,result_model,priority,mexico_evidence,provider_matching_semantics,audit_disposition,primary_classification
AUDIT_ONLY | PROPOSED | DIRECTOR_REVIEW_REQUIRED,EXISTING,egd_eda_base,EGD/EDA (endoscopia alta),EGD | EDA | esofagogastroduodenoscopia,endoscopia alta | panendoscopia | gastroscopia,Endoscopia digestiva,DIGESTIVE_ENDOSCOPY,Existing free-text indication; no procedure contract,Provider fasting and medication instructions; future metadata,Existing PDF/result linkage,P2_SPECIALTY,HGM_END | MS_END,Exact upper GI endoscopy capability; not colonoscopy,KEEP | ADD_ALIAS | SEARCH_TERM_GAP,DIAGNOSTIC_PROCEDURE
AUDIT_ONLY | PROPOSED | DIRECTOR_REVIEW_REQUIRED,EXISTING,colonoscopy_base,Colonoscopia,colonoscopía,colonoscopia | colonoscopía,Endoscopia digestiva,DIGESTIVE_ENDOSCOPY,Existing free-text indication; biopsy not mandatory,Provider bowel preparation and medication instructions; future metadata,Existing PDF/result linkage,P2_SPECIALTY,HGM_END | MS_PACK,Exact colonoscopy capability; EGD alone insufficient,KEEP | ADD_ALIAS,DIAGNOSTIC_PROCEDURE
AUDIT_ONLY | PROPOSED | DIRECTOR_REVIEW_REQUIRED,EXISTING,flex_sig_base,Sigmoidoscopia flexible,rectosigmoidoscopia flexible,sigmoidoscopia | rectosigmoidoscopia,Endoscopia digestiva,DIGESTIVE_ENDOSCOPY,Existing free-text indication,Provider bowel preparation; future metadata,Existing PDF/result linkage,P2_SPECIALTY,HGM_END,Exact flexible sigmoidoscopy capability; colonoscopy not inferred,KEEP | SEARCH_TERM_GAP,DIAGNOSTIC_PROCEDURE
AUDIT_ONLY | PROPOSED | DIRECTOR_REVIEW_REQUIRED,EXISTING,anoscopy_base,Anoscopia,anoscopy,anoscopia,Endoscopia digestiva,DIGESTIVE_ENDOSCOPY,Existing free-text indication,Provider-specific preparation,Existing PDF/result linkage,CURRENT_BASELINE,MXMED_CAT,Exact anoscopy capability,KEEP,DIAGNOSTIC_PROCEDURE
AUDIT_ONLY | PROPOSED | DIRECTOR_REVIEW_REQUIRED,EXISTING,proctoscopy_base,Proctoscopia,proctoscopy,proctoscopia,Endoscopia digestiva,DIGESTIVE_ENDOSCOPY,Existing free-text indication,Provider-specific preparation,Existing PDF/result linkage,CURRENT_BASELINE,MXMED_CAT,Exact proctoscopy capability,KEEP,DIAGNOSTIC_PROCEDURE
AUDIT_ONLY | PROPOSED | DIRECTOR_REVIEW_REQUIRED,EXISTING,ercp_cpre_base,CPRE / ERCP,CPRE | ERCP,CPRE | ERCP | colangiopancreatografía retrógrada endoscópica,Endoscopia digestiva,DIGESTIVE_ENDOSCOPY,Diagnostic-only scope guard proposed; therapy is separate,Provider fasting/consent/anesthesia assessment; future metadata,Existing PDF/result linkage,P2_SPECIALTY,HGM_END | MS_CPRE,Verify diagnostic CPRE specifically; therapeutic CPRE capability is separate,KEEP | DISPLAY_RENAME_ONLY | PARAMETER_GAP,DIAGNOSTIC_PROCEDURE
AUDIT_ONLY | PROPOSED | DIRECTOR_REVIEW_REQUIRED,EXISTING,eus_use_base,EUS/USE (ultrasonido endoscópico),ecoendoscopia | ultrasonido endoscópico,EUS | USE | ecoendoscopia,Endoscopia digestiva,DIGESTIVE_ENDOSCOPY,Diagnostic EUS only; FNA is acquisition,Provider fasting/consent; future metadata,Existing PDF/result linkage,P2_SPECIALTY,MS_END | MS_PACK,Verify EUS equipment and operator; FNA separately verified,KEEP | ADD_ALIAS,DIAGNOSTIC_PROCEDURE
AUDIT_ONLY | PROPOSED | DIRECTOR_REVIEW_REQUIRED,EXISTING,capsule_base,Cápsula endoscópica,videocápsula endoscópica,cápsula endoscópica | videocápsula,Endoscopia digestiva,DIGESTIVE_ENDOSCOPY,No additional identity,Provider fasting/bowel preparation; future metadata,Existing PDF/result linkage,P2_SPECIALTY,IMSS_CAP,Exact capsule endoscopy capability; no therapy implied,KEEP | ADD_ALIAS,DIAGNOSTIC_PROCEDURE
AUDIT_ONLY | PROPOSED | DIRECTOR_REVIEW_REQUIRED,EXISTING,enteroscopy_base,Enteroscopia,enteroscopía,enteroscopia,Endoscopia digestiva,DIGESTIVE_ENDOSCOPY,Technique/depth future parameter only,Provider preparation and sedation assessment,Existing PDF/result linkage,P2_SPECIALTY,MS_PACK | HGM_END,Exact enteroscopy capability; not EGD by inference,KEEP | PARAMETER_GAP,DIAGNOSTIC_PROCEDURE
AUDIT_ONLY | PROPOSED | DIRECTOR_REVIEW_REQUIRED,EXISTING,bronchoscopy_base,Broncoscopía,broncoscopia flexible | broncofibroscopia,broncoscopia | broncoscopia flexible,Broncoscopía,RESPIRATORY_DIAGNOSTIC_PROCEDURES,Diagnostic scope; BAL/brush/biopsy actual acquisition separate,Provider fasting/consent/sedation assessment,Existing PDF/result linkage,P2_SPECIALTY,HGM_PULM | INER_EBUS,Exact flexible bronchoscopy; EBUS separately verified,KEEP | ADD_ALIAS,DIAGNOSTIC_PROCEDURE
AUDIT_ONLY | PROPOSED | DIRECTOR_REVIEW_REQUIRED,EXISTING,ebus_base,EBUS (ultrasonido endobronquial),ultrasonido endobronquial,EBUS | ultrasonido endobronquial,Broncoscopía,RESPIRATORY_DIAGNOSTIC_PROCEDURES,Diagnostic EBUS; TBNA acquisition separate,Provider fasting/consent/sedation assessment,Existing PDF/result linkage,P2_SPECIALTY,INER_EBUS,Exact EBUS modality/operator; general bronchoscopy insufficient,KEEP,DIAGNOSTIC_PROCEDURE
AUDIT_ONLY | PROPOSED | DIRECTOR_REVIEW_REQUIRED,EXISTING,laryngoscopy_base,Laringoscopía flexible,fibrolaringoscopia | nasofibrolaringoscopia,laringoscopia | nasofibrolaringoscopia,Laringoscopía,ENT_DIAGNOSTICS,Laryngeal visualization; nasal-only scope requires separate review,Provider-specific preparation and consent,Existing PDF/result linkage,P2_SPECIALTY,HGM_ENT | INER_ENT,Exact flexible laryngoscopy; nasal-only capability not inferred,KEEP | ADD_ALIAS,DIAGNOSTIC_PROCEDURE
AUDIT_ONLY | PROPOSED | DIRECTOR_REVIEW_REQUIRED,EXISTING,pleuroscopy_base,Pleuroscopía / Toracoscopía médica,pleuroscopia diagnóstica | toracoscopia médica,pleuroscopia | toracoscopia médica,Pleuroscopía,RESPIRATORY_DIAGNOSTIC_PROCEDURES,Diagnostic medical pleuroscopy; surgical VATS excluded,Provider consent/sedation assessment,Existing PDF/result linkage,P2_SPECIALTY,HGM_PULM,Exact medical pleuroscopy; surgical VATS and pleurodesis separate,KEEP | DISPLAY_RENAME_ONLY,DIAGNOSTIC_PROCEDURE
AUDIT_ONLY | PROPOSED | DIRECTOR_REVIEW_REQUIRED,FUTURE_PROCEDURE,colposcopy_diagnostic,Colposcopia diagnóstica,colposcopía | videocolposcopia,colposcopia | colposcopía | videocolposcopia,Ginecología,GYNECOLOGIC_DIAGNOSTICS (PROPOSED),NO_PARAMETER_CONTRACT_NEEDED; indication in existing order text; biopsy not mandatory,Provider explains preparation and consent; future site metadata,REPORT_PDF_SUFFICIENT_V1 | STRUCTURED_FINDINGS_OPTIONAL | MEDIA_OPTIONAL,P1,HGM_COLPO | HGM_PATH | MS_GYN,Verify exact diagnostic colposcopy at location; biopsy/pathology independently verified,TRUE_MISSING_CANONICAL,TRUE_MISSING_CANONICAL
AUDIT_ONLY | PROPOSED | DIRECTOR_REVIEW_REQUIRED,FUTURE_PROCEDURE,cystoscopy_diagnostic,Cistoscopia diagnóstica,cistouretroscopia diagnóstica | videocistoscopia simple,cistoscopia | cistouretroscopia | videocistoscopia,Urología,UROLOGIC_DIAGNOSTICS (PROPOSED),NO_PARAMETER_CONTRACT_NEEDED; diagnostic visualization only; biopsy/stent excluded,Provider preparation and consent; future site metadata,REPORT_PDF_SUFFICIENT_V1 | STRUCTURED_FINDINGS_OPTIONAL | MEDIA_OPTIONAL,P2,HGM_URO | MS_CYSTO,Verify simple diagnostic cystoscopy; biopsy and ureteric stent are distinct capabilities,TRUE_MISSING_CANONICAL,TRUE_MISSING_CANONICAL
AUDIT_ONLY | PROPOSED | DIRECTOR_REVIEW_REQUIRED,FUTURE_PROCEDURE,hysteroscopy_diagnostic,Histeroscopia diagnóstica,histeroscopía de consultorio | histeroscopia ambulatoria,histeroscopia diagnóstica | histeroscopia de consultorio,Ginecología,GYNECOLOGIC_DIAGNOSTICS (PROPOSED),NO_PARAMETER_CONTRACT_NEEDED; diagnostic visualization only; operation excluded,Provider timing/preparation/consent; future site metadata,REPORT_PDF_SUFFICIENT_V1 | STRUCTURED_FINDINGS_OPTIONAL | MEDIA_OPTIONAL,P2,HGM_GYN | MS_GYN,Verify office diagnostic hysteroscopy; operative hysteroscopy is separate,TRUE_MISSING_CANONICAL,TRUE_MISSING_CANONICAL
AUDIT_ONLY | PROPOSED | DIRECTOR_REVIEW_REQUIRED,CROSS_FAMILY_FUTURE,esophageal_manometry,Manometría esofágica,manometría esofágica de alta resolución,manometría | manometría esofágica | alta resolución,Motilidad y fisiología digestiva under Functional Studies,FUNCTIONAL_GI_PHYSIOLOGY (FUTURE_DECISION),Technique/protocol version may be needed; high resolution is not default separate identity,Provider medication/fasting instructions; future metadata,REPORT_PDF_SUFFICIENT_V1 | STRUCTURED_FINDINGS_OPTIONAL,P2_FUNCTIONAL,IMSS_MOT | IMSS_MOT2,Verify esophageal manometry capability; pH monitor is distinct,DEFER_TO_FUNCTIONAL_AUTHORITY,DIAGNOSTIC_STUDY
AUDIT_ONLY | PROPOSED | DIRECTOR_REVIEW_REQUIRED,CROSS_FAMILY_FUTURE,esophageal_ph_monitoring,Monitorización de pH esofágico,ph-metría esofágica | pH-impedanciometría,pH-metría | impedancia esofágica | reflujo,Motilidad y fisiología digestiva under Functional Studies,FUNCTIONAL_GI_PHYSIOLOGY (FUTURE_DECISION),Versioned pH-only versus pH-impedance technique may be required; duration/on-off PPI are intent parameters,Provider medication/fasting instructions; future metadata,REPORT_PDF_SUFFICIENT_V1 | STRUCTURED_FINDINGS_OPTIONAL,P2_FUNCTIONAL,IMSS_MOT | IMSS_MOT2,Verify pH-only versus impedance modality exactly; not inferred from manometry,DEFER_TO_FUNCTIONAL_AUTHORITY,DIAGNOSTIC_STUDY
