status,source_id,institution,source_type,url,concepts_supported,exact_claim,limitation
AUDIT_ONLY | PROPOSED | DIRECTOR_REVIEW_REQUIRED,HGM_END,Hospital General de México,public_hospital_manual,https://hgm.salud.gob.mx/normateca/manuales_de_procedimientos/DCM/MAN_PROC_SERV_END_2024.pdf,EGD | panendoscopy | colonoscopy | rectosigmoidoscopy | CPRE | diagnostic-vs-therapeutic,Manual lists separate upper/lower/CPRE procedures and diagnostic or therapeutic acts,Manual documents institutional process rather than current slot availability
AUDIT_ONLY | PROPOSED | DIRECTOR_REVIEW_REQUIRED,MS_END,Médica Sur,provider_service_page,https://ensenanza.medicasur.com.mx/es/ms/Unidad_de_Endoscopia,upper endoscopy | colonoscopy | EUS,Unit describes upper GI endoscopy colonoscopy and gastrointestinal endoscopic ultrasound,Site-level capability and current scheduling require verification
AUDIT_ONLY | PROPOSED | DIRECTOR_REVIEW_REQUIRED,MS_PACK,Médica Sur,provider_service_page,https://enfermedadesdigestivas.medicasur.com.mx/es/ms/Paquetes_y_Promociones,panendoscopy | colonoscopy | CPRE | EUS | enteroscopy | bronchoscopy,Lists diagnostic endoscopy packages with and without pathology and several distinct procedures,Commercial packages are not separate canonical clinical identities
AUDIT_ONLY | PROPOSED | DIRECTOR_REVIEW_REQUIRED,MS_CPRE,Médica Sur,provider_explanation,https://medicasur.com.mx/es/ms/ms_enfdig_cpre/_rid/3790/_mto/3/_wst/maximized?imp_act=imp_step3,CPRE,Describes CPRE as clinical procedure for biliary/pancreatic evaluation,Does not by itself prove a diagnostic-only service at every location
AUDIT_ONLY | PROPOSED | DIRECTOR_REVIEW_REQUIRED,HGM_PULM,Hospital General de México,public_hospital_manual,https://hgm.salud.gob.mx/normateca/manuales_de_procedimientos/MP-NEUMOLOGIA-SELLO-28JUNIO2024.pdf,bronchoscopy | thoracic endoscopy | specimen acquisition,Separates bronchoscopy procedure report from specimens sent to central laboratory or pathology,No guarantee each technique including EBUS is available at each site
AUDIT_ONLY | PROPOSED | DIRECTOR_REVIEW_REQUIRED,INER_EBUS,Instituto Nacional de Enfermedades Respiratorias,public_institution_report,https://iner.salud.gob.mx/descargas/informelabores/2023.pdf,bronchoscopy | EBUS | transbronchial biopsy,Reports bronchoscopy and EBUS activity and distinguishes EBUS variants and biopsy acts,Institutional activity is not a national provider directory
AUDIT_ONLY | PROPOSED | DIRECTOR_REVIEW_REQUIRED,HGM_COLPO,Hospital General de México,public_hospital_service,https://hgm.salud.gob.mx/interna/unidades/onco/onco.html,colposcopy,Names a dedicated colposcopy clinic,Clinic listing does not prove universal availability or exact booking model
AUDIT_ONLY | PROPOSED | DIRECTOR_REVIEW_REQUIRED,HGM_PATH,Hospital General de México,public_hospital_manual,https://hgm.salud.gob.mx/normateca/manuales_de_procedimientos/DCM/MAN_PROC_SERV_PAT_2024.pdf,colposcopy | biopsy | cytology,Colposcopy form records whether biopsy was performed and separate cytology interpretation,Form is not a full prospective order/result schema
AUDIT_ONLY | PROPOSED | DIRECTOR_REVIEW_REQUIRED,MS_GYN,Médica Sur,provider_service_page,https://laboratorio.medicasur.com.mx/es/ms/Atencion_Ginecologica_Tlalpan,colposcopy | hysteroscopy,Lists both colposcopy and hysteroscopy in gynecology service,Page does not distinguish every diagnostic versus operative slot
AUDIT_ONLY | PROPOSED | DIRECTOR_REVIEW_REQUIRED,HGM_GYN,Hospital General de México,public_hospital_manual,https://hgm.salud.gob.mx/normateca/manuales_de_procedimientos/DCM/MAN_PROC_SERV_GIN_2023.pdf,office diagnostic hysteroscopy | operative hysteroscopy,Manual explicitly separates ambulatory diagnostic hysteroscopy from operative hysteroscopy,Exact eligibility and preparation remain provider responsibility
AUDIT_ONLY | PROPOSED | DIRECTOR_REVIEW_REQUIRED,HGM_URO,Hospital General de México,public_hospital_manual,https://hgm.salud.gob.mx/normateca/manuales_de_procedimientos/DCM/MAN_PROC_SERV_URO_2022.pdf,simple diagnostic cystoscopy | cystoscopy with biopsy | cystoscopy with ureteric stent,Manual has distinct procedures for simple diagnostic video cystoscopy biopsy and double-J catheter,Manual establishes distinction not current appointment inventory
AUDIT_ONLY | PROPOSED | DIRECTOR_REVIEW_REQUIRED,MS_CYSTO,Médica Sur,provider_explanation,https://adultomayor.medicasur.com.mx/es/ms/ms_sal_em_litren_citoscopia_cistouretroscopia,cystoscopy | cystourethroscopy,Describes direct visualization of urethra and bladder as diagnostic study,Does not establish biopsy/stent capability
AUDIT_ONLY | PROPOSED | DIRECTOR_REVIEW_REQUIRED,HGM_ENT,Hospital General de México,public_hospital_manual,https://hgm.salud.gob.mx/normateca/manuales_de_procedimientos/DCM/MAN_PROC_SERV_OTO_2024.pdf,ENT diagnostic endoscopy | ENT therapeutic endoscopy,Manual names a dedicated ENT endoscopy procedure with diagnostic and therapeutic distinction,Does not prove nasal-only scope equals laryngoscopy
AUDIT_ONLY | PROPOSED | DIRECTOR_REVIEW_REQUIRED,INER_ENT,Instituto Nacional de Enfermedades Respiratorias,public_hospital_manual,https://iner.salud.gob.mx/descargas/normatecainterna/MPdirmedica/MP_SERVURGENCIAS_22122025.pdf,nasofibrolaryngoscopy,Manual names nasofibrolaryngoscopy for airway evaluation,Emergency setting is not proof of routine outpatient availability
AUDIT_ONLY | PROPOSED | DIRECTOR_REVIEW_REQUIRED,IMSS_CAP,Instituto Mexicano del Seguro Social,public_institution_explanation,https://www.imss.gob.mx/prensa/archivo/201709/274,capsule endoscopy | preparation,Describes capsule diagnostic imaging and bowel preparation without therapeutic action,Older institutional account; current local availability must be verified
AUDIT_ONLY | PROPOSED | DIRECTOR_REVIEW_REQUIRED,IMSS_MOT,Instituto Mexicano del Seguro Social,public_procurement_specification,https://reposipot.imss.gob.mx/OOAD/COLIMA/2025/1.%20PRIMER%20TRIMESTRE%202025/LA-50-GYR-050GYR012-N-15-2025/2.-%20CONVOC%20LA-012-N-15-25.pdf,esophageal manometry | esophageal pH monitoring,Procurement lists pH monitoring and manometry as distinct diagnostic studies,Procurement establishes service demand but not national frequency
AUDIT_ONLY | PROPOSED | DIRECTOR_REVIEW_REQUIRED,IMSS_MOT2,Instituto Mexicano del Seguro Social,public_procurement_contract,https://reposipot.imss.gob.mx/OOAD/NAYARIT/4to%20TRIMESTRE%202025/4TO.%20TRIMESTRE/DICIEMBRE/050GYR005N26125-001-00.pdf,esophageal manometry | pH monitoring | pH-impedance | anorectal manometry,Contract lists separate physiology service lines,Commercial line items do not alone dictate canonical identity boundaries
