root_family_key,root_family_label,parent_group_key,parent_group_label,leaf_key,leaf_label,full_navigation_path_keys,current_active_study_count,current_active_study_keys,current_featured_studies,current_featured_count,proposed_featured_1,proposed_featured_2,proposed_featured_3,proposed_featured_4,proposed_featured_5,proposed_featured_6,proposed_featured_1_evidence,proposed_featured_2_evidence,proposed_featured_3_evidence,proposed_featured_4_evidence,proposed_featured_5_evidence,proposed_featured_6_evidence,proposed_featured_1_confidence,proposed_featured_2_confidence,proposed_featured_3_confidence,proposed_featured_4_confidence,proposed_featured_5_confidence,proposed_featured_6_confidence,proposed_featured_1_reference,proposed_featured_2_reference,proposed_featured_3_reference,proposed_featured_4_reference,proposed_featured_5_reference,proposed_featured_6_reference,proposed_featured_count,featured_evidence_summary,featured_confidence,full_catalog_needed,proposed_catalog_groups,group_member_counts,uncategorized_remaining_count,small_catalog_rule_applies,heading_proposal,current_redundant_copy,proposed_removed_copy,external_references,mexico_specific_source_used,implementation_risk,director_review_notes
laboratory,LABORATORIO,laboratory,LABORATORIO,chemistry,Química clínica,laboratory / chemistry,34,albumin|alp|alt|amylase|ast|bilirubin_direct|bilirubin_indirect|bilirubin_total|bun|calcium|chloride|chol_total|creatinine|folate|fructosamine|ggt|glucose|hdl|lab_amonio|lab_ck_mb|lab_cpk|ldl|lipase|magnesium|non_hdl|phosphorus|potassium|sodium|total_protein|triglycerides|urea|uric_acid|vitamin_b12|vitamin_d,,0,glucose,creatinine,urea,chol_total,hdl,triglycerides,GUIDELINE_ROUTINE_USE;REFERENCE_LAB_ROUTINE;MEXICO_MARKET_COMMON_OFFERING,GUIDELINE_ROUTINE_USE;REFERENCE_LAB_ROUTINE;MEXICO_MARKET_COMMON_OFFERING,GUIDELINE_ROUTINE_USE;REFERENCE_LAB_ROUTINE;MEXICO_MARKET_COMMON_OFFERING,GUIDELINE_ROUTINE_USE;REFERENCE_LAB_ROUTINE;MEXICO_MARKET_COMMON_OFFERING,GUIDELINE_ROUTINE_USE;REFERENCE_LAB_ROUTINE;MEXICO_MARKET_COMMON_OFFERING,GUIDELINE_ROUTINE_USE;REFERENCE_LAB_ROUTINE;MEXICO_MARKET_COMMON_OFFERING,MEDIUM,MEDIUM,MEDIUM,MEDIUM,MEDIUM,MEDIUM,https://medlineplus.gov/lab-tests/what-you-need-to-know-about-blood-testing/,https://medlineplus.gov/lab-tests/creatinine-test/,https://medlineplus.gov/ency/article/003462.htm,https://medlineplus.gov/lab-tests/cholesterol-levels/,https://medlineplus.gov/lab-tests/cholesterol-levels/,https://medlineplus.gov/lab-tests/triglycerides-test/,6,GUIDELINE_ROUTINE_USE;REFERENCE_LAB_ROUTINE;MEXICO_MARKET_COMMON_OFFERING,MEDIUM,yes,chemistry__metabolism|chemistry__electrolytes|chemistry__lipids|chemistry__hepatic|chemistry__enzymes|chemistry__micronutrients,chemistry__metabolism:6|chemistry__electrolytes:6|chemistry__lipids:5|chemistry__hepatic:10|chemistry__enzymes:4|chemistry__micronutrients:3,0,no,LABORATORIO / QUÍMICA CLÍNICA,Seleccionar estudios; CATÁLOGO DE ESTUDIOS; contexto repetido; conteo de resultados,Seleccionar estudios; CATÁLOGO DE ESTUDIOS; contexto repetido; conteo si no es estado de búsqueda,https://medlineplus.gov/lab-tests/what-you-need-to-know-about-blood-testing/|https://medlineplus.gov/lab-tests/cholesterol-levels/|https://empresas.salud-digna.org/afiliados,yes,CLINICAL_EDITOR_REVIEW,Revisar ranking y grupos con especialista antes de FEATURED02.
laboratory,LABORATORIO,laboratory,LABORATORIO,coagulation,Coagulación,laboratory / coagulation,6,aptt|d_dimer|fibrinogen|lab_tiempo_de_protrombina|lab_tiempo_de_trombina|thrombophilia,,0,,,,,,,,,,,,,,,,,,,,,,,,,0,SMALL_CATALOG_DIRECT_DISPLAY,N/A,no,,,0,yes,LABORATORIO / COAGULACIÓN,Seleccionar estudios; CATÁLOGO DE ESTUDIOS; contexto repetido; conteo de resultados,Seleccionar estudios; CATÁLOGO DE ESTUDIOS; contexto repetido; conteo si no es estado de búsqueda,https://medlineplus.gov/lab-tests/,no,LOW_VISUAL_CONFIG,Mantener catálogo directo; sin acordeón duplicado.
laboratory,LABORATORIO,laboratory,LABORATORIO,drugs,Monitoreo de fármacos,laboratory / drugs,1,lab_litio,,0,,,,,,,,,,,,,,,,,,,,,,,,,0,SMALL_CATALOG_DIRECT_DISPLAY,N/A,no,,,0,yes,LABORATORIO / MONITOREO DE FÁRMACOS,Seleccionar estudios; CATÁLOGO DE ESTUDIOS; contexto repetido; conteo de resultados,Seleccionar estudios; CATÁLOGO DE ESTUDIOS; contexto repetido; conteo si no es estado de búsqueda,https://medlineplus.gov/lab-tests/,no,LOW_VISUAL_CONFIG,Mantener catálogo directo; sin acordeón duplicado.
laboratory,LABORATORIO,laboratory,LABORATORIO,endocrine,Endocrinología y hormonas,laboratory / endocrine,15,anti_tg|anti_tpo|bhcg|estradiol|fsh|ft3|ft4|hba1c|lh|ogtt|progesterone|prolactin|testosterone_free|testosterone_total|tsh,,0,tsh,ft4,hba1c,,,,SPECIALTY_ROUTINE_USE;GENERAL_CLINICAL_WORKFLOW,SPECIALTY_ROUTINE_USE;GENERAL_CLINICAL_WORKFLOW,SPECIALTY_ROUTINE_USE;GENERAL_CLINICAL_WORKFLOW,,,,MEDIUM,MEDIUM,MEDIUM,,,,https://medlineplus.gov/thyroidtests.html,https://medlineplus.gov/thyroidtests.html,https://medlineplus.gov/lab-tests/hemoglobin-a1c-hba1c-test/,,,,3,SPECIALTY_ROUTINE_USE;GENERAL_CLINICAL_WORKFLOW,MEDIUM,yes,endocrine__thyroid|endocrine__glycemic|endocrine__reproductive,endocrine__thyroid:5|endocrine__glycemic:2|endocrine__reproductive:8,0,no,LABORATORIO / ENDOCRINOLOGÍA Y HORMONAS,Seleccionar estudios; CATÁLOGO DE ESTUDIOS; contexto repetido; conteo de resultados,Seleccionar estudios; CATÁLOGO DE ESTUDIOS; contexto repetido; conteo si no es estado de búsqueda,https://medlineplus.gov/thyroidtests.html|https://medlineplus.gov/lab-tests/hemoglobin-a1c-hba1c-test/,no,CLINICAL_EDITOR_REVIEW,Revisar ranking y grupos con especialista antes de FEATURED02.
laboratory,LABORATORIO,genetics,Genética y diagnóstico molecular,cytogenetics,Citogenética,laboratory / genetics / cytogenetics,1,karyotype,,0,,,,,,,,,,,,,,,,,,,,,,,,,0,SMALL_CATALOG_DIRECT_DISPLAY,N/A,no,,,0,yes,LABORATORIO / CITOGENÉTICA,Seleccionar estudios; CATÁLOGO DE ESTUDIOS; contexto repetido; conteo de resultados,Seleccionar estudios; CATÁLOGO DE ESTUDIOS; contexto repetido; conteo si no es estado de búsqueda,https://medlineplus.gov/lab-tests/,no,LOW_VISUAL_CONFIG,Mantener catálogo directo; sin acordeón duplicado.
laboratory,LABORATORIO,genetics,Genética y diagnóstico molecular,cytogenomics,Citogenómica y microarreglos,laboratory / genetics / cytogenomics,1,cma_microarray,,0,,,,,,,,,,,,,,,,,,,,,,,,,0,SMALL_CATALOG_DIRECT_DISPLAY,N/A,no,,,0,yes,LABORATORIO / CITOGENÓMICA Y MICROARREGLOS,Seleccionar estudios; CATÁLOGO DE ESTUDIOS; contexto repetido; conteo de resultados,Seleccionar estudios; CATÁLOGO DE ESTUDIOS; contexto repetido; conteo si no es estado de búsqueda,https://medlineplus.gov/lab-tests/,no,LOW_VISUAL_CONFIG,Mantener catálogo directo; sin acordeón duplicado.
laboratory,LABORATORIO,genetics,Genética y diagnóstico molecular,genomic_sequencing,Secuenciación genómica,laboratory / genetics / genomic_sequencing,2,wes|wgs,,0,,,,,,,,,,,,,,,,,,,,,,,,,0,SMALL_CATALOG_DIRECT_DISPLAY,N/A,no,,,0,yes,LABORATORIO / SECUENCIACIÓN GENÓMICA,Seleccionar estudios; CATÁLOGO DE ESTUDIOS; contexto repetido; conteo de resultados,Seleccionar estudios; CATÁLOGO DE ESTUDIOS; contexto repetido; conteo si no es estado de búsqueda,https://medlineplus.gov/lab-tests/,no,LOW_VISUAL_CONFIG,Mantener catálogo directo; sin acordeón duplicado.
laboratory,LABORATORIO,genetics,Genética y diagnóstico molecular,germline_genetics,Genética germinal,laboratory / genetics / germline_genetics,5,brca1_2|carrier_screening|hereditary_cancer_germline|lynch|thrombophilia,,0,,,,,,,,,,,,,,,,,,,,,,,,,0,SMALL_CATALOG_DIRECT_DISPLAY,N/A,no,,,0,yes,LABORATORIO / GENÉTICA GERMINAL,Seleccionar estudios; CATÁLOGO DE ESTUDIOS; contexto repetido; conteo de resultados,Seleccionar estudios; CATÁLOGO DE ESTUDIOS; contexto repetido; conteo si no es estado de búsqueda,https://medlineplus.gov/lab-tests/,no,LOW_VISUAL_CONFIG,Mantener catálogo directo; sin acordeón duplicado.
laboratory,LABORATORIO,genetics,Genética y diagnóstico molecular,hereditary_oncology,Oncología hereditaria,laboratory / genetics / hereditary_oncology,3,brca1_2|hereditary_cancer_germline|lynch,,0,,,,,,,,,,,,,,,,,,,,,,,,,0,SMALL_CATALOG_DIRECT_DISPLAY,N/A,no,,,0,yes,LABORATORIO / ONCOLOGÍA HEREDITARIA,Seleccionar estudios; CATÁLOGO DE ESTUDIOS; contexto repetido; conteo de resultados,Seleccionar estudios; CATÁLOGO DE ESTUDIOS; contexto repetido; conteo si no es estado de búsqueda,https://medlineplus.gov/lab-tests/,no,LOW_VISUAL_CONFIG,Mantener catálogo directo; sin acordeón duplicado.
laboratory,LABORATORIO,genetics,Genética y diagnóstico molecular,molecular_oncology,Oncología molecular,laboratory / genetics / molecular_oncology,1,somatic_tumor_ngs,,0,,,,,,,,,,,,,,,,,,,,,,,,,0,SMALL_CATALOG_DIRECT_DISPLAY,N/A,no,,,0,yes,LABORATORIO / ONCOLOGÍA MOLECULAR,Seleccionar estudios; CATÁLOGO DE ESTUDIOS; contexto repetido; conteo de resultados,Seleccionar estudios; CATÁLOGO DE ESTUDIOS; contexto repetido; conteo si no es estado de búsqueda,https://medlineplus.gov/lab-tests/,no,LOW_VISUAL_CONFIG,Mantener catálogo directo; sin acordeón duplicado.
laboratory,LABORATORIO,genetics,Genética y diagnóstico molecular,pharmacogenomics,Farmacogenómica,laboratory / genetics / pharmacogenomics,1,pgx,,0,,,,,,,,,,,,,,,,,,,,,,,,,0,SMALL_CATALOG_DIRECT_DISPLAY,N/A,no,,,0,yes,LABORATORIO / FARMACOGENÓMICA,Seleccionar estudios; CATÁLOGO DE ESTUDIOS; contexto repetido; conteo de resultados,Seleccionar estudios; CATÁLOGO DE ESTUDIOS; contexto repetido; conteo si no es estado de búsqueda,https://medlineplus.gov/lab-tests/,no,LOW_VISUAL_CONFIG,Mantener catálogo directo; sin acordeón duplicado.
laboratory,LABORATORIO,genetics,Genética y diagnóstico molecular,prenatal_genetics,Tamiz genético prenatal,laboratory / genetics / prenatal_genetics,1,nipt,,0,,,,,,,,,,,,,,,,,,,,,,,,,0,SMALL_CATALOG_DIRECT_DISPLAY,N/A,no,,,0,yes,LABORATORIO / TAMIZ GENÉTICO PRENATAL,Seleccionar estudios; CATÁLOGO DE ESTUDIOS; contexto repetido; conteo de resultados,Seleccionar estudios; CATÁLOGO DE ESTUDIOS; contexto repetido; conteo si no es estado de búsqueda,https://medlineplus.gov/lab-tests/,no,LOW_VISUAL_CONFIG,Mantener catálogo directo; sin acordeón duplicado.
laboratory,LABORATORIO,laboratory,LABORATORIO,hematology,Hematología,laboratory / hematology,11,cbc|esr|ferritin|iron|lab_coombs_directo|lab_coombs_indirecto|lab_frotis_sanguineo|lab_reticulocitos|platelets|tibc|transferrin_sat,,0,cbc,ferritin,iron,,,,SPECIALTY_ROUTINE_USE;GENERAL_CLINICAL_WORKFLOW,SPECIALTY_ROUTINE_USE;GENERAL_CLINICAL_WORKFLOW,SPECIALTY_ROUTINE_USE;GENERAL_CLINICAL_WORKFLOW,,,,MEDIUM,MEDIUM,MEDIUM,,,,https://medlineplus.gov/bloodcounttests.html,https://medlineplus.gov/lab-tests/iron-tests/,https://medlineplus.gov/lab-tests/iron-tests/,,,,3,SPECIALTY_ROUTINE_USE;GENERAL_CLINICAL_WORKFLOW,MEDIUM,yes,hematology__counts|hematology__iron|hematology__coombs,hematology__counts:5|hematology__iron:4|hematology__coombs:2,0,no,LABORATORIO / HEMATOLOGÍA,Seleccionar estudios; CATÁLOGO DE ESTUDIOS; contexto repetido; conteo de resultados,Seleccionar estudios; CATÁLOGO DE ESTUDIOS; contexto repetido; conteo si no es estado de búsqueda,https://medlineplus.gov/bloodcounttests.html|https://medlineplus.gov/lab-tests/iron-tests/,no,CLINICAL_EDITOR_REVIEW,Revisar ranking y grupos con especialista antes de FEATURED02.
laboratory,LABORATORIO,immunoserology,Inmunología y serología,autoimmunity,Autoinmunidad,laboratory / immunoserology / autoimmunity,5,ana|anca|anti_ccp|ena|rf,,0,,,,,,,,,,,,,,,,,,,,,,,,,0,SMALL_CATALOG_DIRECT_DISPLAY,N/A,no,,,0,yes,LABORATORIO / AUTOINMUNIDAD,Seleccionar estudios; CATÁLOGO DE ESTUDIOS; contexto repetido; conteo de resultados,Seleccionar estudios; CATÁLOGO DE ESTUDIOS; contexto repetido; conteo si no es estado de búsqueda,https://medlineplus.gov/lab-tests/,no,LOW_VISUAL_CONFIG,Mantener catálogo directo; sin acordeón duplicado.
laboratory,LABORATORIO,immunoserology,Inmunología y serología,hepatitis_serology,Serologías de hepatitis,laboratory / immunoserology / hepatitis_serology,4,anti_hbc|anti_hbs|hbsag|hcv_ab,,0,,,,,,,,,,,,,,,,,,,,,,,,,0,SMALL_CATALOG_DIRECT_DISPLAY,N/A,no,,,0,yes,LABORATORIO / SEROLOGÍAS DE HEPATITIS,Seleccionar estudios; CATÁLOGO DE ESTUDIOS; contexto repetido; conteo de resultados,Seleccionar estudios; CATÁLOGO DE ESTUDIOS; contexto repetido; conteo si no es estado de búsqueda,https://medlineplus.gov/lab-tests/,no,LOW_VISUAL_CONFIG,Mantener catálogo directo; sin acordeón duplicado.
laboratory,LABORATORIO,immunoserology,Inmunología y serología,immunoglobulins,Inmunoglobulinas y complemento,laboratory / immunoserology / immunoglobulins,5,c3|c4|iga|igg|igm,,0,,,,,,,,,,,,,,,,,,,,,,,,,0,SMALL_CATALOG_DIRECT_DISPLAY,N/A,no,,,0,yes,LABORATORIO / INMUNOGLOBULINAS Y COMPLEMENTO,Seleccionar estudios; CATÁLOGO DE ESTUDIOS; contexto repetido; conteo de resultados,Seleccionar estudios; CATÁLOGO DE ESTUDIOS; contexto repetido; conteo si no es estado de búsqueda,https://medlineplus.gov/lab-tests/,no,LOW_VISUAL_CONFIG,Mantener catálogo directo; sin acordeón duplicado.
laboratory,LABORATORIO,immunoserology,Inmunología y serología,infectious_serology,Otras serologías infecciosas,laboratory / immunoserology / infectious_serology,1,hiv_ag_ac,,0,,,,,,,,,,,,,,,,,,,,,,,,,0,SMALL_CATALOG_DIRECT_DISPLAY,N/A,no,,,0,yes,LABORATORIO / OTRAS SEROLOGÍAS INFECCIOSAS,Seleccionar estudios; CATÁLOGO DE ESTUDIOS; contexto repetido; conteo de resultados,Seleccionar estudios; CATÁLOGO DE ESTUDIOS; contexto repetido; conteo si no es estado de búsqueda,https://medlineplus.gov/lab-tests/,no,LOW_VISUAL_CONFIG,Mantener catálogo directo; sin acordeón duplicado.
laboratory,LABORATORIO,immunoserology,Inmunología y serología,inflammation,Inflamación y reactantes,laboratory / immunoserology / inflammation,2,crp_hs|esr,,0,,,,,,,,,,,,,,,,,,,,,,,,,0,SMALL_CATALOG_DIRECT_DISPLAY,N/A,no,,,0,yes,LABORATORIO / INFLAMACIÓN Y REACTANTES,Seleccionar estudios; CATÁLOGO DE ESTUDIOS; contexto repetido; conteo de resultados,Seleccionar estudios; CATÁLOGO DE ESTUDIOS; contexto repetido; conteo si no es estado de búsqueda,https://medlineplus.gov/lab-tests/,no,LOW_VISUAL_CONFIG,Mantener catálogo directo; sin acordeón duplicado.
laboratory,LABORATORIO,laboratory,LABORATORIO,microbiology,Microbiología,laboratory / microbiology,8,blood_culture|csf_cryptococcal_antigen|csf_vdrl|sterile_body_fluid_bacterial_culture|stool_culture|throat_swab|urine_culture|vaginal_swab,,0,urine_culture,blood_culture,throat_swab,stool_culture,,,SPECIALTY_ROUTINE_USE;GENERAL_CLINICAL_WORKFLOW,SPECIALTY_ROUTINE_USE;GENERAL_CLINICAL_WORKFLOW,SPECIALTY_ROUTINE_USE;GENERAL_CLINICAL_WORKFLOW,SPECIALTY_ROUTINE_USE;GENERAL_CLINICAL_WORKFLOW,,,MEDIUM,MEDIUM,MEDIUM,MEDIUM,,,https://medlineplus.gov/lab-tests/bacteria-culture-test/,https://medlineplus.gov/lab-tests/bacteria-culture-test/,https://medlineplus.gov/lab-tests/bacteria-culture-test/,https://medlineplus.gov/lab-tests/bacteria-culture-test/,,,4,SPECIALTY_ROUTINE_USE;GENERAL_CLINICAL_WORKFLOW,MEDIUM,yes,microbiology__culture|microbiology__csf_infection,microbiology__culture:6|microbiology__csf_infection:2,0,no,LABORATORIO / MICROBIOLOGÍA,Seleccionar estudios; CATÁLOGO DE ESTUDIOS; contexto repetido; conteo de resultados,Seleccionar estudios; CATÁLOGO DE ESTUDIOS; contexto repetido; conteo si no es estado de búsqueda,https://medlineplus.gov/lab-tests/bacteria-culture-test/,no,CLINICAL_EDITOR_REVIEW,Revisar ranking y grupos con especialista antes de FEATURED02.
laboratory,LABORATORIO,laboratory,LABORATORIO,molecular_infectious,Molecular e infecciosas,laboratory / molecular_infectious,1,csf_meningitis_encephalitis_panel,,0,,,,,,,,,,,,,,,,,,,,,,,,,0,SMALL_CATALOG_DIRECT_DISPLAY,N/A,no,,,0,yes,LABORATORIO / MOLECULAR E INFECCIOSAS,Seleccionar estudios; CATÁLOGO DE ESTUDIOS; contexto repetido; conteo de resultados,Seleccionar estudios; CATÁLOGO DE ESTUDIOS; contexto repetido; conteo si no es estado de búsqueda,https://medlineplus.gov/lab-tests/,no,LOW_VISUAL_CONFIG,Mantener catálogo directo; sin acordeón duplicado.
laboratory,LABORATORIO,laboratory,LABORATORIO,panels,Perfiles y paneles,laboratory / panels,7,carrier_screening|cbc|hereditary_cancer_germline|pgx|somatic_tumor_ngs|thrombophilia|urinalysis,,0,,,,,,,,,,,,,,,,,,,,,,,,,0,FEATURED_RESEARCH_INSUFFICIENT,LOW,yes,panels__general|panels__genetic,panels__general:2|panels__genetic:5,0,no,LABORATORIO / PERFILES Y PANELES,Seleccionar estudios; CATÁLOGO DE ESTUDIOS; contexto repetido; conteo de resultados,Seleccionar estudios; CATÁLOGO DE ESTUDIOS; contexto repetido; conteo si no es estado de búsqueda,https://medlineplus.gov/lab-tests/,no,TAXONOMY_REVIEW_REQUIRED,Revisar ranking y grupos con especialista antes de FEATURED02.
laboratory,LABORATORIO,laboratory,LABORATORIO,stool,Materia fecal,laboratory / stool,5,fecal_occult_blood|lab_ag_helicobacter_pylori|lab_calprotectina_cuantificada|stool_culture|stool_ova_parasites,,0,,,,,,,,,,,,,,,,,,,,,,,,,0,SMALL_CATALOG_DIRECT_DISPLAY,N/A,no,,,0,yes,LABORATORIO / MATERIA FECAL,Seleccionar estudios; CATÁLOGO DE ESTUDIOS; contexto repetido; conteo de resultados,Seleccionar estudios; CATÁLOGO DE ESTUDIOS; contexto repetido; conteo si no es estado de búsqueda,https://medlineplus.gov/lab-tests/,no,LOW_VISUAL_CONFIG,Mantener catálogo directo; sin acordeón duplicado.
laboratory,LABORATORIO,laboratory,LABORATORIO,tumor,Marcadores tumorales,laboratory / tumor,1,bhcg,,0,,,,,,,,,,,,,,,,,,,,,,,,,0,SMALL_CATALOG_DIRECT_DISPLAY,N/A,no,,,0,yes,LABORATORIO / MARCADORES TUMORALES,Seleccionar estudios; CATÁLOGO DE ESTUDIOS; contexto repetido; conteo de resultados,Seleccionar estudios; CATÁLOGO DE ESTUDIOS; contexto repetido; conteo si no es estado de búsqueda,https://medlineplus.gov/lab-tests/,no,LOW_VISUAL_CONFIG,Mantener catálogo directo; sin acordeón duplicado.
laboratory,LABORATORIO,laboratory,LABORATORIO,urine,Orina y otros fluidos,laboratory / urine,26,body_fluid_albumin|body_fluid_amylase|body_fluid_cell_count|body_fluid_cholesterol|body_fluid_glucose|body_fluid_ldh|body_fluid_total_protein|body_fluid_triglycerides|csf_cell_count|csf_glucose|csf_lactate|csf_oligoclonal_bands|csf_total_protein|microalbumin|post_vasectomy_semen_check|semen_analysis|synovial_crystals|urinalysis|urine_albumin_creatinine_panel|urine_creatinine_spot|urine_culture|urine_osmolality|urine_potassium_spot|urine_pregnancy_qualitative|urine_protein_creatinine_panel|urine_sodium_spot,urinalysis|microalbumin|urine_culture|urine_albumin_creatinine_panel|urine_protein_creatinine_panel|urine_osmolality,6,urinalysis,microalbumin,urine_culture,urine_albumin_creatinine_panel,urine_protein_creatinine_panel,urine_osmolality,GUIDELINE_ROUTINE_USE;MEXICO_MARKET_COMMON_OFFERING,GUIDELINE_ROUTINE_USE;MEXICO_MARKET_COMMON_OFFERING,GUIDELINE_ROUTINE_USE;REFERENCE_LAB_ROUTINE;MEXICO_MARKET_COMMON_OFFERING,GUIDELINE_ROUTINE_USE,GUIDELINE_ROUTINE_USE,DIRECTOR_PRODUCT_DECISION;REFERENCE_LAB_ROUTINE,MEDIUM,MEDIUM,MEDIUM,MEDIUM,MEDIUM,MEDIUM,https://www.imss.gob.mx/node/111671,https://www.imss.gob.mx/node/111671,https://www.imss.gob.mx/node/111671,https://www.imss.gob.mx/sites/all/statics/guiasclinicas/335GER.pdf,https://www.imss.gob.mx/sites/all/statics/guiasclinicas/335GER.pdf,https://www.mayocliniclabs.com/test-catalog/Overview/41236,6,GUIDELINE_ROUTINE_USE;REFERENCE_LAB_ROUTINE;MEXICO_MARKET_COMMON_OFFERING,MEDIUM,yes,urine__urine_1|urine__urine_2|urine__urine_3|urine__urine_4|urine__urine_5|urine__urine_6|urine__urine_7,urine__urine_1:7|urine__urine_2:2|urine__urine_3:1|urine__urine_4:2|urine__urine_5:5|urine__urine_6:8|urine__urine_7:5,0,no,LABORATORIO / ORINA Y OTROS FLUIDOS,Seleccionar estudios; CATÁLOGO DE ESTUDIOS; contexto repetido; conteo de resultados,Seleccionar estudios; CATÁLOGO DE ESTUDIOS; contexto repetido; conteo si no es estado de búsqueda,https://www.imss.gob.mx/node/111671|https://www.imss.gob.mx/sites/all/statics/guiasclinicas/335GER.pdf|https://medlineplus.gov/lab-tests/microalbumin-creatinine-ratio/,yes,CLINICAL_EDITOR_REVIEW,Revisar ranking y grupos con especialista antes de FEATURED02.
imaging,IMAGENOLOGÍA,imaging,IMAGENOLOGÍA,breast_imaging,Imagen mamaria,imaging / breast_imaging,2,breast_us|mammo,,0,,,,,,,,,,,,,,,,,,,,,,,,,0,SMALL_CATALOG_DIRECT_DISPLAY,N/A,no,,,0,yes,IMAGENOLOGÍA / IMAGEN MAMARIA,Seleccionar estudios; CATÁLOGO DE ESTUDIOS; contexto repetido; conteo de resultados,Seleccionar estudios; CATÁLOGO DE ESTUDIOS; contexto repetido; conteo si no es estado de búsqueda,https://www.radiologyinfo.org/en/home,no,LOW_VISUAL_CONFIG,Mantener catálogo directo; sin acordeón duplicado.
imaging,IMAGENOLOGÍA,imaging,IMAGENOLOGÍA,densitometry,Densitometría,imaging / densitometry,1,dexa,,0,,,,,,,,,,,,,,,,,,,,,,,,,0,SMALL_CATALOG_DIRECT_DISPLAY,N/A,no,,,0,yes,IMAGENOLOGÍA / DENSITOMETRÍA,Seleccionar estudios; CATÁLOGO DE ESTUDIOS; contexto repetido; conteo de resultados,Seleccionar estudios; CATÁLOGO DE ESTUDIOS; contexto repetido; conteo si no es estado de búsqueda,https://www.radiologyinfo.org/en/home,no,LOW_VISUAL_CONFIG,Mantener catálogo directo; sin acordeón duplicado.
imaging,IMAGENOLOGÍA,imaging,IMAGENOLOGÍA,magnetic_resonance,Resonancia magnética,imaging / magnetic_resonance,4,mr_abdomen|mr_brain|mr_knee|mr_shoulder,,0,,,,,,,,,,,,,,,,,,,,,,,,,0,SMALL_CATALOG_DIRECT_DISPLAY,N/A,no,,,0,yes,IMAGENOLOGÍA / RESONANCIA MAGNÉTICA,Seleccionar estudios; CATÁLOGO DE ESTUDIOS; contexto repetido; conteo de resultados,Seleccionar estudios; CATÁLOGO DE ESTUDIOS; contexto repetido; conteo si no es estado de búsqueda,https://www.radiologyinfo.org/en/home,no,LOW_VISUAL_CONFIG,Mantener catálogo directo; sin acordeón duplicado.
imaging,IMAGENOLOGÍA,imaging,IMAGENOLOGÍA,nuclear,Medicina nuclear y PET,imaging / nuclear,3,nm_bone_scan|nm_thyroid_uptake|pet_ct,,0,,,,,,,,,,,,,,,,,,,,,,,,,0,SMALL_CATALOG_DIRECT_DISPLAY,N/A,no,,,0,yes,IMAGENOLOGÍA / MEDICINA NUCLEAR Y PET,Seleccionar estudios; CATÁLOGO DE ESTUDIOS; contexto repetido; conteo de resultados,Seleccionar estudios; CATÁLOGO DE ESTUDIOS; contexto repetido; conteo si no es estado de búsqueda,https://www.radiologyinfo.org/en/home,no,LOW_VISUAL_CONFIG,Mantener catálogo directo; sin acordeón duplicado.
imaging,IMAGENOLOGÍA,imaging,IMAGENOLOGÍA,radiography,Radiografía y fluoroscopía,imaging / radiography,13,fluoro_barium_enema|fluoro_hsg|fluoro_ugi|fluoro_vcug|rx_abdomen|rx_ankle|rx_chest|rx_cspine|rx_hand|rx_knee|rx_lspine|rx_pelvis|rx_shoulder,,0,rx_chest,rx_abdomen,rx_knee,,,,GENERAL_CLINICAL_WORKFLOW,GENERAL_CLINICAL_WORKFLOW,GENERAL_CLINICAL_WORKFLOW,,,,LOW,LOW,LOW,,,,https://www.radiologyinfo.org/en/home,https://www.radiologyinfo.org/en/home,https://acsearch.acr.org/docs/69419/narrative/,,,,3,SPECIALTY_ROUTINE_USE;GENERAL_CLINICAL_WORKFLOW,LOW,yes,radiography__plain|radiography__fluoro,radiography__plain:9|radiography__fluoro:4,0,no,IMAGENOLOGÍA / RADIOGRAFÍA Y FLUOROSCOPÍA,Seleccionar estudios; CATÁLOGO DE ESTUDIOS; contexto repetido; conteo de resultados,Seleccionar estudios; CATÁLOGO DE ESTUDIOS; contexto repetido; conteo si no es estado de búsqueda,https://www.radiologyinfo.org/en/home,no,CLINICAL_EDITOR_REVIEW,Revisar ranking y grupos con especialista antes de FEATURED02.
imaging,IMAGENOLOGÍA,imaging,IMAGENOLOGÍA,tomography,Tomografía,imaging / tomography,4,ct_abdomen_pelvis|ct_chest|ct_head|ct_uro,,0,,,,,,,,,,,,,,,,,,,,,,,,,0,SMALL_CATALOG_DIRECT_DISPLAY,N/A,no,,,0,yes,IMAGENOLOGÍA / TOMOGRAFÍA,Seleccionar estudios; CATÁLOGO DE ESTUDIOS; contexto repetido; conteo de resultados,Seleccionar estudios; CATÁLOGO DE ESTUDIOS; contexto repetido; conteo si no es estado de búsqueda,https://www.radiologyinfo.org/en/home,no,LOW_VISUAL_CONFIG,Mantener catálogo directo; sin acordeón duplicado.
imaging,IMAGENOLOGÍA,ultrasound,Ultrasonido,ultrasound_cardiac,Ultrasonido cardíaco,imaging / ultrasound / ultrasound_cardiac,3,echo_tes|echo_tte|stress_echo,,0,,,,,,,,,,,,,,,,,,,,,,,,,0,SMALL_CATALOG_DIRECT_DISPLAY,N/A,no,,,0,yes,IMAGENOLOGÍA / ULTRASONIDO CARDÍACO,Seleccionar estudios; CATÁLOGO DE ESTUDIOS; contexto repetido; conteo de resultados,Seleccionar estudios; CATÁLOGO DE ESTUDIOS; contexto repetido; conteo si no es estado de búsqueda,https://www.radiologyinfo.org/en/home,no,LOW_VISUAL_CONFIG,Mantener catálogo directo; sin acordeón duplicado.
imaging,IMAGENOLOGÍA,ultrasound,Ultrasonido,ultrasound_general,Ultrasonido general,imaging / ultrasound / ultrasound_general,5,us_abdomen|us_renal|us_soft_tissue|us_testicular|us_thyroid,,0,,,,,,,,,,,,,,,,,,,,,,,,,0,SMALL_CATALOG_DIRECT_DISPLAY,N/A,no,,,0,yes,IMAGENOLOGÍA / ULTRASONIDO GENERAL,Seleccionar estudios; CATÁLOGO DE ESTUDIOS; contexto repetido; conteo de resultados,Seleccionar estudios; CATÁLOGO DE ESTUDIOS; contexto repetido; conteo si no es estado de búsqueda,https://www.radiologyinfo.org/en/home,no,LOW_VISUAL_CONFIG,Mantener catálogo directo; sin acordeón duplicado.
imaging,IMAGENOLOGÍA,ultrasound,Ultrasonido,ultrasound_obgyn,Ultrasonido obstétrico y ginecológico,imaging / ultrasound / ultrasound_obgyn,2,us_obstetric_study|us_pelvic,,0,,,,,,,,,,,,,,,,,,,,,,,,,0,SMALL_CATALOG_DIRECT_DISPLAY,N/A,no,,,0,yes,IMAGENOLOGÍA / ULTRASONIDO OBSTÉTRICO Y GINECOLÓGICO,Seleccionar estudios; CATÁLOGO DE ESTUDIOS; contexto repetido; conteo de resultados,Seleccionar estudios; CATÁLOGO DE ESTUDIOS; contexto repetido; conteo si no es estado de búsqueda,https://www.radiologyinfo.org/en/home,no,LOW_VISUAL_CONFIG,Mantener catálogo directo; sin acordeón duplicado.
imaging,IMAGENOLOGÍA,ultrasound,Ultrasonido,ultrasound_vascular,Ultrasonido vascular / Doppler,imaging / ultrasound / ultrasound_vascular,3,carotid_doppler|lower_ext_art_doppler|lower_ext_venous_doppler,,0,,,,,,,,,,,,,,,,,,,,,,,,,0,SMALL_CATALOG_DIRECT_DISPLAY,N/A,no,,,0,yes,IMAGENOLOGÍA / ULTRASONIDO VASCULAR / DOPPLER,Seleccionar estudios; CATÁLOGO DE ESTUDIOS; contexto repetido; conteo de resultados,Seleccionar estudios; CATÁLOGO DE ESTUDIOS; contexto repetido; conteo si no es estado de búsqueda,https://www.radiologyinfo.org/en/home,no,LOW_VISUAL_CONFIG,Mantener catálogo directo; sin acordeón duplicado.
pathology,PATOLOGÍA Y BIOPSIAS,pathology,PATOLOGÍA Y BIOPSIAS,cervical_cytology,Citología cervical,pathology / cervical_cytology,2,cyto_liquid_based|cyto_pap,,0,,,,,,,,,,,,,,,,,,,,,,,,,0,SMALL_CATALOG_DIRECT_DISPLAY,N/A,no,,,0,yes,PATOLOGÍA Y BIOPSIAS / CITOLOGÍA CERVICAL,Seleccionar estudios; CATÁLOGO DE ESTUDIOS; contexto repetido; conteo de resultados,Seleccionar estudios; CATÁLOGO DE ESTUDIOS; contexto repetido; conteo si no es estado de búsqueda,https://www.acog.org/womens-health/faqs/cervical-cancer-screening,no,LOW_VISUAL_CONFIG,Mantener catálogo directo; sin acordeón duplicado.
pathology,PATOLOGÍA Y BIOPSIAS,pathology,PATOLOGÍA Y BIOPSIAS,fluid_cytology,Citología de orina y líquidos,pathology / fluid_cytology,3,csf_cytology|serous_fluid_cytology|urine_cytology,,0,,,,,,,,,,,,,,,,,,,,,,,,,0,SMALL_CATALOG_DIRECT_DISPLAY,N/A,no,,,0,yes,PATOLOGÍA Y BIOPSIAS / CITOLOGÍA DE ORINA Y LÍQUIDOS,Seleccionar estudios; CATÁLOGO DE ESTUDIOS; contexto repetido; conteo de resultados,Seleccionar estudios; CATÁLOGO DE ESTUDIOS; contexto repetido; conteo si no es estado de búsqueda,https://www.acog.org/womens-health/faqs/cervical-cancer-screening,no,LOW_VISUAL_CONFIG,Mantener catálogo directo; sin acordeón duplicado.
functional,ESTUDIOS FUNCIONALES,functional,ESTUDIOS FUNCIONALES,audiovestibular,Audiología y función vestibular,functional / audiovestibular,5,audiometry_speech|audiometry_tonal|otoacoustic_emissions|tympanometry|vng,,0,,,,,,,,,,,,,,,,,,,,,,,,,0,SMALL_CATALOG_DIRECT_DISPLAY,N/A,no,,,0,yes,ESTUDIOS FUNCIONALES / AUDIOLOGÍA Y FUNCIÓN VESTIBULAR,Seleccionar estudios; CATÁLOGO DE ESTUDIOS; contexto repetido; conteo de resultados,Seleccionar estudios; CATÁLOGO DE ESTUDIOS; contexto repetido; conteo si no es estado de búsqueda,https://www.heart.org/en/health-topics/arrhythmia/symptoms-diagnosis--monitoring-of-arrhythmia/common-tests-for-arrhythmia,no,LOW_VISUAL_CONFIG,Mantener catálogo directo; sin acordeón duplicado.
functional,ESTUDIOS FUNCIONALES,functional,ESTUDIOS FUNCIONALES,cardiovascular,Cardiovascular,functional / cardiovascular,7,abpm_mapa|ankle_brachial_index|ecg_12lead|ecg_rhythm_strip|holter|stress_test|tilt_table,,0,ecg_12lead,holter,abpm_mapa,stress_test,,,SPECIALTY_ROUTINE_USE;GENERAL_CLINICAL_WORKFLOW,SPECIALTY_ROUTINE_USE;GENERAL_CLINICAL_WORKFLOW,SPECIALTY_ROUTINE_USE;GENERAL_CLINICAL_WORKFLOW,SPECIALTY_ROUTINE_USE;GENERAL_CLINICAL_WORKFLOW,,,MEDIUM,MEDIUM,MEDIUM,MEDIUM,,,https://www.heart.org/en/health-topics/arrhythmia/symptoms-diagnosis--monitoring-of-arrhythmia/common-tests-for-arrhythmia,https://www.heart.org/en/health-topics/arrhythmia/symptoms-diagnosis--monitoring-of-arrhythmia/common-tests-for-arrhythmia,https://www.heart.org/en/health-topics/arrhythmia/symptoms-diagnosis--monitoring-of-arrhythmia/common-tests-for-arrhythmia,https://www.heart.org/en/health-topics/arrhythmia/symptoms-diagnosis--monitoring-of-arrhythmia/common-tests-for-arrhythmia,,,4,SPECIALTY_ROUTINE_USE;GENERAL_CLINICAL_WORKFLOW,MEDIUM,yes,cardiovascular__ecg|cardiovascular__ambulatory|cardiovascular__provocation|cardiovascular__vascular,cardiovascular__ecg:2|cardiovascular__ambulatory:2|cardiovascular__provocation:2|cardiovascular__vascular:1,0,no,ESTUDIOS FUNCIONALES / CARDIOVASCULAR,Seleccionar estudios; CATÁLOGO DE ESTUDIOS; contexto repetido; conteo de resultados,Seleccionar estudios; CATÁLOGO DE ESTUDIOS; contexto repetido; conteo si no es estado de búsqueda,https://www.heart.org/en/health-topics/arrhythmia/symptoms-diagnosis--monitoring-of-arrhythmia/common-tests-for-arrhythmia,no,CLINICAL_EDITOR_REVIEW,Revisar ranking y grupos con especialista antes de FEATURED02.
functional,ESTUDIOS FUNCIONALES,functional,ESTUDIOS FUNCIONALES,neurophysiology,Neurofisiología,functional / neurophysiology,9,eeg_routine|eeg_sleep_deprived|emg_ncs|evoked_auditory_baep|evoked_ssep|evoked_visual|repetitive_nerve_stimulation|sfemg|video_eeg,,0,eeg_routine,emg_ncs,,,,,SPECIALTY_ROUTINE_USE,SPECIALTY_ROUTINE_USE,,,,,LOW,LOW,,,,,https://www.aan.com/siteassets/home-page/tools-and-resources/resident--fellows/cnp-fellowship-faq-for-aan_07.2022-003-lp.pdf,https://www.aan.com/siteassets/home-page/tools-and-resources/resident--fellows/cnp-fellowship-faq-for-aan_07.2022-003-lp.pdf,,,,,2,SPECIALTY_ROUTINE_USE;GENERAL_CLINICAL_WORKFLOW,LOW,yes,neurophysiology__eeg|neurophysiology__neuromuscular|neurophysiology__evoked,neurophysiology__eeg:3|neurophysiology__neuromuscular:3|neurophysiology__evoked:3,0,no,ESTUDIOS FUNCIONALES / NEUROFISIOLOGÍA,Seleccionar estudios; CATÁLOGO DE ESTUDIOS; contexto repetido; conteo de resultados,Seleccionar estudios; CATÁLOGO DE ESTUDIOS; contexto repetido; conteo si no es estado de búsqueda,https://www.aan.com/siteassets/home-page/tools-and-resources/resident--fellows/cnp-fellowship-faq-for-aan_07.2022-003-lp.pdf,no,CLINICAL_EDITOR_REVIEW,Revisar ranking y grupos con especialista antes de FEATURED02.
functional,ESTUDIOS FUNCIONALES,functional,ESTUDIOS FUNCIONALES,pulmonary,Función pulmonar,functional / pulmonary,9,capnography|cpet|dlco|feno|full_pft|overnight_oximetry|plethysmography|six_min_walk|spirometry,,0,spirometry,full_pft,dlco,,,,SPECIALTY_ROUTINE_USE;GENERAL_CLINICAL_WORKFLOW,SPECIALTY_ROUTINE_USE;GENERAL_CLINICAL_WORKFLOW,SPECIALTY_ROUTINE_USE;GENERAL_CLINICAL_WORKFLOW,,,,MEDIUM,MEDIUM,MEDIUM,,,,https://site.thoracic.org/advocacy-patients/patient-resources/pulmonary-function-tests,https://site.thoracic.org/advocacy-patients/patient-resources/pulmonary-function-tests,https://site.thoracic.org/advocacy-patients/patient-resources/pulmonary-function-tests,,,,3,SPECIALTY_ROUTINE_USE;GENERAL_CLINICAL_WORKFLOW,MEDIUM,yes,pulmonary__spirometry|pulmonary__exercise|pulmonary__monitoring,pulmonary__spirometry:4|pulmonary__exercise:2|pulmonary__monitoring:3,0,no,ESTUDIOS FUNCIONALES / FUNCIÓN PULMONAR,Seleccionar estudios; CATÁLOGO DE ESTUDIOS; contexto repetido; conteo de resultados,Seleccionar estudios; CATÁLOGO DE ESTUDIOS; contexto repetido; conteo si no es estado de búsqueda,https://site.thoracic.org/advocacy-patients/patient-resources/pulmonary-function-tests,no,CLINICAL_EDITOR_REVIEW,Revisar ranking y grupos con especialista antes de FEATURED02.
functional,ESTUDIOS FUNCIONALES,functional,ESTUDIOS FUNCIONALES,sleep,Sueño,functional / sleep,5,hsat|mslt|mwt|psg_diagnostic|psg_titration,,0,,,,,,,,,,,,,,,,,,,,,,,,,0,SMALL_CATALOG_DIRECT_DISPLAY,N/A,no,,,0,yes,ESTUDIOS FUNCIONALES / SUEÑO,Seleccionar estudios; CATÁLOGO DE ESTUDIOS; contexto repetido; conteo de resultados,Seleccionar estudios; CATÁLOGO DE ESTUDIOS; contexto repetido; conteo si no es estado de búsqueda,https://www.heart.org/en/health-topics/arrhythmia/symptoms-diagnosis--monitoring-of-arrhythmia/common-tests-for-arrhythmia,no,LOW_VISUAL_CONFIG,Mantener catálogo directo; sin acordeón duplicado.
procedures,PROCEDIMIENTOS DIAGNÓSTICOS,procedures,PROCEDIMIENTOS DIAGNÓSTICOS,bronchoscopy,Broncoscopía,procedures / bronchoscopy,2,bronchoscopy_base|ebus_base,,0,,,,,,,,,,,,,,,,,,,,,,,,,0,SMALL_CATALOG_DIRECT_DISPLAY,N/A,no,,,0,yes,PROCEDIMIENTOS DIAGNÓSTICOS / BRONCOSCOPÍA,Seleccionar estudios; CATÁLOGO DE ESTUDIOS; contexto repetido; conteo de resultados,Seleccionar estudios; CATÁLOGO DE ESTUDIOS; contexto repetido; conteo si no es estado de búsqueda,https://www.asge.org/home/resources/publications/guidelines/appropriate-use-of-gi-endoscopy,no,LOW_VISUAL_CONFIG,Mantener catálogo directo; sin acordeón duplicado.
procedures,PROCEDIMIENTOS DIAGNÓSTICOS,procedures,PROCEDIMIENTOS DIAGNÓSTICOS,digestive_endoscopy,Endoscopia digestiva,procedures / digestive_endoscopy,9,anoscopy_base|capsule_base|colonoscopy_base|egd_eda_base|enteroscopy_base|ercp_cpre_base|eus_use_base|flex_sig_base|proctoscopy_base,,0,egd_eda_base,colonoscopy_base,,,,,SPECIALTY_ROUTINE_USE,SPECIALTY_ROUTINE_USE,,,,,LOW,LOW,,,,,https://www.asge.org/home/resources/publications/guidelines/appropriate-use-of-gi-endoscopy,https://www.asge.org/home/resources/publications/guidelines/appropriate-use-of-gi-endoscopy,,,,,2,SPECIALTY_ROUTINE_USE;GENERAL_CLINICAL_WORKFLOW,LOW,yes,digestive_endoscopy__upper|digestive_endoscopy__lower,digestive_endoscopy__upper:5|digestive_endoscopy__lower:4,0,no,PROCEDIMIENTOS DIAGNÓSTICOS / ENDOSCOPIA DIGESTIVA,Seleccionar estudios; CATÁLOGO DE ESTUDIOS; contexto repetido; conteo de resultados,Seleccionar estudios; CATÁLOGO DE ESTUDIOS; contexto repetido; conteo si no es estado de búsqueda,https://www.asge.org/home/resources/publications/guidelines/appropriate-use-of-gi-endoscopy,no,CLINICAL_EDITOR_REVIEW,Revisar ranking y grupos con especialista antes de FEATURED02.
procedures,PROCEDIMIENTOS DIAGNÓSTICOS,procedures,PROCEDIMIENTOS DIAGNÓSTICOS,laryngoscopy,Laringoscopía,procedures / laryngoscopy,1,laryngoscopy_base,,0,,,,,,,,,,,,,,,,,,,,,,,,,0,SMALL_CATALOG_DIRECT_DISPLAY,N/A,no,,,0,yes,PROCEDIMIENTOS DIAGNÓSTICOS / LARINGOSCOPÍA,Seleccionar estudios; CATÁLOGO DE ESTUDIOS; contexto repetido; conteo de resultados,Seleccionar estudios; CATÁLOGO DE ESTUDIOS; contexto repetido; conteo si no es estado de búsqueda,https://www.asge.org/home/resources/publications/guidelines/appropriate-use-of-gi-endoscopy,no,LOW_VISUAL_CONFIG,Mantener catálogo directo; sin acordeón duplicado.
procedures,PROCEDIMIENTOS DIAGNÓSTICOS,procedures,PROCEDIMIENTOS DIAGNÓSTICOS,pleuroscopy,Pleuroscopía,procedures / pleuroscopy,1,pleuroscopy_base,,0,,,,,,,,,,,,,,,,,,,,,,,,,0,SMALL_CATALOG_DIRECT_DISPLAY,N/A,no,,,0,yes,PROCEDIMIENTOS DIAGNÓSTICOS / PLEUROSCOPÍA,Seleccionar estudios; CATÁLOGO DE ESTUDIOS; contexto repetido; conteo de resultados,Seleccionar estudios; CATÁLOGO DE ESTUDIOS; contexto repetido; conteo si no es estado de búsqueda,https://www.asge.org/home/resources/publications/guidelines/appropriate-use-of-gi-endoscopy,no,LOW_VISUAL_CONFIG,Mantener catálogo directo; sin acordeón duplicado.
dental,DENTAL,dental,DENTAL,dental-cbct,Cone Beam / CBCT,dental / dental-cbct,1,dental_cbct,,0,,,,,,,,,,,,,,,,,,,,,,,,,0,SMALL_CATALOG_DIRECT_DISPLAY,N/A,no,,,0,yes,DENTAL / CONE BEAM / CBCT,Seleccionar estudios; CATÁLOGO DE ESTUDIOS; contexto repetido; conteo de resultados,Seleccionar estudios; CATÁLOGO DE ESTUDIOS; contexto repetido; conteo si no es estado de búsqueda,https://www.ada.org/resources/ada-library/oral-health-topics/x-rays-radiographs,no,LOW_VISUAL_CONFIG,Mantener catálogo directo; sin acordeón duplicado.
dental,DENTAL,dental,DENTAL,dental-radiology,Radiología dental 2D,dental / dental-radiology,3,dental_cephalometric_xray|dental_panoramic_xray|tmj_comparative_xray,,0,,,,,,,,,,,,,,,,,,,,,,,,,0,SMALL_CATALOG_DIRECT_DISPLAY,N/A,no,,,0,yes,DENTAL / RADIOLOGÍA DENTAL 2D,Seleccionar estudios; CATÁLOGO DE ESTUDIOS; contexto repetido; conteo de resultados,Seleccionar estudios; CATÁLOGO DE ESTUDIOS; contexto repetido; conteo si no es estado de búsqueda,https://www.ada.org/resources/ada-library/oral-health-topics/x-rays-radiographs,no,LOW_VISUAL_CONFIG,Mantener catálogo directo; sin acordeón duplicado.
dental,DENTAL,dental,DENTAL,dental-records,Registros ortodóncicos,dental / dental-records,5,dental_cephalometric_xray|dental_clinical_photographs|dental_intraoral_scan|dental_panoramic_xray|dental_study_model,,0,,,,,,,,,,,,,,,,,,,,,,,,,0,SMALL_CATALOG_DIRECT_DISPLAY,N/A,no,,,0,yes,DENTAL / REGISTROS ORTODÓNCICOS,Seleccionar estudios; CATÁLOGO DE ESTUDIOS; contexto repetido; conteo de resultados,Seleccionar estudios; CATÁLOGO DE ESTUDIOS; contexto repetido; conteo si no es estado de búsqueda,https://www.ada.org/resources/ada-library/oral-health-topics/x-rays-radiographs,no,LOW_VISUAL_CONFIG,Mantener catálogo directo; sin acordeón duplicado.
dental,DENTAL,dental,DENTAL,dental-scan-models,Escaneo y modelos,dental / dental-scan-models,2,dental_intraoral_scan|dental_study_model,,0,,,,,,,,,,,,,,,,,,,,,,,,,0,SMALL_CATALOG_DIRECT_DISPLAY,N/A,no,,,0,yes,DENTAL / ESCANEO Y MODELOS,Seleccionar estudios; CATÁLOGO DE ESTUDIOS; contexto repetido; conteo de resultados,Seleccionar estudios; CATÁLOGO DE ESTUDIOS; contexto repetido; conteo si no es estado de búsqueda,https://www.ada.org/resources/ada-library/oral-health-topics/x-rays-radiographs,no,LOW_VISUAL_CONFIG,Mantener catálogo directo; sin acordeón duplicado.
