document_status,domain,concept,proposed_key,gap_classification,priority,source_id,mexican_provider_or_institution,source_url,evidence_scope,evidence_strength,audit_caveat
AUDIT_ONLY | PROPOSED | DIRECTOR_REVIEW_REQUIRED,PATH,Examen histopatológico de biopsia,histopath_biopsy,TRUE_MISSING_CANONICAL,P1_COMMON_MEXICO_GENERAL,MS_PATH,Médica Sur,https://medicasur.com.mx/es/ms/Anatomia_Patologica_2019,histology; cytology; IHC; IF; frozen; review,named offering or institutional service,Availability differs by site; verify exact service and preparation before activation
AUDIT_ONLY | PROPOSED | DIRECTOR_REVIEW_REQUIRED,PATH,Examen histopatológico de biopsia,histopath_biopsy,TRUE_MISSING_CANONICAL,P1_COMMON_MEXICO_GENERAL,HGM_PATH,Hospital General de México,https://hgm.salud.gob.mx/normateca/manuales_de_organizacion/DCM/MAN_ORG_ANA_PAT_2025.pdf,biopsies; surgical specimens; cytology; IHC; IF; frozen,named offering or institutional service,Availability differs by site; verify exact service and preparation before activation
AUDIT_ONLY | PROPOSED | DIRECTOR_REVIEW_REQUIRED,PATH,Examen histopatológico de biopsia,histopath_biopsy,TRUE_MISSING_CANONICAL,P1_COMMON_MEXICO_GENERAL,BENE_PATH,La Bene San Luis / ONCOPAT,https://www.labenesanluis.mx/patologia/,histology; sputum cytology; FNA; IHC; frozen,named offering or institutional service,Availability differs by site; verify exact service and preparation before activation
AUDIT_ONLY | PROPOSED | DIRECTOR_REVIEW_REQUIRED,PATH,Examen histopatológico de biopsia,histopath_biopsy,TRUE_MISSING_CANONICAL,P1_COMMON_MEXICO_GENERAL,DOF_PATH,Diario Oficial de la Federación,https://dof.gob.mx/normasOficiales/6428/salud12_C/salud12_C.html,NOM-037 anatomy-pathology report and specimen authority,named offering or institutional service,Availability differs by site; verify exact service and preparation before activation
AUDIT_ONLY | PROPOSED | DIRECTOR_REVIEW_REQUIRED,PATH,Examen histopatológico de pieza quirúrgica o resección,histopath_resection,TRUE_MISSING_CANONICAL,P1_COMMON_MEXICO_GENERAL,MS_PATH,Médica Sur,https://medicasur.com.mx/es/ms/Anatomia_Patologica_2019,histology; cytology; IHC; IF; frozen; review,named offering or institutional service,Availability differs by site; verify exact service and preparation before activation
AUDIT_ONLY | PROPOSED | DIRECTOR_REVIEW_REQUIRED,PATH,Examen histopatológico de pieza quirúrgica o resección,histopath_resection,TRUE_MISSING_CANONICAL,P1_COMMON_MEXICO_GENERAL,HGM_PATH,Hospital General de México,https://hgm.salud.gob.mx/normateca/manuales_de_organizacion/DCM/MAN_ORG_ANA_PAT_2025.pdf,biopsies; surgical specimens; cytology; IHC; IF; frozen,named offering or institutional service,Availability differs by site; verify exact service and preparation before activation
AUDIT_ONLY | PROPOSED | DIRECTOR_REVIEW_REQUIRED,PATH,Examen histopatológico de pieza quirúrgica o resección,histopath_resection,TRUE_MISSING_CANONICAL,P1_COMMON_MEXICO_GENERAL,DOF_PATH,Diario Oficial de la Federación,https://dof.gob.mx/normasOficiales/6428/salud12_C/salud12_C.html,NOM-037 anatomy-pathology report and specimen authority,named offering or institutional service,Availability differs by site; verify exact service and preparation before activation
AUDIT_ONLY | PROPOSED | DIRECTOR_REVIEW_REQUIRED,PATH,Citología por aspiración con aguja fina,cyto_fna,TRUE_MISSING_CANONICAL,P1_COMMON_MEXICO_GENERAL,MS_PATH,Médica Sur,https://medicasur.com.mx/es/ms/Anatomia_Patologica_2019,histology; cytology; IHC; IF; frozen; review,named offering or institutional service,Availability differs by site; verify exact service and preparation before activation
AUDIT_ONLY | PROPOSED | DIRECTOR_REVIEW_REQUIRED,PATH,Citología por aspiración con aguja fina,cyto_fna,TRUE_MISSING_CANONICAL,P1_COMMON_MEXICO_GENERAL,HGM_PATH,Hospital General de México,https://hgm.salud.gob.mx/normateca/manuales_de_organizacion/DCM/MAN_ORG_ANA_PAT_2025.pdf,biopsies; surgical specimens; cytology; IHC; IF; frozen,named offering or institutional service,Availability differs by site; verify exact service and preparation before activation
AUDIT_ONLY | PROPOSED | DIRECTOR_REVIEW_REQUIRED,PATH,Citología por aspiración con aguja fina,cyto_fna,TRUE_MISSING_CANONICAL,P1_COMMON_MEXICO_GENERAL,BENE_PATH,La Bene San Luis / ONCOPAT,https://www.labenesanluis.mx/patologia/,histology; sputum cytology; FNA; IHC; frozen,named offering or institutional service,Availability differs by site; verify exact service and preparation before activation
AUDIT_ONLY | PROPOSED | DIRECTOR_REVIEW_REQUIRED,PATH,Citología bronquial de cepillado o lavado,cyto_bronchial,TRUE_MISSING_CANONICAL,P2_COMMON_MEXICO_SPECIALTY,HGM_PATH,Hospital General de México,https://hgm.salud.gob.mx/normateca/manuales_de_organizacion/DCM/MAN_ORG_ANA_PAT_2025.pdf,biopsies; surgical specimens; cytology; IHC; IF; frozen,named offering or institutional service,Availability differs by site; verify exact service and preparation before activation
AUDIT_ONLY | PROPOSED | DIRECTOR_REVIEW_REQUIRED,PATH,Citología bronquial de cepillado o lavado,cyto_bronchial,TRUE_MISSING_CANONICAL,P2_COMMON_MEXICO_SPECIALTY,IMSS_PATH,IMSS,https://reposipot.imss.gob.mx/OOAD/YUCATAN/EJERCICIO%202025/LICITACIONES%202025/LA-50-GYR-050GYR011-N-1-2025/S5M0031-050GYR011N00125-012%20-LACIAM.pdf,biopsy; IHC; IF; fluid cytology,named offering or institutional service,Availability differs by site; verify exact service and preparation before activation
AUDIT_ONLY | PROPOSED | DIRECTOR_REVIEW_REQUIRED,PATH,Citología de esputo,cyto_sputum,TRUE_MISSING_CANONICAL,P2_COMMON_MEXICO_SPECIALTY,BENE_PATH,La Bene San Luis / ONCOPAT,https://www.labenesanluis.mx/patologia/,histology; sputum cytology; FNA; IHC; frozen,named offering or institutional service,Availability differs by site; verify exact service and preparation before activation
AUDIT_ONLY | PROPOSED | DIRECTOR_REVIEW_REQUIRED,PATH,Citología de esputo,cyto_sputum,TRUE_MISSING_CANONICAL,P2_COMMON_MEXICO_SPECIALTY,METAPATH,Metapath,https://metapath.mx/citologia-de-expectoracion-o-esputo/,sputum cytology named service,named offering or institutional service,Availability differs by site; verify exact service and preparation before activation
AUDIT_ONLY | PROPOSED | DIRECTOR_REVIEW_REQUIRED,PATH,Citología de esputo,cyto_sputum,TRUE_MISSING_CANONICAL,P2_COMMON_MEXICO_SPECIALTY,MS_SPUTUM,Médica Sur,https://www.medicasur.com.mx/userfiles/images/iluscont/pdfOnco/CancerPulmon.pdf,sputum cytology described for lung cancer workup,named offering or institutional service,Availability differs by site; verify exact service and preparation before activation
AUDIT_ONLY | PROPOSED | DIRECTOR_REVIEW_REQUIRED,PATH,Inmunohistoquímica por anticuerpo,ihc_single_marker,TRUE_MISSING_CANONICAL,P1_COMMON_MEXICO_GENERAL,MS_PATH,Médica Sur,https://medicasur.com.mx/es/ms/Anatomia_Patologica_2019,histology; cytology; IHC; IF; frozen; review,named offering or institutional service,Availability differs by site; verify exact service and preparation before activation
AUDIT_ONLY | PROPOSED | DIRECTOR_REVIEW_REQUIRED,PATH,Inmunohistoquímica por anticuerpo,ihc_single_marker,TRUE_MISSING_CANONICAL,P1_COMMON_MEXICO_GENERAL,HGM_PATH,Hospital General de México,https://hgm.salud.gob.mx/normateca/manuales_de_organizacion/DCM/MAN_ORG_ANA_PAT_2025.pdf,biopsies; surgical specimens; cytology; IHC; IF; frozen,named offering or institutional service,Availability differs by site; verify exact service and preparation before activation
AUDIT_ONLY | PROPOSED | DIRECTOR_REVIEW_REQUIRED,PATH,Inmunohistoquímica por anticuerpo,ihc_single_marker,TRUE_MISSING_CANONICAL,P1_COMMON_MEXICO_GENERAL,CHOPO_ONC,Laboratorio Médico del Chopo,https://www.chopo.com.mx/morelia/estudios/oncologia,histopath breast; IHC panels; HER2 ISH,named offering or institutional service,Availability differs by site; verify exact service and preparation before activation
AUDIT_ONLY | PROPOSED | DIRECTOR_REVIEW_REQUIRED,PATH,Perfil inmunohistoquímico mamario RE RP HER2 Ki67,ihc_breast_profile,TRUE_MISSING_PANEL,P1_COMMON_MEXICO_GENERAL,CHOPO_ONC,Laboratorio Médico del Chopo,https://www.chopo.com.mx/morelia/estudios/oncologia,histopath breast; IHC panels; HER2 ISH,named offering or institutional service,Availability differs by site; verify exact service and preparation before activation
AUDIT_ONLY | PROPOSED | DIRECTOR_REVIEW_REQUIRED,PATH,Perfil inmunohistoquímico mamario RE RP HER2 Ki67,ihc_breast_profile,TRUE_MISSING_PANEL,P1_COMMON_MEXICO_GENERAL,MS_PATH,Médica Sur,https://medicasur.com.mx/es/ms/Anatomia_Patologica_2019,histology; cytology; IHC; IF; frozen; review,named offering or institutional service,Availability differs by site; verify exact service and preparation before activation
AUDIT_ONLY | PROPOSED | DIRECTOR_REVIEW_REQUIRED,PATH,Perfil inmunohistoquímico mamario RE RP HER2 Ki67,ihc_breast_profile,TRUE_MISSING_PANEL,P1_COMMON_MEXICO_GENERAL,IMSS_PATH,IMSS,https://reposipot.imss.gob.mx/OOAD/YUCATAN/EJERCICIO%202025/LICITACIONES%202025/LA-50-GYR-050GYR011-N-1-2025/S5M0031-050GYR011N00125-012%20-LACIAM.pdf,biopsy; IHC; IF; fluid cytology,named offering or institutional service,Availability differs by site; verify exact service and preparation before activation
AUDIT_ONLY | PROPOSED | DIRECTOR_REVIEW_REQUIRED,PATH,Tinción histoquímica especial,histochemical_special_stain,TRUE_MISSING_CANONICAL,P2_COMMON_MEXICO_SPECIALTY,MS_PATH,Médica Sur,https://medicasur.com.mx/es/ms/Anatomia_Patologica_2019,histology; cytology; IHC; IF; frozen; review,named offering or institutional service,Availability differs by site; verify exact service and preparation before activation
AUDIT_ONLY | PROPOSED | DIRECTOR_REVIEW_REQUIRED,PATH,Tinción histoquímica especial,histochemical_special_stain,TRUE_MISSING_CANONICAL,P2_COMMON_MEXICO_SPECIALTY,HGM_PATH,Hospital General de México,https://hgm.salud.gob.mx/normateca/manuales_de_organizacion/DCM/MAN_ORG_ANA_PAT_2025.pdf,biopsies; surgical specimens; cytology; IHC; IF; frozen,named offering or institutional service,Availability differs by site; verify exact service and preparation before activation
AUDIT_ONLY | PROPOSED | DIRECTOR_REVIEW_REQUIRED,PATH,Inmunofluorescencia directa renal,if_renal,TRUE_MISSING_CANONICAL,P2_COMMON_MEXICO_SPECIALTY,MS_PATH,Médica Sur,https://medicasur.com.mx/es/ms/Anatomia_Patologica_2019,histology; cytology; IHC; IF; frozen; review,named offering or institutional service,Availability differs by site; verify exact service and preparation before activation
AUDIT_ONLY | PROPOSED | DIRECTOR_REVIEW_REQUIRED,PATH,Inmunofluorescencia directa renal,if_renal,TRUE_MISSING_CANONICAL,P2_COMMON_MEXICO_SPECIALTY,HGM_PATH,Hospital General de México,https://hgm.salud.gob.mx/normateca/manuales_de_organizacion/DCM/MAN_ORG_ANA_PAT_2025.pdf,biopsies; surgical specimens; cytology; IHC; IF; frozen,named offering or institutional service,Availability differs by site; verify exact service and preparation before activation
AUDIT_ONLY | PROPOSED | DIRECTOR_REVIEW_REQUIRED,PATH,Inmunofluorescencia directa renal,if_renal,TRUE_MISSING_CANONICAL,P2_COMMON_MEXICO_SPECIALTY,IMSS_PATH,IMSS,https://reposipot.imss.gob.mx/OOAD/YUCATAN/EJERCICIO%202025/LICITACIONES%202025/LA-50-GYR-050GYR011-N-1-2025/S5M0031-050GYR011N00125-012%20-LACIAM.pdf,biopsy; IHC; IF; fluid cytology,named offering or institutional service,Availability differs by site; verify exact service and preparation before activation
AUDIT_ONLY | PROPOSED | DIRECTOR_REVIEW_REQUIRED,PATH,Inmunofluorescencia directa cutánea,if_skin,TRUE_MISSING_CANONICAL,P2_COMMON_MEXICO_SPECIALTY,MS_PATH,Médica Sur,https://medicasur.com.mx/es/ms/Anatomia_Patologica_2019,histology; cytology; IHC; IF; frozen; review,named offering or institutional service,Availability differs by site; verify exact service and preparation before activation
AUDIT_ONLY | PROPOSED | DIRECTOR_REVIEW_REQUIRED,PATH,Inmunofluorescencia directa cutánea,if_skin,TRUE_MISSING_CANONICAL,P2_COMMON_MEXICO_SPECIALTY,HGM_PATH,Hospital General de México,https://hgm.salud.gob.mx/normateca/manuales_de_organizacion/DCM/MAN_ORG_ANA_PAT_2025.pdf,biopsies; surgical specimens; cytology; IHC; IF; frozen,named offering or institutional service,Availability differs by site; verify exact service and preparation before activation
AUDIT_ONLY | PROPOSED | DIRECTOR_REVIEW_REQUIRED,PATH,Estudio transoperatorio por congelación,frozen_section,TRUE_MISSING_CANONICAL,P1_COMMON_MEXICO_GENERAL,MS_PATH,Médica Sur,https://medicasur.com.mx/es/ms/Anatomia_Patologica_2019,histology; cytology; IHC; IF; frozen; review,named offering or institutional service,Availability differs by site; verify exact service and preparation before activation
AUDIT_ONLY | PROPOSED | DIRECTOR_REVIEW_REQUIRED,PATH,Estudio transoperatorio por congelación,frozen_section,TRUE_MISSING_CANONICAL,P1_COMMON_MEXICO_GENERAL,HGM_PATH,Hospital General de México,https://hgm.salud.gob.mx/normateca/manuales_de_organizacion/DCM/MAN_ORG_ANA_PAT_2025.pdf,biopsies; surgical specimens; cytology; IHC; IF; frozen,named offering or institutional service,Availability differs by site; verify exact service and preparation before activation
AUDIT_ONLY | PROPOSED | DIRECTOR_REVIEW_REQUIRED,PATH,Estudio transoperatorio por congelación,frozen_section,TRUE_MISSING_CANONICAL,P1_COMMON_MEXICO_GENERAL,BENE_PATH,La Bene San Luis / ONCOPAT,https://www.labenesanluis.mx/patologia/,histology; sputum cytology; FNA; IHC; frozen,named offering or institutional service,Availability differs by site; verify exact service and preparation before activation
AUDIT_ONLY | PROPOSED | DIRECTOR_REVIEW_REQUIRED,PATH,Revisión de laminillas o bloques de patología,pathology_outside_review,TRUE_MISSING_CANONICAL,P2_COMMON_MEXICO_SPECIALTY,MS_PATH,Médica Sur,https://medicasur.com.mx/es/ms/Anatomia_Patologica_2019,histology; cytology; IHC; IF; frozen; review,named offering or institutional service,Availability differs by site; verify exact service and preparation before activation
AUDIT_ONLY | PROPOSED | DIRECTOR_REVIEW_REQUIRED,PATH,Revisión de laminillas o bloques de patología,pathology_outside_review,TRUE_MISSING_CANONICAL,P2_COMMON_MEXICO_SPECIALTY,HGM_PATH,Hospital General de México,https://hgm.salud.gob.mx/normateca/manuales_de_organizacion/DCM/MAN_ORG_ANA_PAT_2025.pdf,biopsies; surgical specimens; cytology; IHC; IF; frozen,named offering or institutional service,Availability differs by site; verify exact service and preparation before activation
AUDIT_ONLY | PROPOSED | DIRECTOR_REVIEW_REQUIRED,PATH,Revisión de laminillas o bloques de patología,pathology_outside_review,TRUE_MISSING_CANONICAL,P2_COMMON_MEXICO_SPECIALTY,DOF_PATH,Diario Oficial de la Federación,https://dof.gob.mx/normasOficiales/6428/salud12_C/salud12_C.html,NOM-037 anatomy-pathology report and specimen authority,named offering or institutional service,Availability differs by site; verify exact service and preparation before activation
AUDIT_ONLY | PROPOSED | DIRECTOR_REVIEW_REQUIRED,PATH,Hibridación in situ HER2,her2_ish,TRUE_MISSING_CANONICAL,P2_COMMON_MEXICO_SPECIALTY,CHOPO_ONC,Laboratorio Médico del Chopo,https://www.chopo.com.mx/morelia/estudios/oncologia,histopath breast; IHC panels; HER2 ISH,named offering or institutional service,Availability differs by site; verify exact service and preparation before activation
AUDIT_ONLY | PROPOSED | DIRECTOR_REVIEW_REQUIRED,PATH,Hibridación in situ HER2,her2_ish,TRUE_MISSING_CANONICAL,P2_COMMON_MEXICO_SPECIALTY,IMSS_PATH,IMSS,https://reposipot.imss.gob.mx/OOAD/YUCATAN/EJERCICIO%202025/LICITACIONES%202025/LA-50-GYR-050GYR011-N-1-2025/S5M0031-050GYR011N00125-012%20-LACIAM.pdf,biopsy; IHC; IF; fluid cytology,named offering or institutional service,Availability differs by site; verify exact service and preparation before activation
AUDIT_ONLY | PROPOSED | DIRECTOR_REVIEW_REQUIRED,PATH,Biopsia de médula ósea examen histológico,bone_marrow_histology,TRUE_MISSING_CANONICAL,P2_COMMON_MEXICO_SPECIALTY,CHOPO_MARROW,Laboratorio Médico del Chopo,https://www.chopo.com.mx/alianza-farmacias-del-ahorro,histopathology of bone marrow explicitly listed,named offering or institutional service,Availability differs by site; verify exact service and preparation before activation
AUDIT_ONLY | PROPOSED | DIRECTOR_REVIEW_REQUIRED,PATH,Biopsia de médula ósea examen histológico,bone_marrow_histology,TRUE_MISSING_CANONICAL,P2_COMMON_MEXICO_SPECIALTY,HGM_PATH,Hospital General de México,https://hgm.salud.gob.mx/normateca/manuales_de_organizacion/DCM/MAN_ORG_ANA_PAT_2025.pdf,biopsies; surgical specimens; cytology; IHC; IF; frozen,named offering or institutional service,Availability differs by site; verify exact service and preparation before activation
AUDIT_ONLY | PROPOSED | DIRECTOR_REVIEW_REQUIRED,IMG,Radiografía de cadera,rx_hip,TRUE_MISSING_CANONICAL,P1_COMMON_MEXICO_GENERAL,CHOPO_HIP,Laboratorio Médico del Chopo,https://www.chopo.com.mx/puebla/rx-de-articulacion-coxofemoral-bilateral,dedicated hip joint radiograph,named offering or institutional service,Availability differs by site; verify exact service and preparation before activation
AUDIT_ONLY | PROPOSED | DIRECTOR_REVIEW_REQUIRED,IMG,Radiografía de cadera,rx_hip,TRUE_MISSING_CANONICAL,P1_COMMON_MEXICO_GENERAL,MS_IMG,Médica Sur,https://ftp.medicasur.com.mx/es/ms/Imagenologia,CT; ultrasound; Doppler; PET; tomosynthesis,service-family evidence; exact item confirmation required,Availability differs by site; verify exact service and preparation before activation
AUDIT_ONLY | PROPOSED | DIRECTOR_REVIEW_REQUIRED,IMG,Tomografía de senos paranasales,ct_sinuses,TRUE_MISSING_CANONICAL,P1_COMMON_MEXICO_GENERAL,CHOPO_IMG,Laboratorio Médico del Chopo,https://www.chopo.com.mx/default/estudios/tomografia,regional CT and contrast variants,named offering or institutional service,Availability differs by site; verify exact service and preparation before activation
AUDIT_ONLY | PROPOSED | DIRECTOR_REVIEW_REQUIRED,IMG,Tomografía de senos paranasales,ct_sinuses,TRUE_MISSING_CANONICAL,P1_COMMON_MEXICO_GENERAL,MS_IMG,Médica Sur,https://ftp.medicasur.com.mx/es/ms/Imagenologia,CT; ultrasound; Doppler; PET; tomosynthesis,service-family evidence; exact item confirmation required,Availability differs by site; verify exact service and preparation before activation
AUDIT_ONLY | PROPOSED | DIRECTOR_REVIEW_REQUIRED,IMG,Resonancia de columna lumbar,mr_lumbar_spine,TRUE_MISSING_CANONICAL,P1_COMMON_MEXICO_GENERAL,CHOPO_MR,Laboratorio Médico del Chopo,https://www.chopo.com.mx/sonora/resonancia-magnetica-de-columna-lumbar,lumbar MRI; contrast is option,named offering or institutional service,Availability differs by site; verify exact service and preparation before activation
AUDIT_ONLY | PROPOSED | DIRECTOR_REVIEW_REQUIRED,IMG,Resonancia de columna lumbar,mr_lumbar_spine,TRUE_MISSING_CANONICAL,P1_COMMON_MEXICO_GENERAL,MS_MR,Médica Sur,https://centrooncologico.medicasur.com.mx/es/ms/resonancia-magnetica,MRI; MR angiography,service-family evidence; exact item confirmation required,Availability differs by site; verify exact service and preparation before activation
AUDIT_ONLY | PROPOSED | DIRECTOR_REVIEW_REQUIRED,IMG,Tomografía de cuello,ct_neck,TRUE_MISSING_CANONICAL,P2_COMMON_MEXICO_SPECIALTY,CHOPO_IMG,Laboratorio Médico del Chopo,https://www.chopo.com.mx/default/estudios/tomografia,regional CT and contrast variants,named offering or institutional service,Availability differs by site; verify exact service and preparation before activation
AUDIT_ONLY | PROPOSED | DIRECTOR_REVIEW_REQUIRED,IMG,Tomografía de cuello,ct_neck,TRUE_MISSING_CANONICAL,P2_COMMON_MEXICO_SPECIALTY,MS_IMG,Médica Sur,https://ftp.medicasur.com.mx/es/ms/Imagenologia,CT; ultrasound; Doppler; PET; tomosynthesis,service-family evidence; exact item confirmation required,Availability differs by site; verify exact service and preparation before activation
AUDIT_ONLY | PROPOSED | DIRECTOR_REVIEW_REQUIRED,IMG,Angiotomografía de vasos cerebrales y cuello,cta_head_neck,TRUE_MISSING_CANONICAL,P2_COMMON_MEXICO_SPECIALTY,MS_IMG,Médica Sur,https://ftp.medicasur.com.mx/es/ms/Imagenologia,CT; ultrasound; Doppler; PET; tomosynthesis,service-family evidence; exact item confirmation required,Availability differs by site; verify exact service and preparation before activation
AUDIT_ONLY | PROPOSED | DIRECTOR_REVIEW_REQUIRED,IMG,Angiotomografía de vasos cerebrales y cuello,cta_head_neck,TRUE_MISSING_CANONICAL,P2_COMMON_MEXICO_SPECIALTY,CHOPO_IMG,Laboratorio Médico del Chopo,https://www.chopo.com.mx/default/estudios/tomografia,regional CT and contrast variants,named offering or institutional service,Availability differs by site; verify exact service and preparation before activation
AUDIT_ONLY | PROPOSED | DIRECTOR_REVIEW_REQUIRED,IMG,Angiorresonancia cerebral,mra_brain,TRUE_MISSING_CANONICAL,P2_COMMON_MEXICO_SPECIALTY,MS_MR,Médica Sur,https://centrooncologico.medicasur.com.mx/es/ms/resonancia-magnetica,MRI; MR angiography,service-family evidence; exact item confirmation required,Availability differs by site; verify exact service and preparation before activation
AUDIT_ONLY | PROPOSED | DIRECTOR_REVIEW_REQUIRED,IMG,Angiorresonancia cerebral,mra_brain,TRUE_MISSING_CANONICAL,P2_COMMON_MEXICO_SPECIALTY,LMP_MAIN,Laboratorio Médico Polanco,https://lmpolanco.com/,lab; imaging; clinical services,service-family evidence; exact item confirmation required,Availability differs by site; verify exact service and preparation before activation
AUDIT_ONLY | PROPOSED | DIRECTOR_REVIEW_REQUIRED,IMG,Resonancia de pelvis,mr_pelvis,TRUE_MISSING_CANONICAL,P2_COMMON_MEXICO_SPECIALTY,MS_MR,Médica Sur,https://centrooncologico.medicasur.com.mx/es/ms/resonancia-magnetica,MRI; MR angiography,service-family evidence; exact item confirmation required,Availability differs by site; verify exact service and preparation before activation
AUDIT_ONLY | PROPOSED | DIRECTOR_REVIEW_REQUIRED,IMG,Resonancia de pelvis,mr_pelvis,TRUE_MISSING_CANONICAL,P2_COMMON_MEXICO_SPECIALTY,LMP_MAIN,Laboratorio Médico Polanco,https://lmpolanco.com/,lab; imaging; clinical services,service-family evidence; exact item confirmation required,Availability differs by site; verify exact service and preparation before activation
AUDIT_ONLY | PROPOSED | DIRECTOR_REVIEW_REQUIRED,IMG,Tomosíntesis mamaria,breast_tomosynthesis,TRUE_MISSING_CANONICAL,P2_COMMON_MEXICO_SPECIALTY,MS_IMG,Médica Sur,https://ftp.medicasur.com.mx/es/ms/Imagenologia,CT; ultrasound; Doppler; PET; tomosynthesis,service-family evidence; exact item confirmation required,Availability differs by site; verify exact service and preparation before activation
AUDIT_ONLY | PROPOSED | DIRECTOR_REVIEW_REQUIRED,IMG,Tomosíntesis mamaria,breast_tomosynthesis,TRUE_MISSING_CANONICAL,P2_COMMON_MEXICO_SPECIALTY,CHOPO_ONC,Laboratorio Médico del Chopo,https://www.chopo.com.mx/morelia/estudios/oncologia,histopath breast; IHC panels; HER2 ISH,named offering or institutional service,Availability differs by site; verify exact service and preparation before activation
AUDIT_ONLY | PROPOSED | DIRECTOR_REVIEW_REQUIRED,PROC,Colposcopia diagnóstica,colposcopy_diagnostic,TRUE_MISSING_CANONICAL,P1_COMMON_MEXICO_GENERAL,LMP_BRO,Laboratorio Médico Polanco,https://lmpolanco.com/pdf/CV_LaboratorioM%C3%A9dicoPolanco.pdf,cardiac; neuro; pulmonary; endoscopy; colposcopy; manometry,service-family evidence; exact item confirmation required,Availability differs by site; verify exact service and preparation before activation
AUDIT_ONLY | PROPOSED | DIRECTOR_REVIEW_REQUIRED,PROC,Colposcopia diagnóstica,colposcopy_diagnostic,TRUE_MISSING_CANONICAL,P1_COMMON_MEXICO_GENERAL,HGM_COLPO,Hospital General de México,https://hgm.salud.gob.mx/interna/unidades/onco/onco.html,colposcopy clinic,named offering or institutional service,Availability differs by site; verify exact service and preparation before activation
AUDIT_ONLY | PROPOSED | DIRECTOR_REVIEW_REQUIRED,PROC,Manometría esofágica,esophageal_manometry,TRUE_MISSING_CANONICAL,P2_COMMON_MEXICO_SPECIALTY,LMP_BRO,Laboratorio Médico Polanco,https://lmpolanco.com/pdf/CV_LaboratorioM%C3%A9dicoPolanco.pdf,cardiac; neuro; pulmonary; endoscopy; colposcopy; manometry,service-family evidence; exact item confirmation required,Availability differs by site; verify exact service and preparation before activation
AUDIT_ONLY | PROPOSED | DIRECTOR_REVIEW_REQUIRED,PROC,Manometría esofágica,esophageal_manometry,TRUE_MISSING_CANONICAL,P2_COMMON_MEXICO_SPECIALTY,HGM_END,Hospital General de México,https://hgm.salud.gob.mx/normateca/manuales_de_procedimientos/DCM/MAN_PROC_SERV_END_2024.pdf,EGD; colonoscopy; ERCP; EUS; diagnostic/therapeutic distinction,service-family evidence; exact item confirmation required,Availability differs by site; verify exact service and preparation before activation
AUDIT_ONLY | PROPOSED | DIRECTOR_REVIEW_REQUIRED,PROC,pH-metría o impedanciometría esofágica,esophageal_ph_impedance,TRUE_MISSING_CANONICAL,P2_COMMON_MEXICO_SPECIALTY,LMP_BRO,Laboratorio Médico Polanco,https://lmpolanco.com/pdf/CV_LaboratorioM%C3%A9dicoPolanco.pdf,cardiac; neuro; pulmonary; endoscopy; colposcopy; manometry,service-family evidence; exact item confirmation required,Availability differs by site; verify exact service and preparation before activation
AUDIT_ONLY | PROPOSED | DIRECTOR_REVIEW_REQUIRED,PROC,pH-metría o impedanciometría esofágica,esophageal_ph_impedance,TRUE_MISSING_CANONICAL,P2_COMMON_MEXICO_SPECIALTY,HGM_END,Hospital General de México,https://hgm.salud.gob.mx/normateca/manuales_de_procedimientos/DCM/MAN_PROC_SERV_END_2024.pdf,EGD; colonoscopy; ERCP; EUS; diagnostic/therapeutic distinction,service-family evidence; exact item confirmation required,Availability differs by site; verify exact service and preparation before activation
AUDIT_ONLY | PROPOSED | DIRECTOR_REVIEW_REQUIRED,LAB,Química sanguínea 3 elementos,panel_quimica_3,TRUE_MISSING_PANEL,P1_COMMON_MEXICO_GENERAL,SD_PACK,Salud Digna,https://empresas.salud-digna.org/afiliados,quimica sanguinea 3 and 6 analytes,named offering or institutional service,Availability differs by site; verify exact service and preparation before activation
AUDIT_ONLY | PROPOSED | DIRECTOR_REVIEW_REQUIRED,LAB,Química sanguínea 3 elementos,panel_quimica_3,TRUE_MISSING_PANEL,P1_COMMON_MEXICO_GENERAL,LMP_MAIN,Laboratorio Médico Polanco,https://lmpolanco.com/,lab; imaging; clinical services,service-family evidence; exact item confirmation required,Availability differs by site; verify exact service and preparation before activation
AUDIT_ONLY | PROPOSED | DIRECTOR_REVIEW_REQUIRED,LAB,Química sanguínea 6 elementos,panel_quimica_6,TRUE_MISSING_PANEL,P1_COMMON_MEXICO_GENERAL,SD_PACK,Salud Digna,https://empresas.salud-digna.org/afiliados,quimica sanguinea 3 and 6 analytes,named offering or institutional service,Availability differs by site; verify exact service and preparation before activation
AUDIT_ONLY | PROPOSED | DIRECTOR_REVIEW_REQUIRED,LAB,Química sanguínea 6 elementos,panel_quimica_6,TRUE_MISSING_PANEL,P1_COMMON_MEXICO_GENERAL,LMP_MAIN,Laboratorio Médico Polanco,https://lmpolanco.com/,lab; imaging; clinical services,service-family evidence; exact item confirmation required,Availability differs by site; verify exact service and preparation before activation
AUDIT_ONLY | PROPOSED | DIRECTOR_REVIEW_REQUIRED,LAB,Perfil hepático,panel_hepatic,TRUE_MISSING_PANEL,P1_COMMON_MEXICO_GENERAL,LMP_HEP,Laboratorio Médico Polanco,https://lmpolanco.com/perfil-funcion-hepatica-integral/,hepatic panel,named offering or institutional service,Availability differs by site; verify exact service and preparation before activation
AUDIT_ONLY | PROPOSED | DIRECTOR_REVIEW_REQUIRED,LAB,Perfil hepático,panel_hepatic,TRUE_MISSING_PANEL,P1_COMMON_MEXICO_GENERAL,QUEST_CAT,Quest Diagnostics México,https://questdiagnostics.com.mx/catalogo-de-pruebas/,searchable laboratory directory,service-family evidence; exact item confirmation required,Availability differs by site; verify exact service and preparation before activation
AUDIT_ONLY | PROPOSED | DIRECTOR_REVIEW_REQUIRED,LAB,Perfil tiroideo,panel_thyroid,TRUE_MISSING_PANEL,P1_COMMON_MEXICO_GENERAL,LMP_TYR,Laboratorio Médico Polanco,https://lmpolanco.com/perfil-tiroides/,thyroid panel,named offering or institutional service,Availability differs by site; verify exact service and preparation before activation
AUDIT_ONLY | PROPOSED | DIRECTOR_REVIEW_REQUIRED,LAB,Perfil tiroideo,panel_thyroid,TRUE_MISSING_PANEL,P1_COMMON_MEXICO_GENERAL,QUEST_CAT,Quest Diagnostics México,https://questdiagnostics.com.mx/catalogo-de-pruebas/,searchable laboratory directory,service-family evidence; exact item confirmation required,Availability differs by site; verify exact service and preparation before activation
AUDIT_ONLY | PROPOSED | DIRECTOR_REVIEW_REQUIRED,LAB,Gasometría arterial,arterial_blood_gas,TRUE_MISSING_CANONICAL,P1_COMMON_MEXICO_GENERAL,CHOPO_GAS,Laboratorio Médico del Chopo,https://www.chopo.com.mx/gases-en-sangre-arterial,arterial blood gas,named offering or institutional service,Availability differs by site; verify exact service and preparation before activation
AUDIT_ONLY | PROPOSED | DIRECTOR_REVIEW_REQUIRED,LAB,Gasometría arterial,arterial_blood_gas,TRUE_MISSING_CANONICAL,P1_COMMON_MEXICO_GENERAL,LMP_MAIN,Laboratorio Médico Polanco,https://lmpolanco.com/,lab; imaging; clinical services,service-family evidence; exact item confirmation required,Availability differs by site; verify exact service and preparation before activation
AUDIT_ONLY | PROPOSED | DIRECTOR_REVIEW_REQUIRED,LAB,IGRA tuberculosis,tb_igra,TRUE_MISSING_CANONICAL,P2_COMMON_MEXICO_SPECIALTY,QUEST,Quest Diagnostics México,https://questdiagnostics.com.mx/hospitales-y-laboratorios/,IGRA; molecular; autoimmunity and specialty lab,named offering or institutional service,Availability differs by site; verify exact service and preparation before activation
AUDIT_ONLY | PROPOSED | DIRECTOR_REVIEW_REQUIRED,LAB,IGRA tuberculosis,tb_igra,TRUE_MISSING_CANONICAL,P2_COMMON_MEXICO_SPECIALTY,LMP_MAIN,Laboratorio Médico Polanco,https://lmpolanco.com/,lab; imaging; clinical services,service-family evidence; exact item confirmation required,Availability differs by site; verify exact service and preparation before activation
AUDIT_ONLY | PROPOSED | DIRECTOR_REVIEW_REQUIRED,LAB,Hormona antimülleriana,amh_serum,TRUE_MISSING_CANONICAL,P2_COMMON_MEXICO_SPECIALTY,QUEST,Quest Diagnostics México,https://questdiagnostics.com.mx/hospitales-y-laboratorios/,IGRA; molecular; autoimmunity and specialty lab,named offering or institutional service,Availability differs by site; verify exact service and preparation before activation
AUDIT_ONLY | PROPOSED | DIRECTOR_REVIEW_REQUIRED,LAB,Hormona antimülleriana,amh_serum,TRUE_MISSING_CANONICAL,P2_COMMON_MEXICO_SPECIALTY,LMP_MAIN,Laboratorio Médico Polanco,https://lmpolanco.com/,lab; imaging; clinical services,service-family evidence; exact item confirmation required,Availability differs by site; verify exact service and preparation before activation
AUDIT_ONLY | PROPOSED | DIRECTOR_REVIEW_REQUIRED,DENTAL,Radiografía periapical,dental_periapical_xray,TRUE_MISSING_CANONICAL,P1_COMMON_MEXICO_GENERAL,DENTAL_CRM,Centro de Radiología Maxilofacial,https://www.centroderadiologiamaxilofacial.com.mx/,periapical; bitewing; occlusal; panoramic; cephalometric; CBCT,named offering or institutional service,Availability differs by site; verify exact service and preparation before activation
AUDIT_ONLY | PROPOSED | DIRECTOR_REVIEW_REQUIRED,DENTAL,Radiografía periapical,dental_periapical_xray,TRUE_MISSING_CANONICAL,P1_COMMON_MEXICO_GENERAL,DENTAL_D,Dentalis 3D,https://dentalis.mx/servicios/,intraoral radiography; bitewing; occlusal; CBCT,named offering or institutional service,Availability differs by site; verify exact service and preparation before activation
AUDIT_ONLY | PROPOSED | DIRECTOR_REVIEW_REQUIRED,DENTAL,Radiografía periapical,dental_periapical_xray,TRUE_MISSING_CANONICAL,P1_COMMON_MEXICO_GENERAL,IMSS_DENT,IMSS,https://www.imss.gob.mx/sites/all/statics/pdf/procedimientos/2250-003-002.pdf,periapical and panoramic dental diagnostics,named offering or institutional service,Availability differs by site; verify exact service and preparation before activation
AUDIT_ONLY | PROPOSED | DIRECTOR_REVIEW_REQUIRED,DENTAL,Radiografía interproximal bitewing,dental_bitewing_xray,TRUE_MISSING_CANONICAL,P1_COMMON_MEXICO_GENERAL,DENTAL_CRM,Centro de Radiología Maxilofacial,https://www.centroderadiologiamaxilofacial.com.mx/,periapical; bitewing; occlusal; panoramic; cephalometric; CBCT,named offering or institutional service,Availability differs by site; verify exact service and preparation before activation
AUDIT_ONLY | PROPOSED | DIRECTOR_REVIEW_REQUIRED,DENTAL,Radiografía interproximal bitewing,dental_bitewing_xray,TRUE_MISSING_CANONICAL,P1_COMMON_MEXICO_GENERAL,DENTAL_D,Dentalis 3D,https://dentalis.mx/servicios/,intraoral radiography; bitewing; occlusal; CBCT,named offering or institutional service,Availability differs by site; verify exact service and preparation before activation
AUDIT_ONLY | PROPOSED | DIRECTOR_REVIEW_REQUIRED,DENTAL,Radiografía oclusal,dental_occlusal_xray,TRUE_MISSING_CANONICAL,P2_COMMON_MEXICO_SPECIALTY,DENTAL_CRM,Centro de Radiología Maxilofacial,https://www.centroderadiologiamaxilofacial.com.mx/,periapical; bitewing; occlusal; panoramic; cephalometric; CBCT,named offering or institutional service,Availability differs by site; verify exact service and preparation before activation
AUDIT_ONLY | PROPOSED | DIRECTOR_REVIEW_REQUIRED,DENTAL,Radiografía oclusal,dental_occlusal_xray,TRUE_MISSING_CANONICAL,P2_COMMON_MEXICO_SPECIALTY,DENTAL_D,Dentalis 3D,https://dentalis.mx/servicios/,intraoral radiography; bitewing; occlusal; CBCT,named offering or institutional service,Availability differs by site; verify exact service and preparation before activation
AUDIT_ONLY | PROPOSED | DIRECTOR_REVIEW_REQUIRED,DENTAL,Serie periapical completa,dental_full_periapical_series,TRUE_MISSING_PANEL,P2_COMMON_MEXICO_SPECIALTY,DENTAL_ID,IDIMAX,https://idimax.com.mx/estudios/,periapical series; occlusal; orthodontic records,named offering or institutional service,Availability differs by site; verify exact service and preparation before activation
AUDIT_ONLY | PROPOSED | DIRECTOR_REVIEW_REQUIRED,DENTAL,Serie periapical completa,dental_full_periapical_series,TRUE_MISSING_PANEL,P2_COMMON_MEXICO_SPECIALTY,DENTAL_CRM,Centro de Radiología Maxilofacial,https://www.centroderadiologiamaxilofacial.com.mx/,periapical; bitewing; occlusal; panoramic; cephalometric; CBCT,named offering or institutional service,Availability differs by site; verify exact service and preparation before activation
