audit_status,query,normalized_query,expected_result_keys,expected_rank_tiers,total_count,expected_behavior,scope,notes
AUDIT_ONLY|PROPOSED|DIRECTOR_REVIEW_REQUIRED,hem,hem,"[""blood_culture"", ""hba1c"", ""cbc""]","[4, 4, 6]",3,DISAMBIGUATE_NO_AUTOSELECT,GLOBAL_252,Proposed matcher simulation; terms and ranking require Director review.
AUDIT_ONLY|PROPOSED|DIRECTOR_REVIEW_REQUIRED,gli,gli,"[""hba1c""]",[6],1,SINGLE_CANDIDATE_NOT_AUTOORDER,GLOBAL_252,Proposed matcher simulation; terms and ranking require Director review.
AUDIT_ONLY|PROPOSED|DIRECTOR_REVIEW_REQUIRED,glu,glu,"[""glucose"", ""body_fluid_glucose"", ""csf_glucose"", ""hba1c"", ""ogtt"", ""ggt""]","[4, 4, 4, 6, 6, 7]",6,DISAMBIGUATE_NO_AUTOSELECT,GLOBAL_252,Proposed matcher simulation; terms and ranking require Director review.
AUDIT_ONLY|PROPOSED|DIRECTOR_REVIEW_REQUIRED,hba,hba,"[""hba1c""]",[6],1,SINGLE_CANDIDATE_NOT_AUTOORDER,GLOBAL_252,Proposed matcher simulation; terms and ranking require Director review.
AUDIT_ONLY|PROPOSED|DIRECTOR_REVIEW_REQUIRED,a1c,a1c,"[""hba1c""]",[2],1,SINGLE_CANDIDATE_NOT_AUTOORDER,GLOBAL_252,Proposed matcher simulation; terms and ranking require Director review.
AUDIT_ONLY|PROPOSED|DIRECTOR_REVIEW_REQUIRED,hem gli,hem gli,"[""hba1c""]",[6],1,SINGLE_CANDIDATE_NOT_AUTOORDER,GLOBAL_252,Proposed matcher simulation; terms and ranking require Director review.
AUDIT_ONLY|PROPOSED|DIRECTOR_REVIEW_REQUIRED,Hemoglobina A1c,hemoglobina a1c,"[""hba1c""]",[3],1,SINGLE_CANDIDATE_NOT_AUTOORDER,GLOBAL_252,Proposed matcher simulation; terms and ranking require Director review.
AUDIT_ONLY|PROPOSED|DIRECTOR_REVIEW_REQUIRED,ant,ant,"[""anti_ccp"", ""anti_hbc"", ""anti_hbs"", ""anti_tpo"", ""anti_tg"", ""cea_serum"", ""ca125_serum"", ""csf_cryptococcal_antigen"", ""psa_free"", ""psa_total"", ""ca153_serum"", ""ca199_serum"", ""anti_ds_dna"", ""lab_ag_helicobacter_pylori"", ""hcv_ab"", ""lab_coombs_directo"", ""lab_coombs_indirecto"", ""ana"", ""ena"", ""anca"", ""hbsag""]","[4, 4, 4, 4, 4, 4, 4, 4, 4, 4, 4, 4, 4, 4, 6, 6, 6, 7, 7, 7, 7]",21,DISAMBIGUATE_NO_AUTOSELECT,GLOBAL_252,Proposed matcher simulation; terms and ranking require Director review.
AUDIT_ONLY|PROPOSED|DIRECTOR_REVIEW_REQUIRED,ant pro,ant pro,"[""psa_free"", ""psa_total""]","[6, 6]",2,DISAMBIGUATE_NO_AUTOSELECT,GLOBAL_252,Proposed matcher simulation; terms and ranking require Director review.
AUDIT_ONLY|PROPOSED|DIRECTOR_REVIEW_REQUIRED,pro,pro,"[""prolactin"", ""proctoscopy_base"", ""progesterone"", ""total_protein"", ""procalcitonin_serum"", ""crp_standard"", ""body_fluid_total_protein"", ""crp_hs"", ""csf_total_protein"", ""urine_protein_creatinine_panel"", ""video_eeg"", ""lab_tiempo_de_protrombina"", ""psa_free"", ""psa_total""]","[4, 4, 4, 4, 4, 4, 4, 4, 4, 4, 6, 6, 6, 6]",14,DISAMBIGUATE_NO_AUTOSELECT,GLOBAL_252,Proposed matcher simulation; terms and ranking require Director review.
AUDIT_ONLY|PROPOSED|DIRECTOR_REVIEW_REQUIRED,pro esp,pro esp,"[""psa_free"", ""psa_total""]","[6, 6]",2,DISAMBIGUATE_NO_AUTOSELECT,GLOBAL_252,Proposed matcher simulation; terms and ranking require Director review.
AUDIT_ONLY|PROPOSED|DIRECTOR_REVIEW_REQUIRED,psa,psa,"[""psa_free"", ""psa_total""]","[6, 6]",2,DISAMBIGUATE_NO_AUTOSELECT,GLOBAL_252,Proposed matcher simulation; terms and ranking require Director review.
AUDIT_ONLY|PROPOSED|DIRECTOR_REVIEW_REQUIRED,psa t,psa t,"[""psa_total""]",[6],1,SINGLE_CANDIDATE_NOT_AUTOORDER,GLOBAL_252,Proposed matcher simulation; terms and ranking require Director review.
AUDIT_ONLY|PROPOSED|DIRECTOR_REVIEW_REQUIRED,psa l,psa l,"[""psa_free""]",[6],1,SINGLE_CANDIDATE_NOT_AUTOORDER,GLOBAL_252,Proposed matcher simulation; terms and ranking require Director review.
AUDIT_ONLY|PROPOSED|DIRECTOR_REVIEW_REQUIRED,ape,ape,"[""psa_free"", ""psa_total""]","[6, 6]",2,DISAMBIGUATE_NO_AUTOSELECT,GLOBAL_252,Proposed matcher simulation; terms and ranking require Director review.
AUDIT_ONLY|PROPOSED|DIRECTOR_REVIEW_REQUIRED,Antígeno prostático,antigeno prostatico,"[""psa_free"", ""psa_total""]","[6, 6]",2,DISAMBIGUATE_NO_AUTOSELECT,GLOBAL_252,Proposed matcher simulation; terms and ranking require Director review.
AUDIT_ONLY|PROPOSED|DIRECTOR_REVIEW_REQUIRED,Antígeno prostático específico,antigeno prostatico especifico,"[""psa_free"", ""psa_total""]","[6, 6]",2,DISAMBIGUATE_NO_AUTOSELECT,GLOBAL_252,Proposed matcher simulation; terms and ranking require Director review.
AUDIT_ONLY|PROPOSED|DIRECTOR_REVIEW_REQUIRED,tsh,tsh,"[""tsh""]",[1],1,SINGLE_CANDIDATE_NOT_AUTOORDER,GLOBAL_252,Proposed matcher simulation; terms and ranking require Director review.
AUDIT_ONLY|PROPOSED|DIRECTOR_REVIEW_REQUIRED,t4 lib,t4 lib,"[""ft4""]",[6],1,SINGLE_CANDIDATE_NOT_AUTOORDER,GLOBAL_252,Proposed matcher simulation; terms and ranking require Director review.
AUDIT_ONLY|PROPOSED|DIRECTOR_REVIEW_REQUIRED,anti cc,anti cc,"[""anti_ccp""]",[6],1,SINGLE_CANDIDATE_NOT_AUTOORDER,GLOBAL_252,Proposed matcher simulation; terms and ranking require Director review.
AUDIT_ONLY|PROPOSED|DIRECTOR_REVIEW_REQUIRED,crp,crp,"[""crp_hs"", ""crp_standard""]","[6, 6]",2,DISAMBIGUATE_NO_AUTOSELECT,GLOBAL_252,Proposed matcher simulation; terms and ranking require Director review.
AUDIT_ONLY|PROPOSED|DIRECTOR_REVIEW_REQUIRED,pcr,pcr,"[""crp_hs"", ""urine_protein_creatinine_panel"", ""crp_standard""]","[6, 6, 8]",3,DISAMBIGUATE_NO_AUTOSELECT,GLOBAL_252,Proposed matcher simulation; terms and ranking require Director review.
AUDIT_ONLY|PROPOSED|DIRECTOR_REVIEW_REQUIRED,tac,tac,"[""ct_chest"", ""ct_head"", ""ct_abdomen_pelvis"", ""ct_uro""]","[4, 4, 4, 6]",4,DISAMBIGUATE_NO_AUTOSELECT,GLOBAL_252,Proposed matcher simulation; terms and ranking require Director review.
AUDIT_ONLY|PROPOSED|DIRECTOR_REVIEW_REQUIRED,tom,tom,"[""dental_cbct"", ""ct_chest"", ""ct_head"", ""ct_uro"", ""ct_abdomen_pelvis""]","[4, 7, 7, 7, 7]",5,DISAMBIGUATE_NO_AUTOSELECT,GLOBAL_252,Proposed matcher simulation; terms and ranking require Director review.
AUDIT_ONLY|PROPOSED|DIRECTOR_REVIEW_REQUIRED,tc,tc,"[""ct_chest"", ""ct_head"", ""ct_uro"", ""ct_abdomen_pelvis""]","[6, 6, 6, 6]",4,DISAMBIGUATE_NO_AUTOSELECT,GLOBAL_252,Proposed matcher simulation; terms and ranking require Director review.
AUDIT_ONLY|PROPOSED|DIRECTOR_REVIEW_REQUIRED,ct,ct,"[""ct_chest"", ""ct_head"", ""ct_uro"", ""ct_abdomen_pelvis""]","[6, 6, 6, 6]",4,DISAMBIGUATE_NO_AUTOSELECT,GLOBAL_252,Proposed matcher simulation; terms and ranking require Director review.
AUDIT_ONLY|PROPOSED|DIRECTOR_REVIEW_REQUIRED,rm,rm,"[""mr_shoulder"", ""mr_abdomen"", ""mr_brain"", ""mr_knee""]","[6, 6, 6, 6]",4,DISAMBIGUATE_NO_AUTOSELECT,GLOBAL_252,Proposed matcher simulation; terms and ranking require Director review.
AUDIT_ONLY|PROPOSED|DIRECTOR_REVIEW_REQUIRED,us,us,"[""breast_us"", ""us_renal"", ""us_abdomen"", ""us_pelvic"", ""us_thyroid"", ""us_obstetric_study"", ""us_testicular"", ""us_soft_tissue""]","[6, 6, 6, 6, 6, 6, 6, 6]",8,DISAMBIGUATE_NO_AUTOSELECT,GLOBAL_252,Proposed matcher simulation; terms and ranking require Director review.
AUDIT_ONLY|PROPOSED|DIRECTOR_REVIEW_REQUIRED,rx,rx,"[""rx_hand"", ""rx_chest"", ""rx_pelvis"", ""rx_shoulder"", ""rx_abdomen"", ""rx_ankle"", ""rx_knee"", ""rx_lspine"", ""rx_cspine""]","[6, 6, 6, 6, 6, 6, 6, 6, 6]",9,DISAMBIGUATE_NO_AUTOSELECT,GLOBAL_252,Proposed matcher simulation; terms and ranking require Director review.
AUDIT_ONLY|PROPOSED|DIRECTOR_REVIEW_REQUIRED,rmn,rmn,"[""mr_shoulder"", ""mr_abdomen"", ""mr_brain"", ""mr_knee""]","[5, 5, 5, 5]",4,DISAMBIGUATE_NO_AUTOSELECT,GLOBAL_252,Proposed matcher simulation; terms and ranking require Director review.
AUDIT_ONLY|PROPOSED|DIRECTOR_REVIEW_REQUIRED,eco,eco,"[""stress_echo"", ""echo_tte"", ""echo_tes"", ""us_obstetric_study"", ""breast_us"", ""us_pelvic"", ""us_abdomen"", ""us_renal"", ""us_thyroid"", ""us_testicular"", ""us_soft_tissue""]","[4, 4, 4, 5, 5, 5, 5, 5, 5, 5, 5]",11,DISAMBIGUATE_NO_AUTOSELECT,GLOBAL_252,Proposed matcher simulation; terms and ranking require Director review.
AUDIT_ONLY|PROPOSED|DIRECTOR_REVIEW_REQUIRED,hol,hol,"[""holter""]",[4],1,SINGLE_CANDIDATE_NOT_AUTOORDER,GLOBAL_252,Proposed matcher simulation; terms and ranking require Director review.
AUDIT_ONLY|PROPOSED|DIRECTOR_REVIEW_REQUIRED,mapa,mapa,"[""abpm_mapa""]",[2],1,SINGLE_CANDIDATE_NOT_AUTOORDER,GLOBAL_252,Proposed matcher simulation; terms and ranking require Director review.
AUDIT_ONLY|PROPOSED|DIRECTOR_REVIEW_REQUIRED,T3,t3,"[""ft3"", ""total_t3""]","[4, 6]",2,DISAMBIGUATE_NO_AUTOSELECT,GLOBAL_252,Proposed matcher simulation; terms and ranking require Director review.
AUDIT_ONLY|PROPOSED|DIRECTOR_REVIEW_REQUIRED,VDRL,vdrl,"[""syphilis_vdrl_serum"", ""csf_vdrl""]","[4, 4]",2,DISAMBIGUATE_NO_AUTOSELECT,GLOBAL_252,Proposed matcher simulation; terms and ranking require Director review.
AUDIT_ONLY|PROPOSED|DIRECTOR_REVIEW_REQUIRED,LDH,ldh,"[""body_fluid_ldh"", ""ldh_serum""]","[4, 6]",2,DISAMBIGUATE_NO_AUTOSELECT,GLOBAL_252,Proposed matcher simulation; terms and ranking require Director review.
AUDIT_ONLY|PROPOSED|DIRECTOR_REVIEW_REQUIRED,HbA1c,hba1c,"[""hba1c""]",[2],1,SINGLE_CANDIDATE_NOT_AUTOORDER,GLOBAL_252,Proposed matcher simulation; terms and ranking require Director review.
AUDIT_ONLY|PROPOSED|DIRECTOR_REVIEW_REQUIRED,Hemoglobina glucosilada,hemoglobina glucosilada,"[""hba1c""]",[3],1,SINGLE_CANDIDATE_NOT_AUTOORDER,GLOBAL_252,Proposed matcher simulation; terms and ranking require Director review.
AUDIT_ONLY|PROPOSED|DIRECTOR_REVIEW_REQUIRED,PSA total,psa total,"[""psa_total""]",[2],1,SINGLE_CANDIDATE_NOT_AUTOORDER,GLOBAL_252,Proposed matcher simulation; terms and ranking require Director review.
AUDIT_ONLY|PROPOSED|DIRECTOR_REVIEW_REQUIRED,PSA libre,psa libre,"[""psa_free""]",[2],1,SINGLE_CANDIDATE_NOT_AUTOORDER,GLOBAL_252,Proposed matcher simulation; terms and ranking require Director review.
AUDIT_ONLY|PROPOSED|DIRECTOR_REVIEW_REQUIRED,T4L,t4l,"[""ft4""]",[2],1,SINGLE_CANDIDATE_NOT_AUTOORDER,GLOBAL_252,Proposed matcher simulation; terms and ranking require Director review.
AUDIT_ONLY|PROPOSED|DIRECTOR_REVIEW_REQUIRED,CBCT,cbct,"[""dental_cbct""]",[2],1,SINGLE_CANDIDATE_NOT_AUTOORDER,GLOBAL_252,Proposed matcher simulation; terms and ranking require Director review.
AUDIT_ONLY|PROPOSED|DIRECTOR_REVIEW_REQUIRED,panorámica,panoramica,"[""dental_panoramic_xray""]",[5],1,SINGLE_CANDIDATE_NOT_AUTOORDER,GLOBAL_252,Proposed matcher simulation; terms and ranking require Director review.
AUDIT_ONLY|PROPOSED|DIRECTOR_REVIEW_REQUIRED,ant.,ant,"[""anti_ccp"", ""anti_hbc"", ""anti_hbs"", ""anti_tpo"", ""anti_tg"", ""cea_serum"", ""ca125_serum"", ""csf_cryptococcal_antigen"", ""psa_free"", ""psa_total"", ""ca153_serum"", ""ca199_serum"", ""anti_ds_dna"", ""lab_ag_helicobacter_pylori"", ""hcv_ab"", ""lab_coombs_directo"", ""lab_coombs_indirecto"", ""ana"", ""ena"", ""anca"", ""hbsag""]","[4, 4, 4, 4, 4, 4, 4, 4, 4, 4, 4, 4, 4, 4, 6, 6, 6, 7, 7, 7, 7]",21,DISAMBIGUATE_NO_AUTOSELECT,GLOBAL_252,Proposed matcher simulation; terms and ranking require Director review.
AUDIT_ONLY|PROPOSED|DIRECTOR_REVIEW_REQUIRED,PRO.,pro,"[""prolactin"", ""proctoscopy_base"", ""progesterone"", ""total_protein"", ""procalcitonin_serum"", ""crp_standard"", ""body_fluid_total_protein"", ""crp_hs"", ""csf_total_protein"", ""urine_protein_creatinine_panel"", ""video_eeg"", ""lab_tiempo_de_protrombina"", ""psa_free"", ""psa_total""]","[4, 4, 4, 4, 4, 4, 4, 4, 4, 4, 6, 6, 6, 6]",14,DISAMBIGUATE_NO_AUTOSELECT,GLOBAL_252,Proposed matcher simulation; terms and ranking require Director review.
AUDIT_ONLY|PROPOSED|DIRECTOR_REVIEW_REQUIRED,t4-l,t4 l,"[""ft4""]",[6],1,SINGLE_CANDIDATE_NOT_AUTOORDER,GLOBAL_252,Proposed matcher simulation; terms and ranking require Director review.
AUDIT_ONLY|PROPOSED|DIRECTOR_REVIEW_REQUIRED,t4 l,t4 l,"[""ft4""]",[6],1,SINGLE_CANDIDATE_NOT_AUTOORDER,GLOBAL_252,Proposed matcher simulation; terms and ranking require Director review.
