cat02_row,concept,source,specimen,current_mxmed_match,current_existing_key,cat02_mxmed_match,cat02_disposition,cat03b_impact,cat03c_classification,now_safe_kind,canonical_candidate,proposed_key,display_name,primary_family,specimen_requirement,collection_requirement,paired_specimen,result_model_status,routing_group,navigation_route,priority,duplicate_risk_before,duplicate_risk_after,remaining_blocker,implementation_recommendation
1,Urinalysis / EGO,https://www.mayoclinic.org/tests-procedures/urinalysis/about/pac-20384907,urine,EXACT_EXISTING,urinalysis,EXACT_EXISTING,CANONICAL_ORDERABLE_TEST,NO_DISPOSITION_CHANGE,ALREADY_CANONICAL,NONE,no,,,NO_NEW_IDENTITY,FIXED:URINE,NONE,NONE,NOT_APPLICABLE,NOT_APPLICABLE,SIN_CAMBIO,NOT_APPLICABLE,no,NOT_NEW_IDENTITY,ALREADY_IMPLEMENTED,PRESERVE_EXISTING
2,Urinary albumin / microalbumin,https://www.mayocliniclabs.com/test-catalog/overview/609731,urine,EXACT_EXISTING,microalbumin,EXACT_EXISTING,CANONICAL_ORDERABLE_TEST,NO_DISPOSITION_CHANGE,ALREADY_CANONICAL,NONE,no,,,NO_NEW_IDENTITY,FIXED:URINE,NONE,NONE,NOT_APPLICABLE,NOT_APPLICABLE,SIN_CAMBIO,NOT_APPLICABLE,no,NOT_NEW_IDENTITY,ALREADY_IMPLEMENTED,PRESERVE_EXISTING
3,Urine culture,https://www.mayocliniclabs.com/test-catalog/Overview/60515,urine,EXACT_EXISTING,urine_culture,EXACT_EXISTING,MICROBIOLOGY_ORDERABLE,NO_DISPOSITION_CHANGE,ALREADY_CANONICAL,NONE,no,,,NO_NEW_IDENTITY,FIXED:URINE,NONE,NONE,NOT_APPLICABLE,NOT_APPLICABLE,SIN_CAMBIO,NOT_APPLICABLE,no,NOT_NEW_IDENTITY,ALREADY_IMPLEMENTED,PRESERVE_EXISTING
4,Urine albumin and creatinine ratio profile,https://www.mayocliniclabs.com/test-catalog/overview/609731,urine,EXACT_EXISTING,urine_albumin_creatinine_panel,EXACT_EXISTING,CANONICAL_ORDERABLE_PANEL,NO_DISPOSITION_CHANGE,ALREADY_CANONICAL,NONE,no,,,NO_NEW_IDENTITY,FIXED:URINE,NONE,NONE,NOT_APPLICABLE,NOT_APPLICABLE,SIN_CAMBIO,NOT_APPLICABLE,no,NOT_NEW_IDENTITY,ALREADY_IMPLEMENTED,PRESERVE_EXISTING
5,Urine protein and creatinine ratio profile,https://www.mayocliniclabs.com/test-catalog/overview/614004,urine,EXACT_EXISTING,urine_protein_creatinine_panel,EXACT_EXISTING,CANONICAL_ORDERABLE_PANEL,NO_DISPOSITION_CHANGE,ALREADY_CANONICAL,NONE,no,,,NO_NEW_IDENTITY,FIXED:URINE,NONE,NONE,NOT_APPLICABLE,NOT_APPLICABLE,SIN_CAMBIO,NOT_APPLICABLE,no,NOT_NEW_IDENTITY,ALREADY_IMPLEMENTED,PRESERVE_EXISTING
6,Urine osmolality,https://www.mayocliniclabs.com/test-catalog/Overview/41236,urine,EXACT_EXISTING,urine_osmolality,EXACT_EXISTING,CANONICAL_ORDERABLE_TEST,NO_DISPOSITION_CHANGE,ALREADY_CANONICAL,NONE,no,,,NO_NEW_IDENTITY,FIXED:URINE,NONE,NONE,NOT_APPLICABLE,NOT_APPLICABLE,SIN_CAMBIO,NOT_APPLICABLE,no,NOT_NEW_IDENTITY,ALREADY_IMPLEMENTED,PRESERVE_EXISTING
7,CSF cell count and differential,https://mlabs.umich.edu/tests/body-fluid-analysis-csf,CSF,EXACT_EXISTING,csf_cell_count,EXACT_EXISTING,CANONICAL_ORDERABLE_TEST,NO_DISPOSITION_CHANGE,ALREADY_CANONICAL,NONE,no,,,NO_NEW_IDENTITY,FIXED:CSF,NONE,NONE,NOT_APPLICABLE,NOT_APPLICABLE,SIN_CAMBIO,NOT_APPLICABLE,no,NOT_NEW_IDENTITY,ALREADY_IMPLEMENTED,PRESERVE_EXISTING
8,Synovial crystals,https://mlabs.umich.edu/tests/body-fluid-analysis-crystal-exam,synovial,EXACT_EXISTING,synovial_crystals,EXACT_EXISTING,CANONICAL_ORDERABLE_TEST,NO_DISPOSITION_CHANGE,ALREADY_CANONICAL,NONE,no,,,NO_NEW_IDENTITY,FIXED:SYNOVIAL_FLUID,NONE,NONE,NOT_APPLICABLE,NOT_APPLICABLE,SIN_CAMBIO,NOT_APPLICABLE,no,NOT_NEW_IDENTITY,ALREADY_IMPLEMENTED,PRESERVE_EXISTING
9,Basic semen analysis,https://www.mayocliniclabs.com/test-catalog/overview/81641,semen,EXACT_EXISTING,semen_analysis,EXACT_EXISTING,CANONICAL_ORDERABLE_TEST,NO_DISPOSITION_CHANGE,ALREADY_CANONICAL,NONE,no,,,NO_NEW_IDENTITY,FIXED:SEMEN,NONE,NONE,NOT_APPLICABLE,NOT_APPLICABLE,SIN_CAMBIO,NOT_APPLICABLE,no,NOT_NEW_IDENTITY,ALREADY_IMPLEMENTED,PRESERVE_EXISTING
10,Examen general de orina,https://www.mayoclinic.org/tests-procedures/urinalysis/about/pac-20384907,urine,ALIAS_EXISTING,urinalysis,ALIAS_EXISTING,ALIAS_OF_EXISTING_TEST,NO_DISPOSITION_CHANGE,SAFE_ALIAS_ONLY,NONE,no,,,NO_NEW_IDENTITY,FIXED:URINE,NONE,NONE,NOT_APPLICABLE,NOT_APPLICABLE,SIN_CAMBIO,NOT_APPLICABLE,yes,NOT_NEW_IDENTITY,ALREADY_IMPLEMENTED,PRESERVE_EXISTING
11,Microalbuminuria,https://www.mayocliniclabs.com/test-catalog/overview/609731,urine,ALIAS_EXISTING,microalbumin,ALIAS_EXISTING,ALIAS_OF_EXISTING_TEST,NO_DISPOSITION_CHANGE,SAFE_ALIAS_ONLY,NONE,no,,,NO_NEW_IDENTITY,FIXED:URINE,NONE,NONE,NOT_APPLICABLE,NOT_APPLICABLE,SIN_CAMBIO,NOT_APPLICABLE,yes,NOT_NEW_IDENTITY,ALREADY_IMPLEMENTED,PRESERVE_EXISTING
12,Espermatograma,https://www.mayocliniclabs.com/test-catalog/overview/81641,semen,ALIAS_EXISTING,semen_analysis,ALIAS_EXISTING,ALIAS_OF_EXISTING_TEST,NO_DISPOSITION_CHANGE,SAFE_ALIAS_ONLY,NONE,no,,,NO_NEW_IDENTITY,FIXED:SEMEN,NONE,NONE,NOT_APPLICABLE,NOT_APPLICABLE,SIN_CAMBIO,NOT_APPLICABLE,yes,NOT_NEW_IDENTITY,ALREADY_IMPLEMENTED,PRESERVE_EXISTING
13,Citometría de LCR,https://mlabs.umich.edu/tests/body-fluid-analysis-csf,CSF,ALIAS_EXISTING,csf_cell_count,ALIAS_EXISTING,ALIAS_OF_EXISTING_TEST,NO_DISPOSITION_CHANGE,SAFE_ALIAS_ONLY,NONE,no,,,NO_NEW_IDENTITY,FIXED:CSF,NONE,NONE,NOT_APPLICABLE,NOT_APPLICABLE,SIN_CAMBIO,NOT_APPLICABLE,yes,NOT_NEW_IDENTITY,ALREADY_IMPLEMENTED,PRESERVE_EXISTING
14,Urine total protein spot,https://www.mayocliniclabs.com/test-catalog/overview/617782/protein-total-random-urine-non-orderable,urine,MISSING_CANONICAL,,MISSING_CANONICAL,CANONICAL_ORDERABLE_TEST,NO_DISPOSITION_CHANGE,UNCERTAIN,NONE,no,,,NO_NEW_IDENTITY,FIXED:URINE,NONE,NONE,NOT_APPLICABLE,NOT_APPLICABLE,SIN_CAMBIO,NOT_APPLICABLE,moderate,PENDING,INDEPENDENT_IDENTITY_OR_SOURCE_UNVERIFIED,EVIDENCE_REQUIRED
15,Urine creatinine spot,https://www.mayocliniclabs.com/test-catalog/Overview/610603,urine,EXACT_EXISTING_CAT03A,urine_creatinine_spot,MISSING_CANONICAL,CANONICAL_ORDERABLE_TEST,NO_DISPOSITION_CHANGE,ALREADY_CANONICAL,NONE,no,,,NO_NEW_IDENTITY,FIXED:URINE,NONE,NONE,NOT_APPLICABLE,NOT_APPLICABLE,SIN_CAMBIO,NOT_APPLICABLE,moderate,NOT_NEW_IDENTITY,ALREADY_IMPLEMENTED,PRESERVE_EXISTING
16,Urine sodium spot,https://www.mayocliniclabs.com/test-catalog/overview/610785,urine,EXACT_EXISTING_CAT03A,urine_sodium_spot,MISSING_CANONICAL,CANONICAL_ORDERABLE_TEST,NO_DISPOSITION_CHANGE,ALREADY_CANONICAL,NONE,no,,,NO_NEW_IDENTITY,FIXED:URINE,NONE,NONE,NOT_APPLICABLE,NOT_APPLICABLE,SIN_CAMBIO,NOT_APPLICABLE,moderate,NOT_NEW_IDENTITY,ALREADY_IMPLEMENTED,PRESERVE_EXISTING
17,Urine potassium spot,https://prd1.mayocliniclabs.com/test-catalog/overview/610696,urine,EXACT_EXISTING_CAT03A,urine_potassium_spot,MISSING_CANONICAL,CANONICAL_ORDERABLE_TEST,NO_DISPOSITION_CHANGE,ALREADY_CANONICAL,NONE,no,,,NO_NEW_IDENTITY,FIXED:URINE,NONE,NONE,NOT_APPLICABLE,NOT_APPLICABLE,SIN_CAMBIO,NOT_APPLICABLE,moderate,NOT_NEW_IDENTITY,ALREADY_IMPLEMENTED,PRESERVE_EXISTING
18,24-hour urine protein,https://www.mayocliniclabs.com/test-catalog/Overview/614002,urine,MISSING_CANONICAL,,MISSING_CANONICAL,COLLECTION_DURATION_PARAMETER,TIMED_COLLECTION_V1,SAFE_WITH_TIMED_COLLECTION_V1,TEST,yes,urine_total_protein,Proteínas totales en orina,LABORATORIO,FIXED:URINE,TIMED:1440_MIN_REQUESTED,NONE,RESULT_MODEL_REQUIRES_OPERATIONAL_COLLECTION_DATA,CLINICAL_LAB,Orina y otros fluidos,P2_COMMON_SPECIALTY,yes,LOW_SAME_ANALYTE_TIMED_VARIANT,NONE,EXTENDED_LATER
19,24-hour urine creatinine,https://www.mayocliniclabs.com/test-catalog/Overview/616180,urine,MISSING_CANONICAL,urine_creatinine_spot,MISSING_CANONICAL,COLLECTION_DURATION_PARAMETER,TIMED_COLLECTION_V1,SAFE_WITH_TIMED_COLLECTION_V1,NONE,no,urine_creatinine_spot,24-hour urine creatinine,LABORATORIO,FIXED:URINE,TIMED:1440_MIN_REQUESTED,NONE,RESULT_MODEL_REQUIRES_OPERATIONAL_COLLECTION_DATA,NOT_APPLICABLE,Orina y otros fluidos,P3_ADVANCED_REFERENCE,yes,LOW_SAME_ANALYTE_TIMED_VARIANT,EXISTING_KEY_REQUIRES_TIMED_RULE,UPDATE_EXISTING_SPECIMEN_RULE
20,24-hour urine sodium,https://www.mayocliniclabs.com/test-catalog/Overview/616180,urine,MISSING_CANONICAL,urine_sodium_spot,MISSING_CANONICAL,COLLECTION_DURATION_PARAMETER,TIMED_COLLECTION_V1,SAFE_WITH_TIMED_COLLECTION_V1,NONE,no,urine_sodium_spot,24-hour urine sodium,LABORATORIO,FIXED:URINE,TIMED:1440_MIN_REQUESTED,NONE,RESULT_MODEL_REQUIRES_OPERATIONAL_COLLECTION_DATA,NOT_APPLICABLE,Orina y otros fluidos,P3_ADVANCED_REFERENCE,yes,LOW_SAME_ANALYTE_TIMED_VARIANT,EXISTING_KEY_REQUIRES_TIMED_RULE,UPDATE_EXISTING_SPECIMEN_RULE
21,24-hour urine potassium,https://www.mayocliniclabs.com/test-catalog/Overview/616180,urine,MISSING_CANONICAL,urine_potassium_spot,MISSING_CANONICAL,COLLECTION_DURATION_PARAMETER,TIMED_COLLECTION_V1,SAFE_WITH_TIMED_COLLECTION_V1,NONE,no,urine_potassium_spot,24-hour urine potassium,LABORATORIO,FIXED:URINE,TIMED:1440_MIN_REQUESTED,NONE,RESULT_MODEL_REQUIRES_OPERATIONAL_COLLECTION_DATA,NOT_APPLICABLE,Orina y otros fluidos,P3_ADVANCED_REFERENCE,yes,LOW_SAME_ANALYTE_TIMED_VARIANT,EXISTING_KEY_REQUIRES_TIMED_RULE,UPDATE_EXISTING_SPECIMEN_RULE
22,24-hour urine chloride,https://www.mayocliniclabs.com/test-catalog/Overview/616180,urine,MISSING_CANONICAL,,MISSING_CANONICAL,COLLECTION_DURATION_PARAMETER,TIMED_COLLECTION_V1,SAFE_WITH_TIMED_COLLECTION_V1,TEST,yes,urine_chloride,Cloruro urinario,LABORATORIO,FIXED:URINE,TIMED:1440_MIN_REQUESTED,NONE,RESULT_MODEL_REQUIRES_OPERATIONAL_COLLECTION_DATA,CLINICAL_LAB,Orina y otros fluidos,P3_ADVANCED_REFERENCE,yes,LOW,NONE,EXTENDED_LATER
23,24-hour urine calcium,https://www.mayocliniclabs.com/test-catalog/Overview/616180,urine,MISSING_CANONICAL,,MISSING_CANONICAL,COLLECTION_DURATION_PARAMETER,TIMED_COLLECTION_V1,SAFE_WITH_TIMED_COLLECTION_V1,TEST,yes,urine_calcium,Calcio urinario,LABORATORIO,FIXED:URINE,TIMED:1440_MIN_REQUESTED,NONE,RESULT_MODEL_REQUIRES_OPERATIONAL_COLLECTION_DATA,CLINICAL_LAB,Orina y otros fluidos,P2_COMMON_SPECIALTY,yes,LOW,NONE,EXTENDED_LATER
24,24-hour urine phosphate,https://www.mayocliniclabs.com/test-catalog/Overview/616180,urine,MISSING_CANONICAL,,MISSING_CANONICAL,COLLECTION_DURATION_PARAMETER,TIMED_COLLECTION_V1,SAFE_WITH_TIMED_COLLECTION_V1,TEST,yes,urine_phosphate,Fósforo urinario,LABORATORIO,FIXED:URINE,TIMED:1440_MIN_REQUESTED,NONE,RESULT_MODEL_REQUIRES_OPERATIONAL_COLLECTION_DATA,CLINICAL_LAB,Orina y otros fluidos,P3_ADVANCED_REFERENCE,yes,LOW,NONE,EXTENDED_LATER
25,24-hour urine magnesium,https://www.mayocliniclabs.com/test-catalog/Overview/616180,urine,MISSING_CANONICAL,,MISSING_CANONICAL,COLLECTION_DURATION_PARAMETER,TIMED_COLLECTION_V1,SAFE_WITH_TIMED_COLLECTION_V1,TEST,yes,urine_magnesium,Magnesio urinario,LABORATORIO,FIXED:URINE,TIMED:1440_MIN_REQUESTED,NONE,RESULT_MODEL_REQUIRES_OPERATIONAL_COLLECTION_DATA,CLINICAL_LAB,Orina y otros fluidos,P3_ADVANCED_REFERENCE,yes,LOW,NONE,EXTENDED_LATER
26,24-hour urine uric acid,https://www.mayocliniclabs.com/test-catalog/Overview/616180,urine,MISSING_CANONICAL,,MISSING_CANONICAL,COLLECTION_DURATION_PARAMETER,TIMED_COLLECTION_V1,SAFE_WITH_TIMED_COLLECTION_V1,TEST,yes,urine_uric_acid,Ácido úrico urinario,LABORATORIO,FIXED:URINE,TIMED:1440_MIN_REQUESTED,NONE,RESULT_MODEL_REQUIRES_OPERATIONAL_COLLECTION_DATA,CLINICAL_LAB,Orina y otros fluidos,P2_COMMON_SPECIALTY,yes,LOW,NONE,EXTENDED_LATER
27,24-hour urine citrate,https://www.mayocliniclabs.com/test-catalog/Overview/616180,urine,MISSING_CANONICAL,,MISSING_CANONICAL,COLLECTION_DURATION_PARAMETER,TIMED_COLLECTION_V1,SAFE_WITH_TIMED_COLLECTION_V1,TEST,yes,urine_citrate,Citrato urinario,LABORATORIO,FIXED:URINE,TIMED:1440_MIN_REQUESTED,NONE,RESULT_MODEL_REQUIRES_OPERATIONAL_COLLECTION_DATA,CLINICAL_LAB,Orina y otros fluidos,P2_COMMON_SPECIALTY,yes,LOW,NONE,EXTENDED_LATER
28,24-hour urine oxalate,https://www.mayocliniclabs.com/test-catalog/Overview/616180,urine,MISSING_CANONICAL,,MISSING_CANONICAL,COLLECTION_DURATION_PARAMETER,TIMED_COLLECTION_V1,SAFE_WITH_TIMED_COLLECTION_V1,TEST,yes,urine_oxalate,Oxalato urinario,LABORATORIO,FIXED:URINE,TIMED:1440_MIN_REQUESTED,NONE,RESULT_MODEL_REQUIRES_OPERATIONAL_COLLECTION_DATA,CLINICAL_LAB,Orina y otros fluidos,P2_COMMON_SPECIALTY,yes,LOW,NONE,EXTENDED_LATER
29,24-hour urine ammonium,https://www.mayocliniclabs.com/test-catalog/Overview/616180,urine,MISSING_CANONICAL,,MISSING_CANONICAL,COLLECTION_DURATION_PARAMETER,TIMED_COLLECTION_V1,SAFE_WITH_TIMED_COLLECTION_V1,TEST,yes,urine_ammonium,Amonio urinario,LABORATORIO,FIXED:URINE,TIMED:1440_MIN_REQUESTED,NONE,RESULT_MODEL_REQUIRES_OPERATIONAL_COLLECTION_DATA,CLINICAL_LAB,Orina y otros fluidos,P3_ADVANCED_REFERENCE,yes,LOW,NONE,EXTENDED_LATER
30,24-hour urine sulfate,https://www.mayocliniclabs.com/test-catalog/Overview/616180,urine,MISSING_CANONICAL,,MISSING_CANONICAL,COLLECTION_DURATION_PARAMETER,TIMED_COLLECTION_V1,SAFE_WITH_TIMED_COLLECTION_V1,TEST,yes,urine_sulfate,Sulfato urinario,LABORATORIO,FIXED:URINE,TIMED:1440_MIN_REQUESTED,NONE,RESULT_MODEL_REQUIRES_OPERATIONAL_COLLECTION_DATA,CLINICAL_LAB,Orina y otros fluidos,P3_ADVANCED_REFERENCE,yes,LOW,NONE,EXTENDED_LATER
31,24-hour urine pH,https://www.mayocliniclabs.com/test-catalog/Overview/616180,urine,MISSING_CANONICAL,,MISSING_CANONICAL,COLLECTION_DURATION_PARAMETER,TIMED_COLLECTION_V1,SAFE_WITH_TIMED_COLLECTION_V1,TEST,yes,urine_ph_standalone,pH urinario aislado,LABORATORIO,FIXED:URINE,TIMED:1440_MIN_REQUESTED,NONE,RESULT_MODEL_REQUIRES_OPERATIONAL_COLLECTION_DATA,CLINICAL_LAB,Orina y otros fluidos,P3_ADVANCED_REFERENCE,yes,LOW,NONE,EXTENDED_LATER
32,12-hour urine protein,https://www.mayocliniclabs.com/test-catalog/Overview/614042,urine,MISSING_CANONICAL,,MISSING_CANONICAL,COLLECTION_DURATION_PARAMETER,TIMED_COLLECTION_V1,UNCERTAIN,NONE,no,,,NO_NEW_IDENTITY,FIXED:URINE,12H_VARIANT_UNVERIFIED,NONE,NOT_APPLICABLE,NOT_APPLICABLE,SIN_CAMBIO,NOT_APPLICABLE,yes,PENDING,INDEPENDENT_IDENTITY_OR_SOURCE_UNVERIFIED,EVIDENCE_REQUIRED
33,2-hour urine protein,https://www.mayocliniclabs.com/test-catalog/Overview/614042,urine,UNCERTAIN,,UNCERTAIN,UNCERTAIN,TIMED_COLLECTION_V1,UNCERTAIN,NONE,no,,,NO_NEW_IDENTITY,FIXED:URINE,TIMED:1440_MIN_REQUESTED,NONE,NOT_APPLICABLE,NOT_APPLICABLE,SIN_CAMBIO,NOT_APPLICABLE,yes,PENDING,INDEPENDENT_IDENTITY_OR_SOURCE_UNVERIFIED,EVIDENCE_REQUIRED
34,Creatinine clearance,https://www.mayocliniclabs.com/test-catalog/overview/615813,urine + serum,MISSING_CANONICAL,,MISSING_CANONICAL,CANONICAL_ORDERABLE_PANEL,TIMED_COLLECTION_V1+PAIRED_SPECIMEN_V1,SAFE_WITH_PAIRED_SPECIMEN_V1,PANEL,yes,creatinine_clearance_profile,Perfil de depuración de creatinina,NO_NEW_IDENTITY,FIXED:URINE,TIMED:1440_MIN_REQUESTED + SERUM,SERUM:SAME_COLLECTION_EPISODE,RESULT_MODEL_REQUIRES_OPERATIONAL_COLLECTION_DATA,CLINICAL_LAB,Orina y otros fluidos,P3_ADVANCED_REFERENCE,moderate,LOW,NONE,EXTENDED_LATER
35,Urine pH strip,https://www.mayoclinic.org/tests-procedures/urinalysis/about/pac-20384907,urine,NOT_CANONICAL,urinalysis,NOT_CANONICAL,RESULT_COMPONENT_NOT_ORDERABLE_ALONE,NO_DISPOSITION_CHANGE,NOT_CANONICAL_ORDERABLE,NONE,no,,,NO_NEW_IDENTITY,FIXED:URINE,NONE,NONE,RESULT_MODEL_REQUIRES_COMPONENTS,NOT_APPLICABLE,SIN_CAMBIO,NOT_APPLICABLE,yes,NOT_NEW_IDENTITY,RESULT_COMPONENT_OR_DERIVED_OR_COLLECTION_FACT,DO_NOT_SEED
36,Urine specific gravity,https://www.mayoclinic.org/tests-procedures/urinalysis/about/pac-20384907,urine,NOT_CANONICAL,urinalysis,NOT_CANONICAL,RESULT_COMPONENT_NOT_ORDERABLE_ALONE,NO_DISPOSITION_CHANGE,NOT_CANONICAL_ORDERABLE,NONE,no,,,NO_NEW_IDENTITY,FIXED:URINE,NONE,NONE,RESULT_MODEL_REQUIRES_COMPONENTS,NOT_APPLICABLE,SIN_CAMBIO,NOT_APPLICABLE,yes,NOT_NEW_IDENTITY,RESULT_COMPONENT_OR_DERIVED_OR_COLLECTION_FACT,DO_NOT_SEED
37,Urine glucose dipstick,https://www.mayoclinic.org/tests-procedures/urinalysis/about/pac-20384907,urine,NOT_CANONICAL,urinalysis,NOT_CANONICAL,RESULT_COMPONENT_NOT_ORDERABLE_ALONE,NO_DISPOSITION_CHANGE,NOT_CANONICAL_ORDERABLE,NONE,no,,,NO_NEW_IDENTITY,FIXED:URINE,NONE,NONE,RESULT_MODEL_REQUIRES_COMPONENTS,NOT_APPLICABLE,SIN_CAMBIO,NOT_APPLICABLE,yes,NOT_NEW_IDENTITY,RESULT_COMPONENT_OR_DERIVED_OR_COLLECTION_FACT,DO_NOT_SEED
38,Urine ketones dipstick,https://www.mayoclinic.org/tests-procedures/urinalysis/about/pac-20384907,urine,NOT_CANONICAL,urinalysis,NOT_CANONICAL,RESULT_COMPONENT_NOT_ORDERABLE_ALONE,NO_DISPOSITION_CHANGE,NOT_CANONICAL_ORDERABLE,NONE,no,,,NO_NEW_IDENTITY,FIXED:URINE,NONE,NONE,RESULT_MODEL_REQUIRES_COMPONENTS,NOT_APPLICABLE,SIN_CAMBIO,NOT_APPLICABLE,yes,NOT_NEW_IDENTITY,RESULT_COMPONENT_OR_DERIVED_OR_COLLECTION_FACT,DO_NOT_SEED
39,Urine blood/hemoglobin dipstick,https://www.mayoclinic.org/tests-procedures/urinalysis/about/pac-20384907,urine,NOT_CANONICAL,urinalysis,NOT_CANONICAL,RESULT_COMPONENT_NOT_ORDERABLE_ALONE,NO_DISPOSITION_CHANGE,NOT_CANONICAL_ORDERABLE,NONE,no,,,NO_NEW_IDENTITY,FIXED:URINE,NONE,NONE,RESULT_MODEL_REQUIRES_COMPONENTS,NOT_APPLICABLE,SIN_CAMBIO,NOT_APPLICABLE,yes,NOT_NEW_IDENTITY,RESULT_COMPONENT_OR_DERIVED_OR_COLLECTION_FACT,DO_NOT_SEED
40,Urine protein dipstick,https://www.mayoclinic.org/tests-procedures/urinalysis/about/pac-20384907,urine,NOT_CANONICAL,urinalysis,NOT_CANONICAL,RESULT_COMPONENT_NOT_ORDERABLE_ALONE,NO_DISPOSITION_CHANGE,NOT_CANONICAL_ORDERABLE,NONE,no,,,NO_NEW_IDENTITY,FIXED:URINE,NONE,NONE,RESULT_MODEL_REQUIRES_COMPONENTS,NOT_APPLICABLE,SIN_CAMBIO,NOT_APPLICABLE,yes,NOT_NEW_IDENTITY,RESULT_COMPONENT_OR_DERIVED_OR_COLLECTION_FACT,DO_NOT_SEED
41,Urine RBC microscopy,https://www.mayoclinic.org/tests-procedures/urinalysis/about/pac-20384907,urine,NOT_CANONICAL,urinalysis,NOT_CANONICAL,RESULT_COMPONENT_NOT_ORDERABLE_ALONE,NO_DISPOSITION_CHANGE,NOT_CANONICAL_ORDERABLE,NONE,no,,,NO_NEW_IDENTITY,FIXED:URINE,NONE,NONE,RESULT_MODEL_REQUIRES_COMPONENTS,NOT_APPLICABLE,SIN_CAMBIO,NOT_APPLICABLE,yes,NOT_NEW_IDENTITY,RESULT_COMPONENT_OR_DERIVED_OR_COLLECTION_FACT,DO_NOT_SEED
42,Urine WBC microscopy,https://www.mayoclinic.org/tests-procedures/urinalysis/about/pac-20384907,urine,NOT_CANONICAL,urinalysis,NOT_CANONICAL,RESULT_COMPONENT_NOT_ORDERABLE_ALONE,NO_DISPOSITION_CHANGE,NOT_CANONICAL_ORDERABLE,NONE,no,,,NO_NEW_IDENTITY,FIXED:URINE,NONE,NONE,RESULT_MODEL_REQUIRES_COMPONENTS,NOT_APPLICABLE,SIN_CAMBIO,NOT_APPLICABLE,yes,NOT_NEW_IDENTITY,RESULT_COMPONENT_OR_DERIVED_OR_COLLECTION_FACT,DO_NOT_SEED
43,Urine nitrite,https://www.mayoclinic.org/tests-procedures/urinalysis/about/pac-20384907,urine,NOT_CANONICAL,urinalysis,NOT_CANONICAL,RESULT_COMPONENT_NOT_ORDERABLE_ALONE,NO_DISPOSITION_CHANGE,NOT_CANONICAL_ORDERABLE,NONE,no,,,NO_NEW_IDENTITY,FIXED:URINE,NONE,NONE,RESULT_MODEL_REQUIRES_COMPONENTS,NOT_APPLICABLE,SIN_CAMBIO,NOT_APPLICABLE,yes,NOT_NEW_IDENTITY,RESULT_COMPONENT_OR_DERIVED_OR_COLLECTION_FACT,DO_NOT_SEED
44,Urine leukocyte esterase,https://www.mayoclinic.org/tests-procedures/urinalysis/about/pac-20384907,urine,NOT_CANONICAL,urinalysis,NOT_CANONICAL,RESULT_COMPONENT_NOT_ORDERABLE_ALONE,NO_DISPOSITION_CHANGE,NOT_CANONICAL_ORDERABLE,NONE,no,,,NO_NEW_IDENTITY,FIXED:URINE,NONE,NONE,RESULT_MODEL_REQUIRES_COMPONENTS,NOT_APPLICABLE,SIN_CAMBIO,NOT_APPLICABLE,yes,NOT_NEW_IDENTITY,RESULT_COMPONENT_OR_DERIVED_OR_COLLECTION_FACT,DO_NOT_SEED
45,Urine albumin/creatinine calculated ratio,https://www.mayocliniclabs.com/test-catalog/overview/609731,urine,NOT_CANONICAL,urine_albumin_creatinine_panel,NOT_CANONICAL,CALCULATED_OR_DERIVED_RESULT,NO_DISPOSITION_CHANGE,NOT_CANONICAL_ORDERABLE,NONE,no,,,NO_NEW_IDENTITY,FIXED:URINE,NONE,NONE,RESULT_MODEL_REQUIRES_DERIVED_CALCULATION,NOT_APPLICABLE,SIN_CAMBIO,NOT_APPLICABLE,yes,NOT_NEW_IDENTITY,RESULT_COMPONENT_OR_DERIVED_OR_COLLECTION_FACT,DO_NOT_SEED
46,Urine protein/creatinine calculated ratio,https://www.mayocliniclabs.com/test-catalog/overview/614004,urine,NOT_CANONICAL,urine_protein_creatinine_panel,NOT_CANONICAL,CALCULATED_OR_DERIVED_RESULT,NO_DISPOSITION_CHANGE,NOT_CANONICAL_ORDERABLE,NONE,no,,,NO_NEW_IDENTITY,FIXED:URINE,NONE,NONE,RESULT_MODEL_REQUIRES_DERIVED_CALCULATION,NOT_APPLICABLE,SIN_CAMBIO,NOT_APPLICABLE,yes,NOT_NEW_IDENTITY,RESULT_COMPONENT_OR_DERIVED_OR_COLLECTION_FACT,DO_NOT_SEED
47,Urine myoglobin,https://www.labcorp.com/tests/003079/myoglobin-quantitative-random-urine,urine,MISSING_CANONICAL,,MISSING_CANONICAL,CANONICAL_ORDERABLE_TEST,NO_DISPOSITION_CHANGE,NOW_SAFE_CANONICAL_TEST,TEST,yes,urine_myoglobin,Mioglobina urinaria,LABORATORIO,FIXED:URINE,NONE,NONE,RESULT_MODEL_SUFFICIENT_EXISTING,CLINICAL_LAB,Orina y otros fluidos,P3_ADVANCED_REFERENCE,moderate,LOW,NONE,EXTENDED_LATER
48,Urine beta-2 microglobulin,https://www.mayocliniclabs.com/test-catalog/overview/602026,urine,MISSING_CANONICAL,,MISSING_CANONICAL,CANONICAL_ORDERABLE_TEST,NO_DISPOSITION_CHANGE,STILL_BLOCKED_PROVIDER_WORKFLOW,NONE,no,,,LABORATORIO,FIXED:URINE,NONE,NONE,NOT_APPLICABLE,NOT_APPLICABLE,SIN_CAMBIO,NOT_APPLICABLE,moderate,PENDING,AT_COLLECTION_URINE_PH_ADJUSTMENT_AND_PRESERVATIVE_WORKFLOW_NOT_IN_V1,DEFER_CONTRACT_OR_PROVIDER_RULE
49,Urine pH standalone,https://www.mayocliniclabs.com/test-catalog/overview/606510,urine,MISSING_CANONICAL,,MISSING_CANONICAL,CANONICAL_ORDERABLE_TEST,NO_DISPOSITION_CHANGE,NOW_SAFE_CANONICAL_TEST,TEST,yes,urine_ph_standalone,pH urinario aislado,LABORATORIO,FIXED:URINE,NONE,NONE,RESULT_MODEL_SUFFICIENT_EXISTING,CLINICAL_LAB,Orina y otros fluidos,P3_ADVANCED_REFERENCE,moderate,LOW,NONE,EXTENDED_LATER
50,Urine specific gravity standalone,https://www.mayocliniclabs.com/test-catalog/overview/606565,urine,MISSING_CANONICAL,,MISSING_CANONICAL,CANONICAL_ORDERABLE_TEST,NO_DISPOSITION_CHANGE,NOW_SAFE_CANONICAL_TEST,TEST,yes,urine_specific_gravity_standalone,Densidad urinaria aislada,LABORATORIO,FIXED:URINE,NONE,NONE,RESULT_MODEL_SUFFICIENT_EXISTING,CLINICAL_LAB,Orina y otros fluidos,P3_ADVANCED_REFERENCE,moderate,LOW,NONE,EXTENDED_LATER
51,Urine free hemoglobin standalone,https://www.labcorp.com/tests/080176/hemoglobin-hb-free-qualitative-urine,urine,MISSING_CANONICAL,,MISSING_CANONICAL,CANONICAL_ORDERABLE_TEST,NO_DISPOSITION_CHANGE,NOW_SAFE_CANONICAL_TEST,TEST,yes,urine_free_hemoglobin,Hemoglobina libre urinaria,LABORATORIO,FIXED:URINE,NONE,NONE,RESULT_MODEL_SUFFICIENT_EXISTING,CLINICAL_LAB,Orina y otros fluidos,P3_ADVANCED_REFERENCE,moderate,LOW,NONE,EXTENDED_LATER
52,Urine bicarbonate,https://www.mayocliniclabs.com/test-catalog/Overview/616180,urine,UNCERTAIN,,UNCERTAIN,UNCERTAIN,NO_DISPOSITION_CHANGE,UNCERTAIN,NONE,no,,,NO_NEW_IDENTITY,FIXED:URINE,NONE,NONE,NOT_APPLICABLE,NOT_APPLICABLE,SIN_CAMBIO,NOT_APPLICABLE,moderate,PENDING,INDEPENDENT_IDENTITY_OR_SOURCE_UNVERIFIED,EVIDENCE_REQUIRED
53,Urine urea nitrogen spot,https://www.mayocliniclabs.com/test-catalog/Overview/616180,urine,UNCERTAIN,,UNCERTAIN,UNCERTAIN,NO_DISPOSITION_CHANGE,UNCERTAIN,NONE,no,,,NO_NEW_IDENTITY,FIXED:URINE,NONE,NONE,NOT_APPLICABLE,NOT_APPLICABLE,SIN_CAMBIO,NOT_APPLICABLE,moderate,PENDING,INDEPENDENT_IDENTITY_OR_SOURCE_UNVERIFIED,EVIDENCE_REQUIRED
54,24-hour urine volume,https://www.mayocliniclabs.com/test-catalog/Overview/616180,urine,NOT_CANONICAL,,NOT_CANONICAL,COLLECTION_VOLUME_PARAMETER,NO_DISPOSITION_CHANGE,NOT_CANONICAL_ORDERABLE,NONE,no,,,NO_NEW_IDENTITY,FIXED:URINE,NONE,NONE,RESULT_MODEL_REQUIRES_OPERATIONAL_COLLECTION_DATA,NOT_APPLICABLE,SIN_CAMBIO,NOT_APPLICABLE,yes,NOT_NEW_IDENTITY,RESULT_COMPONENT_OR_DERIVED_OR_COLLECTION_FACT,DO_NOT_SEED
55,Urinary supersaturation calcium oxalate,https://www.mayocliniclabs.com/test-catalog/Overview/616180,urine,NOT_CANONICAL,,NOT_CANONICAL,CALCULATED_OR_DERIVED_RESULT,NO_DISPOSITION_CHANGE,NOT_CANONICAL_ORDERABLE,NONE,no,,,NO_NEW_IDENTITY,FIXED:URINE,NONE,NONE,RESULT_MODEL_REQUIRES_DERIVED_CALCULATION,NOT_APPLICABLE,SIN_CAMBIO,NOT_APPLICABLE,yes,NOT_NEW_IDENTITY,RESULT_COMPONENT_OR_DERIVED_OR_COLLECTION_FACT,DO_NOT_SEED
56,Urinary supersaturation calcium phosphate,https://www.mayocliniclabs.com/test-catalog/Overview/616180,urine,NOT_CANONICAL,,NOT_CANONICAL,CALCULATED_OR_DERIVED_RESULT,NO_DISPOSITION_CHANGE,NOT_CANONICAL_ORDERABLE,NONE,no,,,NO_NEW_IDENTITY,FIXED:URINE,NONE,NONE,RESULT_MODEL_REQUIRES_DERIVED_CALCULATION,NOT_APPLICABLE,SIN_CAMBIO,NOT_APPLICABLE,yes,NOT_NEW_IDENTITY,RESULT_COMPONENT_OR_DERIVED_OR_COLLECTION_FACT,DO_NOT_SEED
57,Urinary supersaturation uric acid,https://www.mayocliniclabs.com/test-catalog/Overview/616180,urine,NOT_CANONICAL,,NOT_CANONICAL,CALCULATED_OR_DERIVED_RESULT,NO_DISPOSITION_CHANGE,NOT_CANONICAL_ORDERABLE,NONE,no,,,NO_NEW_IDENTITY,FIXED:URINE,NONE,NONE,RESULT_MODEL_REQUIRES_DERIVED_CALCULATION,NOT_APPLICABLE,SIN_CAMBIO,NOT_APPLICABLE,yes,NOT_NEW_IDENTITY,RESULT_COMPONENT_OR_DERIVED_OR_COLLECTION_FACT,DO_NOT_SEED
58,Stone-risk supersaturation profile random,https://www.mayocliniclabs.com/test-catalog/Overview/616375,urine,MISSING_CANONICAL,,MISSING_CANONICAL,CANONICAL_ORDERABLE_PANEL,NO_DISPOSITION_CHANGE,NOW_SAFE_CANONICAL_PANEL,PANEL,yes,urine_stone_supersaturation_spot,Perfil de sobresaturación urinaria en muestra aislada,LABORATORIO,FIXED:URINE,SPOT,NONE,RESULT_MODEL_SUFFICIENT_UNSTRUCTURED,CLINICAL_LAB,Orina y otros fluidos,P2_COMMON_SPECIALTY,moderate,MODERATE_PANEL_COMPOSITION,PANEL_COMPOSITION_AND_PROVIDER_MAPPING_PENDING,EXTENDED_LATER
59,Stone-risk supersaturation profile 24 h,https://www.mayocliniclabs.com/test-catalog/Overview/616180,urine,MISSING_CANONICAL,,MISSING_CANONICAL,CANONICAL_ORDERABLE_PANEL,TIMED_COLLECTION_V1,SAFE_WITH_TIMED_COLLECTION_V1,PANEL,yes,urine_stone_supersaturation_24h,Perfil de sobresaturación urinaria de 24 horas,LABORATORIO,FIXED:URINE,TIMED:1440_MIN_REQUESTED,NONE,RESULT_MODEL_REQUIRES_OPERATIONAL_COLLECTION_DATA,CLINICAL_LAB,Orina y otros fluidos,P2_COMMON_SPECIALTY,yes,MODERATE_PANEL_COMPOSITION,PANEL_COMPOSITION_AND_PROVIDER_MAPPING_PENDING; ACTUAL_URINE_VOLUME_REQUIRED_FOR_DERIVED_RESULTS,EXTENDED_LATER
60,Urine cystine,https://www.mayocliniclabs.com/test-catalog/Overview/616375,urine,MISSING_CANONICAL,,MISSING_CANONICAL,CANONICAL_ORDERABLE_TEST,NO_DISPOSITION_CHANGE,UNCERTAIN,NONE,no,,,NO_NEW_IDENTITY,FIXED:URINE,NONE,NONE,NOT_APPLICABLE,NOT_APPLICABLE,SIN_CAMBIO,NOT_APPLICABLE,moderate,PENDING,INDEPENDENT_IDENTITY_OR_SOURCE_UNVERIFIED,EVIDENCE_REQUIRED
61,Urine citrate spot,https://www.mayocliniclabs.com/test-catalog/Overview/616375,urine,NOT_CANONICAL,,NOT_CANONICAL,RESULT_COMPONENT_NOT_ORDERABLE_ALONE,NO_DISPOSITION_CHANGE,NOT_CANONICAL_ORDERABLE,NONE,no,,,NO_NEW_IDENTITY,FIXED:URINE,NONE,NONE,RESULT_MODEL_REQUIRES_COMPONENTS,NOT_APPLICABLE,SIN_CAMBIO,NOT_APPLICABLE,moderate,NOT_NEW_IDENTITY,RESULT_COMPONENT_OR_DERIVED_OR_COLLECTION_FACT,DO_NOT_SEED
62,Urine oxalate spot,https://www.mayocliniclabs.com/test-catalog/Overview/616375,urine,NOT_CANONICAL,,NOT_CANONICAL,RESULT_COMPONENT_NOT_ORDERABLE_ALONE,NO_DISPOSITION_CHANGE,NOT_CANONICAL_ORDERABLE,NONE,no,,,NO_NEW_IDENTITY,FIXED:URINE,NONE,NONE,RESULT_MODEL_REQUIRES_COMPONENTS,NOT_APPLICABLE,SIN_CAMBIO,NOT_APPLICABLE,moderate,NOT_NEW_IDENTITY,RESULT_COMPONENT_OR_DERIVED_OR_COLLECTION_FACT,DO_NOT_SEED
63,Urine free cortisol,https://www.mayocliniclabs.com/test-catalog/overview/8546,urine,MISSING_CANONICAL,,MISSING_CANONICAL,CANONICAL_ORDERABLE_TEST,TIMED_COLLECTION_V1,SAFE_WITH_TIMED_COLLECTION_V1,TEST,yes,urine_free_cortisol,Cortisol libre urinario,ENDOCRINOLOGIA,FIXED:URINE,TIMED:1440_MIN_REQUESTED,NONE,RESULT_MODEL_REQUIRES_OPERATIONAL_COLLECTION_DATA,CLINICAL_LAB,Endocrinología,P2_COMMON_SPECIALTY,moderate,LOW,ACTUAL_URINE_VOLUME_MAY_BE_REQUIRED_BY_PERFORMING_LAB; ORDER_CAN_BE_REQUESTED,EXTENDED_LATER
64,Urine fractionated metanephrines,https://www.mayocliniclabs.com/test-catalog/overview/83006,urine,MISSING_CANONICAL,,MISSING_CANONICAL,CANONICAL_ORDERABLE_TEST,TIMED_COLLECTION_V1,SAFE_WITH_TIMED_COLLECTION_V1,TEST,yes,urine_fractionated_metanephrines,Metanefrinas fraccionadas urinarias,ENDOCRINOLOGIA,FIXED:URINE,TIMED:1440_MIN_REQUESTED,NONE,RESULT_MODEL_REQUIRES_OPERATIONAL_COLLECTION_DATA,CLINICAL_LAB,Endocrinología,P2_COMMON_SPECIALTY,moderate,LOW,ACTUAL_URINE_VOLUME_MAY_BE_REQUIRED_BY_PERFORMING_LAB; ORDER_CAN_BE_REQUESTED,EXTENDED_LATER
65,Urine catecholamines,https://www.mayocliniclabs.com/test-catalog/Overview/9276,urine,MISSING_CANONICAL,,MISSING_CANONICAL,CANONICAL_ORDERABLE_TEST,TIMED_COLLECTION_V1,SAFE_WITH_TIMED_COLLECTION_V1,TEST,yes,urine_catecholamines,Catecolaminas urinarias,ENDOCRINOLOGIA,FIXED:URINE,TIMED:1440_MIN_REQUESTED,NONE,RESULT_MODEL_REQUIRES_OPERATIONAL_COLLECTION_DATA,CLINICAL_LAB,Endocrinología,P2_COMMON_SPECIALTY,moderate,LOW,ACTUAL_URINE_VOLUME_MAY_BE_REQUIRED_BY_PERFORMING_LAB; ORDER_CAN_BE_REQUESTED,EXTENDED_LATER
66,Urine 5-HIAA,https://www.mayocliniclabs.com/test-catalog/overview/9248,urine,MISSING_CANONICAL,,MISSING_CANONICAL,CANONICAL_ORDERABLE_TEST,TIMED_COLLECTION_V1,SAFE_WITH_TIMED_COLLECTION_V1,TEST,yes,urine_5hiaa,Ácido 5-hidroxiindolacético urinario,ENDOCRINOLOGIA,FIXED:URINE,TIMED:1440_MIN_REQUESTED,NONE,RESULT_MODEL_REQUIRES_OPERATIONAL_COLLECTION_DATA,CLINICAL_LAB,Endocrinología,P2_COMMON_SPECIALTY,moderate,LOW,ACTUAL_URINE_VOLUME_MAY_BE_REQUIRED_BY_PERFORMING_LAB; ORDER_CAN_BE_REQUESTED,EXTENDED_LATER
67,Urine VMA,https://www.mayocliniclabs.com/test-catalog/overview/83006,urine,UNCERTAIN,,UNCERTAIN,UNCERTAIN,NO_DISPOSITION_CHANGE,UNCERTAIN,NONE,no,,,NO_NEW_IDENTITY,FIXED:URINE,NONE,NONE,NOT_APPLICABLE,NOT_APPLICABLE,SIN_CAMBIO,NOT_APPLICABLE,moderate,PENDING,INDEPENDENT_IDENTITY_OR_SOURCE_UNVERIFIED,EVIDENCE_REQUIRED
68,Urine aldosterone,https://www.mayocliniclabs.com/test-catalog/overview/83006,urine,UNCERTAIN,,UNCERTAIN,UNCERTAIN,NO_DISPOSITION_CHANGE,UNCERTAIN,NONE,no,,,NO_NEW_IDENTITY,FIXED:URINE,NONE,NONE,NOT_APPLICABLE,NOT_APPLICABLE,SIN_CAMBIO,NOT_APPLICABLE,moderate,PENDING,INDEPENDENT_IDENTITY_OR_SOURCE_UNVERIFIED,EVIDENCE_REQUIRED
69,Urine porphyrins,https://www.mayocliniclabs.com/test-catalog/Overview/8562,urine,MISSING_CANONICAL,,MISSING_CANONICAL,ADVANCED_SPECIALTY,TIMED_COLLECTION_V1,SAFE_WITH_TIMED_COLLECTION_V1,TEST,yes,urine_porphyrins,Porfirinas urinarias,LABORATORIO,FIXED:URINE,TIMED:1440_MIN_REQUESTED,NONE,RESULT_MODEL_REQUIRES_OPERATIONAL_COLLECTION_DATA,CLINICAL_LAB,Orina y otros fluidos,P3_ADVANCED_REFERENCE,moderate,LOW,ACTUAL_URINE_VOLUME_MAY_BE_REQUIRED_BY_PERFORMING_LAB; ORDER_CAN_BE_REQUESTED,EXTENDED_LATER
70,Urine porphobilinogen,https://www.mayocliniclabs.com/test-catalog/Overview/82068,urine,MISSING_CANONICAL,,MISSING_CANONICAL,ADVANCED_SPECIALTY,TIMED_COLLECTION_V1,SAFE_WITH_TIMED_COLLECTION_V1,TEST,yes,urine_porphobilinogen,Porfobilinógeno urinario,LABORATORIO,FIXED:URINE,TIMED:1440_MIN_REQUESTED,NONE,RESULT_MODEL_REQUIRES_OPERATIONAL_COLLECTION_DATA,CLINICAL_LAB,Orina y otros fluidos,P3_ADVANCED_REFERENCE,moderate,LOW,ACTUAL_URINE_VOLUME_MAY_BE_REQUIRED_BY_PERFORMING_LAB; ORDER_CAN_BE_REQUESTED,EXTENDED_LATER
71,Urine copper,https://www.mayocliniclabs.com/specimen/collection-and-preparation,urine,UNCERTAIN,,UNCERTAIN,UNCERTAIN,NO_DISPOSITION_CHANGE,UNCERTAIN,NONE,no,,,NO_NEW_IDENTITY,FIXED:URINE,NONE,NONE,NOT_APPLICABLE,NOT_APPLICABLE,SIN_CAMBIO,NOT_APPLICABLE,moderate,PENDING,INDEPENDENT_IDENTITY_OR_SOURCE_UNVERIFIED,EVIDENCE_REQUIRED
72,Urine iodine,https://www.mayocliniclabs.com/specimen/collection-and-preparation,urine,UNCERTAIN,,UNCERTAIN,UNCERTAIN,NO_DISPOSITION_CHANGE,UNCERTAIN,NONE,no,,,NO_NEW_IDENTITY,FIXED:URINE,NONE,NONE,NOT_APPLICABLE,NOT_APPLICABLE,SIN_CAMBIO,NOT_APPLICABLE,moderate,PENDING,INDEPENDENT_IDENTITY_OR_SOURCE_UNVERIFIED,EVIDENCE_REQUIRED
73,Urine protein electrophoresis,https://www.mayocliniclabs.com/test-catalog/overview/616911,urine,MISSING_CANONICAL,,MISSING_CANONICAL,CANONICAL_ORDERABLE_PANEL,TIMED_COLLECTION_V1,SAFE_WITH_TIMED_COLLECTION_V1,PANEL,yes,urine_monoclonal_protein_profile,Perfil de proteínas monoclonales urinarias,HEMATOLOGIA,FIXED:URINE,TIMED:1440_MIN_REQUESTED,NONE,RESULT_MODEL_REQUIRES_OPERATIONAL_COLLECTION_DATA,CLINICAL_LAB,Orina y otros fluidos,P3_ADVANCED_REFERENCE,moderate,LOW,ACTUAL_URINE_VOLUME_MAY_BE_REQUIRED_BY_PERFORMING_LAB; ORDER_CAN_BE_REQUESTED,EXTENDED_LATER
74,Urine immunofixation,https://www.mayocliniclabs.com/test-catalog/overview/616911,urine,MISSING_CANONICAL,,MISSING_CANONICAL,CANONICAL_ORDERABLE_PANEL,TIMED_COLLECTION_V1,UNCERTAIN,NONE,no,,,HEMATOLOGIA,FIXED:URINE,TIMED:1440_MIN_REQUESTED,NONE,NOT_APPLICABLE,NOT_APPLICABLE,SIN_CAMBIO,NOT_APPLICABLE,moderate,PENDING,SOURCE_PROFILE_ALIAS; SEPARATE_ORDER_IDENTITY_UNVERIFIED,EVIDENCE_REQUIRED
75,Urine free light chains,https://www.mayocliniclabs.com/test-catalog/overview/616911,urine,MISSING_CANONICAL,,MISSING_CANONICAL,CANONICAL_ORDERABLE_PANEL,NO_DISPOSITION_CHANGE,UNCERTAIN,NONE,no,,,NO_NEW_IDENTITY,FIXED:URINE,NONE,NONE,NOT_APPLICABLE,NOT_APPLICABLE,SIN_CAMBIO,NOT_APPLICABLE,moderate,PENDING,INDEPENDENT_IDENTITY_OR_SOURCE_UNVERIFIED,EVIDENCE_REQUIRED
76,Urine drug screen,https://www.mayocliniclabs.com/specimen/collection-and-preparation,urine,MISSING_CANONICAL,,MISSING_CANONICAL,CANONICAL_ORDERABLE_PANEL,NO_DISPOSITION_CHANGE,UNCERTAIN,NONE,no,,,NO_NEW_IDENTITY,FIXED:URINE,NONE,NONE,NOT_APPLICABLE,NOT_APPLICABLE,SIN_CAMBIO,NOT_APPLICABLE,moderate,PENDING,INDEPENDENT_IDENTITY_OR_SOURCE_UNVERIFIED,EVIDENCE_REQUIRED
77,Urine pregnancy qualitative hCG,https://www.labcorp.com/tests/004036/pregnancy-test-urine,urine,EXACT_EXISTING_CAT03A,urine_pregnancy_qualitative,MISSING_CANONICAL,CANONICAL_ORDERABLE_TEST,NO_DISPOSITION_CHANGE,ALREADY_CANONICAL,NONE,no,,,NO_NEW_IDENTITY,FIXED:URINE,NONE,NONE,NOT_APPLICABLE,NOT_APPLICABLE,SIN_CAMBIO,NOT_APPLICABLE,no,NOT_NEW_IDENTITY,ALREADY_IMPLEMENTED,PRESERVE_EXISTING
78,Urine culture susceptibility,https://www.mayocliniclabs.com/test-catalog/Overview/60515,urine,NOT_CANONICAL,urine_culture,NOT_CANONICAL,RESULT_COMPONENT_NOT_ORDERABLE_ALONE,NO_DISPOSITION_CHANGE,NOT_CANONICAL_ORDERABLE,NONE,no,,,NO_NEW_IDENTITY,FIXED:URINE,NONE,NONE,RESULT_MODEL_REQUIRES_COMPONENTS,NOT_APPLICABLE,SIN_CAMBIO,NOT_APPLICABLE,yes,NOT_NEW_IDENTITY,RESULT_COMPONENT_OR_DERIVED_OR_COLLECTION_FACT,DO_NOT_SEED
79,Urine Gram stain,https://www.mayocliniclabs.com/test-catalog/Overview/60515,urine,MISSING_CANONICAL,,MISSING_CANONICAL,MICROBIOLOGY_ORDERABLE,NO_DISPOSITION_CHANGE,STILL_BLOCKED_PROVIDER_WORKFLOW,NONE,no,,,NO_NEW_IDENTITY,FIXED:URINE,NONE,NONE,NOT_APPLICABLE,NOT_APPLICABLE,SIN_CAMBIO,NOT_APPLICABLE,moderate,PENDING,SPECIMEN_V1_GAP_OR_PROVIDER_PREANALYTICS,DEFER_CONTRACT_OR_PROVIDER_RULE
80,Urine CT/NG NAAT,https://www.mayocliniclabs.com/test-catalog/overview/61553,urine,MISSING_CANONICAL,,MISSING_CANONICAL,MOLECULAR_ORDERABLE,NO_DISPOSITION_CHANGE,SAFE_WITH_SPECIMEN_REQUIREMENTS_V1,TEST,yes,urine_ct_ng_naat,Amplificación molecular de clamidia y gonorrea en orina,MOLECULAR_INFECCIOSA,FIXED:URINE,NONE,NONE,RESULT_MODEL_SUFFICIENT_EXISTING,GENETICS_MOLECULAR,Molecular e infecciosas,P2_COMMON_SPECIALTY,moderate,LOW,NONE,EXTENDED_LATER
81,Urine UTI multiplex molecular panel,https://www.mayocliniclabs.com/specimen/collection-and-preparation,urine,UNCERTAIN,,UNCERTAIN,UNCERTAIN,NO_DISPOSITION_CHANGE,STILL_BLOCKED_MOLECULAR_MODEL,NONE,no,,,NO_NEW_IDENTITY,FIXED:URINE,NONE,NONE,NOT_APPLICABLE,NOT_APPLICABLE,SIN_CAMBIO,NOT_APPLICABLE,moderate,PENDING,MOLECULAR_PANEL_IDENTITY_UNVERIFIED,DEFER_METHOD_DEFINITION
82,CSF glucose,https://prd1.mayocliniclabs.com/test-catalog/overview/152,CSF,EXACT_EXISTING_CAT03A,csf_glucose,MISSING_CANONICAL,CANONICAL_ORDERABLE_TEST,NO_DISPOSITION_CHANGE,ALREADY_CANONICAL,NONE,no,,,NO_NEW_IDENTITY,FIXED:CSF,NONE,NONE,NOT_APPLICABLE,NOT_APPLICABLE,SIN_CAMBIO,NOT_APPLICABLE,no,NOT_NEW_IDENTITY,ALREADY_IMPLEMENTED,PRESERVE_EXISTING
83,CSF total protein,https://www.mayocliniclabs.com/test-catalog/overview/872,CSF,EXACT_EXISTING_CAT03A,csf_total_protein,MISSING_CANONICAL,CANONICAL_ORDERABLE_TEST,NO_DISPOSITION_CHANGE,ALREADY_CANONICAL,NONE,no,,,NO_NEW_IDENTITY,FIXED:CSF,NONE,NONE,NOT_APPLICABLE,NOT_APPLICABLE,SIN_CAMBIO,NOT_APPLICABLE,no,NOT_NEW_IDENTITY,ALREADY_IMPLEMENTED,PRESERVE_EXISTING
84,CSF lactate,https://www.mayocliniclabs.com/test-catalog/Overview/601821,CSF,MISSING_CANONICAL,,MISSING_CANONICAL,CANONICAL_ORDERABLE_TEST,NO_DISPOSITION_CHANGE,NOW_SAFE_CANONICAL_TEST,TEST,yes,csf_lactate,Lactato en LCR,LABORATORIO,FIXED:CSF,NONE,NONE,RESULT_MODEL_SUFFICIENT_EXISTING,CLINICAL_LAB,Orina y otros fluidos,P2_COMMON_SPECIALTY,moderate,LOW,NONE,MINIMUM_CAT03C
85,CSF chloride,https://www.mayocliniclabs.com/test-catalog/Overview/622764,CSF,UNCERTAIN,,UNCERTAIN,UNCERTAIN,NO_DISPOSITION_CHANGE,UNCERTAIN,NONE,no,,,NO_NEW_IDENTITY,FIXED:CSF,NONE,NONE,NOT_APPLICABLE,NOT_APPLICABLE,SIN_CAMBIO,NOT_APPLICABLE,moderate,PENDING,INDEPENDENT_IDENTITY_OR_SOURCE_UNVERIFIED,EVIDENCE_REQUIRED
86,CSF oligoclonal bands with paired serum,https://www.mayocliniclabs.com/test-catalog/Overview/8017,CSF,MISSING_CANONICAL,,MISSING_CANONICAL,CANONICAL_ORDERABLE_PANEL,PAIRED_SPECIMEN_V1,SAFE_WITH_PAIRED_SPECIMEN_V1,PANEL,yes,csf_oligoclonal_bands,Bandas oligoclonales en LCR y suero,LABORATORIO,FIXED:CSF;PAIRED:SERUM,NONE,SERUM:SAME_COLLECTION_EPISODE; PERFORMING_LAB_WINDOW<=7_DAYS_NOT_ENFORCED_BY_V1,RESULT_MODEL_SUFFICIENT_UNSTRUCTURED,CLINICAL_LAB,Orina y otros fluidos,P2_COMMON_SPECIALTY,moderate,LOW,NONE,MINIMUM_CAT03C
87,CSF IgG index with paired serum,https://www.mayocliniclabs.com/test-catalog/Overview/610783,CSF,MISSING_CANONICAL,,MISSING_CANONICAL,CANONICAL_ORDERABLE_PANEL,PAIRED_SPECIMEN_V1,SAFE_WITH_PAIRED_SPECIMEN_V1,PANEL,yes,csf_igg_index_profile,Perfil de índice IgG en LCR y suero,LABORATORIO,FIXED:CSF;PAIRED:SERUM,NONE,SERUM:SAME_COLLECTION_EPISODE; PERFORMING_LAB_WINDOW<=7_DAYS_NOT_ENFORCED_BY_V1,RESULT_MODEL_SUFFICIENT_UNSTRUCTURED,CLINICAL_LAB,Orina y otros fluidos,P2_COMMON_SPECIALTY,moderate,LOW,NONE,EXTENDED_LATER
88,CSF Gram stain,https://www.mayocliniclabs.com/test-catalog/Overview/622764,CSF,MISSING_CANONICAL,,MISSING_CANONICAL,MICROBIOLOGY_ORDERABLE,NO_DISPOSITION_CHANGE,STILL_BLOCKED_MICROBIOLOGY_MODEL,NONE,no,,,MICROBIOLOGIA,FIXED:CSF,NONE,NONE,NOT_APPLICABLE,NOT_APPLICABLE,Microbiología,NOT_APPLICABLE,moderate,PENDING,SPECIMEN_V1_GAP_OR_PROVIDER_PREANALYTICS,DEFER_CONTRACT_OR_PROVIDER_RULE
89,CSF bacterial culture,https://mlabs.umich.edu/tests/aerobic-culture-csf,CSF,MISSING_CANONICAL,,MISSING_CANONICAL,MICROBIOLOGY_ORDERABLE,NO_DISPOSITION_CHANGE,NOW_SAFE_CANONICAL_TEST,TEST,yes,csf_bacterial_culture,Cultivo bacteriano de LCR,MICROBIOLOGIA,FIXED:CSF,NONE,NONE,RESULT_MODEL_SUFFICIENT_UNSTRUCTURED,CLINICAL_LAB,Microbiología,P3_ADVANCED_REFERENCE,moderate,LOW,NONE,EXTENDED_LATER
90,CSF cryptococcal antigen,https://www.mayocliniclabs.com/test-catalog/overview/62703,CSF,MISSING_CANONICAL,,MISSING_CANONICAL,MICROBIOLOGY_ORDERABLE,NO_DISPOSITION_CHANGE,NOW_SAFE_CANONICAL_TEST,TEST,yes,csf_cryptococcal_antigen,Antígeno criptocócico en LCR,MICROBIOLOGIA,FIXED:CSF,NONE,NONE,RESULT_MODEL_SUFFICIENT_UNSTRUCTURED,CLINICAL_LAB,Microbiología,P2_COMMON_SPECIALTY,moderate,LOW,NONE,MINIMUM_CAT03C
91,CSF VDRL,https://www.mayocliniclabs.com/test-catalog/overview/9028,CSF,MISSING_CANONICAL,,MISSING_CANONICAL,MICROBIOLOGY_ORDERABLE,NO_DISPOSITION_CHANGE,NOW_SAFE_CANONICAL_TEST,TEST,yes,csf_vdrl,VDRL en LCR,MICROBIOLOGIA,FIXED:CSF,NONE,NONE,RESULT_MODEL_SUFFICIENT_UNSTRUCTURED,CLINICAL_LAB,Microbiología,P2_COMMON_SPECIALTY,moderate,LOW,NONE,MINIMUM_CAT03C
92,CSF fungal culture,https://www.mayocliniclabs.com/test-catalog/Overview/622764,CSF,MISSING_CANONICAL,,MISSING_CANONICAL,MICROBIOLOGY_ORDERABLE,NO_DISPOSITION_CHANGE,STILL_BLOCKED_MICROBIOLOGY_MODEL,NONE,no,,,MICROBIOLOGIA,FIXED:CSF,NONE,NONE,NOT_APPLICABLE,NOT_APPLICABLE,Microbiología,NOT_APPLICABLE,moderate,PENDING,SPECIMEN_V1_GAP_OR_PROVIDER_PREANALYTICS,DEFER_CONTRACT_OR_PROVIDER_RULE
93,CSF TB PCR/culture,https://www.mayocliniclabs.com/test-catalog/Overview/622764,CSF,MISSING_CANONICAL,,MISSING_CANONICAL,MOLECULAR_ORDERABLE,NO_DISPOSITION_CHANGE,STILL_BLOCKED_MICROBIOLOGY_MODEL,NONE,no,,,MICROBIOLOGIA,FIXED:CSF,NONE,NONE,NOT_APPLICABLE,NOT_APPLICABLE,Microbiología,NOT_APPLICABLE,moderate,PENDING,SPECIMEN_V1_GAP_OR_PROVIDER_PREANALYTICS,DEFER_CONTRACT_OR_PROVIDER_RULE
94,CSF meningitis/encephalitis PCR panel,https://www.mayocliniclabs.com/test-catalog/Overview/67846,CSF,MISSING_CANONICAL,,MISSING_CANONICAL,CANONICAL_ORDERABLE_PANEL,NO_DISPOSITION_CHANGE,NOW_SAFE_CANONICAL_PANEL,PANEL,yes,csf_meningitis_encephalitis_panel,Panel molecular de meningitis/encefalitis en LCR,MOLECULAR_INFECCIOSA,FIXED:CSF,NONE,NONE,RESULT_MODEL_SUFFICIENT_UNSTRUCTURED,GENETICS_MOLECULAR,Molecular e infecciosas,P2_COMMON_SPECIALTY,moderate,LOW,NONE,MINIMUM_CAT03C
95,CSF cytology,https://mlabs.umich.edu/tests/cerebrospinal-fluid-cytology,CSF,MISSING_CANONICAL,,MISSING_CANONICAL,PATHOLOGY_CYTOLOGY_ORDERABLE,NO_DISPOSITION_CHANGE,NOW_SAFE_CANONICAL_TEST,TEST,yes,csf_cytology,Citología de LCR,PATOLOGIA_CITOLOGIA,FIXED:CSF,NONE,NONE,RESULT_MODEL_SUFFICIENT_UNSTRUCTURED,PATHOLOGY_CYTOLOGY,Patología y biopsias; descubrimiento secundario en LCR,P2_COMMON_SPECIALTY,moderate,LOW,NONE,MINIMUM_CAT03C
96,CSF flow cytometry,https://www.mayocliniclabs.com/test-catalog/Overview/3287,CSF,MISSING_CANONICAL,,MISSING_CANONICAL,PATHOLOGY_CYTOLOGY_ORDERABLE,NO_DISPOSITION_CHANGE,STILL_BLOCKED_PROVIDER_WORKFLOW,NONE,no,,,NO_NEW_IDENTITY,FIXED:CSF,NONE,NONE,NOT_APPLICABLE,NOT_APPLICABLE,SIN_CAMBIO,NOT_APPLICABLE,moderate,PENDING,FLOW_REQUIRES_CLINICAL_HISTORY_AND_CSF_CELL_COUNT; PROVIDER_RULE_MISSING,DEFER_CONTRACT_OR_PROVIDER_RULE
97,CSF neutrophil differential,https://mlabs.umich.edu/tests/body-fluid-analysis-csf,CSF,NOT_CANONICAL,csf_cell_count,NOT_CANONICAL,RESULT_COMPONENT_NOT_ORDERABLE_ALONE,NO_DISPOSITION_CHANGE,NOT_CANONICAL_ORDERABLE,NONE,no,,,NO_NEW_IDENTITY,FIXED:CSF,NONE,NONE,RESULT_MODEL_REQUIRES_COMPONENTS,NOT_APPLICABLE,SIN_CAMBIO,NOT_APPLICABLE,yes,NOT_NEW_IDENTITY,RESULT_COMPONENT_OR_DERIVED_OR_COLLECTION_FACT,DO_NOT_SEED
98,CSF lymphocyte differential,https://mlabs.umich.edu/tests/body-fluid-analysis-csf,CSF,NOT_CANONICAL,csf_cell_count,NOT_CANONICAL,RESULT_COMPONENT_NOT_ORDERABLE_ALONE,NO_DISPOSITION_CHANGE,NOT_CANONICAL_ORDERABLE,NONE,no,,,NO_NEW_IDENTITY,FIXED:CSF,NONE,NONE,RESULT_MODEL_REQUIRES_COMPONENTS,NOT_APPLICABLE,SIN_CAMBIO,NOT_APPLICABLE,yes,NOT_NEW_IDENTITY,RESULT_COMPONENT_OR_DERIVED_OR_COLLECTION_FACT,DO_NOT_SEED
99,CSF IgG index calculated,https://www.mayocliniclabs.com/test-catalog/Overview/8017,CSF + serum,NOT_CANONICAL,,NOT_CANONICAL,CALCULATED_OR_DERIVED_RESULT,NO_DISPOSITION_CHANGE,NOT_CANONICAL_ORDERABLE,NONE,no,,,NO_NEW_IDENTITY,FIXED:CSF,NONE,NONE,RESULT_MODEL_REQUIRES_DERIVED_CALCULATION,NOT_APPLICABLE,SIN_CAMBIO,NOT_APPLICABLE,yes,NOT_NEW_IDENTITY,RESULT_COMPONENT_OR_DERIVED_OR_COLLECTION_FACT,DO_NOT_SEED
100,CSF IgG concentration,https://www.mayocliniclabs.com/test-catalog/Overview/610783,CSF,NOT_CANONICAL,,NOT_CANONICAL,RESULT_COMPONENT_NOT_ORDERABLE_ALONE,NO_DISPOSITION_CHANGE,NOT_CANONICAL_ORDERABLE,NONE,no,,,NO_NEW_IDENTITY,FIXED:CSF,NONE,NONE,RESULT_MODEL_REQUIRES_COMPONENTS,NOT_APPLICABLE,SIN_CAMBIO,NOT_APPLICABLE,yes,NOT_NEW_IDENTITY,RESULT_COMPONENT_OR_DERIVED_OR_COLLECTION_FACT,DO_NOT_SEED
101,CSF albumin concentration,https://www.mayocliniclabs.com/test-catalog/Overview/610783,CSF,NOT_CANONICAL,,NOT_CANONICAL,RESULT_COMPONENT_NOT_ORDERABLE_ALONE,NO_DISPOSITION_CHANGE,NOT_CANONICAL_ORDERABLE,NONE,no,,,NO_NEW_IDENTITY,FIXED:CSF,NONE,NONE,RESULT_MODEL_REQUIRES_COMPONENTS,NOT_APPLICABLE,SIN_CAMBIO,NOT_APPLICABLE,yes,NOT_NEW_IDENTITY,RESULT_COMPONENT_OR_DERIVED_OR_COLLECTION_FACT,DO_NOT_SEED
102,CSF albumin quotient,https://www.mayocliniclabs.com/test-catalog/Overview/610783,CSF + serum,NOT_CANONICAL,,NOT_CANONICAL,CALCULATED_OR_DERIVED_RESULT,NO_DISPOSITION_CHANGE,NOT_CANONICAL_ORDERABLE,NONE,no,,,NO_NEW_IDENTITY,FIXED:CSF,NONE,NONE,RESULT_MODEL_REQUIRES_DERIVED_CALCULATION,NOT_APPLICABLE,SIN_CAMBIO,NOT_APPLICABLE,yes,NOT_NEW_IDENTITY,RESULT_COMPONENT_OR_DERIVED_OR_COLLECTION_FACT,DO_NOT_SEED
103,Pleural fluid cell count and differential,https://www.mayocliniclabs.com/test-catalog/overview/608873,pleural,MISSING_CANONICAL,,MISSING_CANONICAL,CANONICAL_ORDERABLE_PANEL,SPECIMEN_SELECTION_V1,SAFE_WITH_SPECIMEN_REQUIREMENTS_V1,PANEL,yes,body_fluid_cell_count,Recuento celular y diferencial en líquido corporal,LABORATORIO,"SELECT_ONE:PLEURAL_FLUID,ASCITIC_PERITONEAL_FLUID,SYNOVIAL_FLUID,PERICARDIAL_FLUID",NONE,NONE,RESULT_MODEL_SUFFICIENT_UNSTRUCTURED,CLINICAL_LAB,Orina y otros fluidos,P1_COMMON_GENERAL,yes,LOW,NONE,MINIMUM_CAT03C
104,Pleural fluid glucose,https://www.mayocliniclabs.com/test-catalog/overview/801559,pleural,MISSING_CANONICAL,,MISSING_CANONICAL,SAME_TEST_DIFFERENT_SPECIMEN,SPECIMEN_SELECTION_V1,SAFE_WITH_SPECIMEN_REQUIREMENTS_V1,TEST,yes,body_fluid_glucose,Glucosa en líquido corporal,LABORATORIO,"SELECT_ONE:PLEURAL_FLUID,ASCITIC_PERITONEAL_FLUID,SYNOVIAL_FLUID,PERICARDIAL_FLUID",NONE,NONE,RESULT_MODEL_SUFFICIENT_EXISTING,CLINICAL_LAB,Orina y otros fluidos,P1_COMMON_GENERAL,yes,LOW,NONE,MINIMUM_CAT03C
105,Pleural fluid total protein,https://www.mayocliniclabs.com/test-catalog/overview/606619,pleural,MISSING_CANONICAL,,MISSING_CANONICAL,SAME_TEST_DIFFERENT_SPECIMEN,SPECIMEN_SELECTION_V1,SAFE_WITH_SPECIMEN_REQUIREMENTS_V1,TEST,yes,body_fluid_total_protein,Proteínas totales en líquido corporal,LABORATORIO,"SELECT_ONE:PLEURAL_FLUID,ASCITIC_PERITONEAL_FLUID,SYNOVIAL_FLUID,PERICARDIAL_FLUID",NONE,NONE,RESULT_MODEL_SUFFICIENT_EXISTING,CLINICAL_LAB,Orina y otros fluidos,P1_COMMON_GENERAL,yes,LOW,NONE,MINIMUM_CAT03C
106,Pleural fluid albumin,https://www.mayocliniclabs.com/test-catalog/Overview/800507,pleural,MISSING_CANONICAL,,MISSING_CANONICAL,SAME_TEST_DIFFERENT_SPECIMEN,SPECIMEN_SELECTION_V1,SAFE_WITH_SPECIMEN_REQUIREMENTS_V1,TEST,yes,body_fluid_albumin,Albúmina en líquido corporal,LABORATORIO,"SELECT_ONE:PLEURAL_FLUID,ASCITIC_PERITONEAL_FLUID,PERICARDIAL_FLUID",NONE,NONE,RESULT_MODEL_SUFFICIENT_EXISTING,CLINICAL_LAB,Orina y otros fluidos,P1_COMMON_GENERAL,yes,LOW,NONE,MINIMUM_CAT03C
107,Pleural fluid LDH,https://prd1.mayocliniclabs.com/test-catalog/overview/606612,pleural,MISSING_CANONICAL,,MISSING_CANONICAL,SAME_TEST_DIFFERENT_SPECIMEN,SPECIMEN_SELECTION_V1,SAFE_WITH_SPECIMEN_REQUIREMENTS_V1,TEST,yes,body_fluid_ldh,LDH en líquido corporal,LABORATORIO,"SELECT_ONE:PLEURAL_FLUID,ASCITIC_PERITONEAL_FLUID,SYNOVIAL_FLUID",NONE,NONE,RESULT_MODEL_SUFFICIENT_EXISTING,CLINICAL_LAB,Orina y otros fluidos,P1_COMMON_GENERAL,yes,LOW,NONE,MINIMUM_CAT03C
108,Pleural fluid amylase,https://www.mayocliniclabs.com/test-catalog/overview/606595,pleural,MISSING_CANONICAL,,MISSING_CANONICAL,SAME_TEST_DIFFERENT_SPECIMEN,SPECIMEN_SELECTION_V1,SAFE_WITH_SPECIMEN_REQUIREMENTS_V1,TEST,yes,body_fluid_amylase,Amilasa en líquido corporal,LABORATORIO,"SELECT_ONE:PLEURAL_FLUID,ASCITIC_PERITONEAL_FLUID,PERICARDIAL_FLUID",NONE,NONE,RESULT_MODEL_SUFFICIENT_EXISTING,CLINICAL_LAB,Orina y otros fluidos,P2_COMMON_SPECIALTY,yes,LOW,NONE,MINIMUM_CAT03C
109,Pleural fluid triglycerides,https://www.mayocliniclabs.com/test-catalog/Overview/800539,pleural,MISSING_CANONICAL,,MISSING_CANONICAL,SAME_TEST_DIFFERENT_SPECIMEN,SPECIMEN_SELECTION_V1,SAFE_WITH_SPECIMEN_REQUIREMENTS_V1,TEST,yes,body_fluid_triglycerides,Triglicéridos en líquido corporal,LABORATORIO,"SELECT_ONE:PLEURAL_FLUID,ASCITIC_PERITONEAL_FLUID,PERICARDIAL_FLUID",NONE,NONE,RESULT_MODEL_SUFFICIENT_EXISTING,CLINICAL_LAB,Orina y otros fluidos,P2_COMMON_SPECIALTY,yes,LOW,NONE,MINIMUM_CAT03C
110,Pleural fluid cholesterol,https://www.mayocliniclabs.com/test-catalog/overview/606915,pleural,MISSING_CANONICAL,,MISSING_CANONICAL,SAME_TEST_DIFFERENT_SPECIMEN,SPECIMEN_SELECTION_V1,SAFE_WITH_SPECIMEN_REQUIREMENTS_V1,TEST,yes,body_fluid_cholesterol,Colesterol en líquido corporal,LABORATORIO,"SELECT_ONE:PLEURAL_FLUID,ASCITIC_PERITONEAL_FLUID,PERICARDIAL_FLUID",NONE,NONE,RESULT_MODEL_SUFFICIENT_EXISTING,CLINICAL_LAB,Orina y otros fluidos,P2_COMMON_SPECIALTY,yes,LOW,NONE,MINIMUM_CAT03C
111,Pleural fluid Gram stain,https://mlabs.umich.edu/tests/gram-stain-smear,pleural,MISSING_CANONICAL,,MISSING_CANONICAL,MICROBIOLOGY_ORDERABLE,SPECIMEN_SELECTION_V1,SAFE_WITH_SPECIMEN_REQUIREMENTS_V1,TEST,yes,sterile_body_fluid_gram_only,Tinción de Gram sola en líquido estéril,MICROBIOLOGIA,"SELECT_ONE:PLEURAL_FLUID,ASCITIC_PERITONEAL_FLUID,PERICARDIAL_FLUID,SYNOVIAL_FLUID",NONE,NONE,RESULT_MODEL_SUFFICIENT_UNSTRUCTURED,CLINICAL_LAB,Microbiología,P3_ADVANCED_REFERENCE,yes,LOW,NONE,EXTENDED_LATER
112,Pleural fluid bacterial culture,https://mlabs.umich.edu/tests/aerobic-culture-sterile-body-fluid,pleural,MISSING_CANONICAL,,MISSING_CANONICAL,MICROBIOLOGY_ORDERABLE,SPECIMEN_SELECTION_V1,SAFE_WITH_SPECIMEN_REQUIREMENTS_V1,TEST,yes,sterile_body_fluid_bacterial_culture,Cultivo bacteriano de líquido estéril,MICROBIOLOGIA,"SELECT_ONE:PLEURAL_FLUID,ASCITIC_PERITONEAL_FLUID,PERICARDIAL_FLUID,SYNOVIAL_FLUID",NONE,NONE,RESULT_MODEL_SUFFICIENT_UNSTRUCTURED,CLINICAL_LAB,Microbiología,P1_COMMON_GENERAL,yes,LOW,NONE,MINIMUM_CAT03C
113,Pleural fluid cytology,https://mlabs.umich.edu/tests/serous-fluids-cytology,pleural,MISSING_CANONICAL,,MISSING_CANONICAL,PATHOLOGY_CYTOLOGY_ORDERABLE,SPECIMEN_SELECTION_V1,SAFE_WITH_SPECIMEN_REQUIREMENTS_V1,TEST,yes,serous_fluid_cytology,Citología de líquido seroso,PATOLOGIA_CITOLOGIA,"SELECT_ONE:PLEURAL_FLUID,ASCITIC_PERITONEAL_FLUID,PERICARDIAL_FLUID",NONE,NONE,RESULT_MODEL_SUFFICIENT_UNSTRUCTURED,PATHOLOGY_CYTOLOGY,Patología y biopsias,P2_COMMON_SPECIALTY,yes,LOW,NONE,MINIMUM_CAT03C
114,Ascitic/peritoneal fluid cell count and differential,https://www.mayocliniclabs.com/test-catalog/overview/608873,peritoneal,MISSING_CANONICAL,,MISSING_CANONICAL,CANONICAL_ORDERABLE_PANEL,SPECIMEN_SELECTION_V1,SAFE_WITH_SPECIMEN_REQUIREMENTS_V1,PANEL,yes,body_fluid_cell_count,Recuento celular y diferencial en líquido corporal,LABORATORIO,"SELECT_ONE:PLEURAL_FLUID,ASCITIC_PERITONEAL_FLUID,SYNOVIAL_FLUID,PERICARDIAL_FLUID",NONE,NONE,RESULT_MODEL_SUFFICIENT_UNSTRUCTURED,CLINICAL_LAB,Orina y otros fluidos,P1_COMMON_GENERAL,yes,LOW,NONE,MINIMUM_CAT03C
115,Ascitic/peritoneal fluid glucose,https://www.mayocliniclabs.com/test-catalog/overview/801559,peritoneal,MISSING_CANONICAL,,MISSING_CANONICAL,SAME_TEST_DIFFERENT_SPECIMEN,SPECIMEN_SELECTION_V1,SAFE_WITH_SPECIMEN_REQUIREMENTS_V1,TEST,yes,body_fluid_glucose,Glucosa en líquido corporal,LABORATORIO,"SELECT_ONE:PLEURAL_FLUID,ASCITIC_PERITONEAL_FLUID,SYNOVIAL_FLUID,PERICARDIAL_FLUID",NONE,NONE,RESULT_MODEL_SUFFICIENT_EXISTING,CLINICAL_LAB,Orina y otros fluidos,P1_COMMON_GENERAL,yes,LOW,NONE,MINIMUM_CAT03C
116,Ascitic/peritoneal fluid total protein,https://www.mayocliniclabs.com/test-catalog/overview/606619,peritoneal,MISSING_CANONICAL,,MISSING_CANONICAL,SAME_TEST_DIFFERENT_SPECIMEN,SPECIMEN_SELECTION_V1,SAFE_WITH_SPECIMEN_REQUIREMENTS_V1,TEST,yes,body_fluid_total_protein,Proteínas totales en líquido corporal,LABORATORIO,"SELECT_ONE:PLEURAL_FLUID,ASCITIC_PERITONEAL_FLUID,SYNOVIAL_FLUID,PERICARDIAL_FLUID",NONE,NONE,RESULT_MODEL_SUFFICIENT_EXISTING,CLINICAL_LAB,Orina y otros fluidos,P1_COMMON_GENERAL,yes,LOW,NONE,MINIMUM_CAT03C
117,Ascitic/peritoneal fluid albumin,https://www.mayocliniclabs.com/test-catalog/Overview/800507,peritoneal,MISSING_CANONICAL,,MISSING_CANONICAL,SAME_TEST_DIFFERENT_SPECIMEN,SPECIMEN_SELECTION_V1,SAFE_WITH_SPECIMEN_REQUIREMENTS_V1,TEST,yes,body_fluid_albumin,Albúmina en líquido corporal,LABORATORIO,"SELECT_ONE:PLEURAL_FLUID,ASCITIC_PERITONEAL_FLUID,PERICARDIAL_FLUID",NONE,NONE,RESULT_MODEL_SUFFICIENT_EXISTING,CLINICAL_LAB,Orina y otros fluidos,P1_COMMON_GENERAL,yes,LOW,NONE,MINIMUM_CAT03C
118,Ascitic/peritoneal fluid LDH,https://prd1.mayocliniclabs.com/test-catalog/overview/606612,peritoneal,MISSING_CANONICAL,,MISSING_CANONICAL,SAME_TEST_DIFFERENT_SPECIMEN,SPECIMEN_SELECTION_V1,SAFE_WITH_SPECIMEN_REQUIREMENTS_V1,TEST,yes,body_fluid_ldh,LDH en líquido corporal,LABORATORIO,"SELECT_ONE:PLEURAL_FLUID,ASCITIC_PERITONEAL_FLUID,SYNOVIAL_FLUID",NONE,NONE,RESULT_MODEL_SUFFICIENT_EXISTING,CLINICAL_LAB,Orina y otros fluidos,P1_COMMON_GENERAL,yes,LOW,NONE,MINIMUM_CAT03C
119,Ascitic/peritoneal fluid amylase,https://www.mayocliniclabs.com/test-catalog/overview/606595,peritoneal,MISSING_CANONICAL,,MISSING_CANONICAL,SAME_TEST_DIFFERENT_SPECIMEN,SPECIMEN_SELECTION_V1,SAFE_WITH_SPECIMEN_REQUIREMENTS_V1,TEST,yes,body_fluid_amylase,Amilasa en líquido corporal,LABORATORIO,"SELECT_ONE:PLEURAL_FLUID,ASCITIC_PERITONEAL_FLUID,PERICARDIAL_FLUID",NONE,NONE,RESULT_MODEL_SUFFICIENT_EXISTING,CLINICAL_LAB,Orina y otros fluidos,P2_COMMON_SPECIALTY,yes,LOW,NONE,MINIMUM_CAT03C
120,Ascitic/peritoneal fluid triglycerides,https://www.mayocliniclabs.com/test-catalog/Overview/800539,peritoneal,MISSING_CANONICAL,,MISSING_CANONICAL,SAME_TEST_DIFFERENT_SPECIMEN,SPECIMEN_SELECTION_V1,SAFE_WITH_SPECIMEN_REQUIREMENTS_V1,TEST,yes,body_fluid_triglycerides,Triglicéridos en líquido corporal,LABORATORIO,"SELECT_ONE:PLEURAL_FLUID,ASCITIC_PERITONEAL_FLUID,PERICARDIAL_FLUID",NONE,NONE,RESULT_MODEL_SUFFICIENT_EXISTING,CLINICAL_LAB,Orina y otros fluidos,P2_COMMON_SPECIALTY,yes,LOW,NONE,MINIMUM_CAT03C
121,Ascitic/peritoneal fluid cholesterol,https://www.mayocliniclabs.com/test-catalog/overview/606915,peritoneal,MISSING_CANONICAL,,MISSING_CANONICAL,SAME_TEST_DIFFERENT_SPECIMEN,SPECIMEN_SELECTION_V1,SAFE_WITH_SPECIMEN_REQUIREMENTS_V1,TEST,yes,body_fluid_cholesterol,Colesterol en líquido corporal,LABORATORIO,"SELECT_ONE:PLEURAL_FLUID,ASCITIC_PERITONEAL_FLUID,PERICARDIAL_FLUID",NONE,NONE,RESULT_MODEL_SUFFICIENT_EXISTING,CLINICAL_LAB,Orina y otros fluidos,P2_COMMON_SPECIALTY,yes,LOW,NONE,MINIMUM_CAT03C
122,Ascitic/peritoneal fluid Gram stain,https://mlabs.umich.edu/tests/gram-stain-smear,peritoneal,MISSING_CANONICAL,,MISSING_CANONICAL,MICROBIOLOGY_ORDERABLE,SPECIMEN_SELECTION_V1,SAFE_WITH_SPECIMEN_REQUIREMENTS_V1,TEST,yes,sterile_body_fluid_gram_only,Tinción de Gram sola en líquido estéril,MICROBIOLOGIA,"SELECT_ONE:PLEURAL_FLUID,ASCITIC_PERITONEAL_FLUID,PERICARDIAL_FLUID,SYNOVIAL_FLUID",NONE,NONE,RESULT_MODEL_SUFFICIENT_UNSTRUCTURED,CLINICAL_LAB,Microbiología,P3_ADVANCED_REFERENCE,yes,LOW,NONE,EXTENDED_LATER
123,Ascitic/peritoneal fluid bacterial culture,https://mlabs.umich.edu/tests/aerobic-culture-sterile-body-fluid,peritoneal,MISSING_CANONICAL,,MISSING_CANONICAL,MICROBIOLOGY_ORDERABLE,SPECIMEN_SELECTION_V1,SAFE_WITH_SPECIMEN_REQUIREMENTS_V1,TEST,yes,sterile_body_fluid_bacterial_culture,Cultivo bacteriano de líquido estéril,MICROBIOLOGIA,"SELECT_ONE:PLEURAL_FLUID,ASCITIC_PERITONEAL_FLUID,PERICARDIAL_FLUID,SYNOVIAL_FLUID",NONE,NONE,RESULT_MODEL_SUFFICIENT_UNSTRUCTURED,CLINICAL_LAB,Microbiología,P1_COMMON_GENERAL,yes,LOW,NONE,MINIMUM_CAT03C
124,Ascitic/peritoneal fluid cytology,https://mlabs.umich.edu/tests/serous-fluids-cytology,peritoneal,MISSING_CANONICAL,,MISSING_CANONICAL,PATHOLOGY_CYTOLOGY_ORDERABLE,SPECIMEN_SELECTION_V1,SAFE_WITH_SPECIMEN_REQUIREMENTS_V1,TEST,yes,serous_fluid_cytology,Citología de líquido seroso,PATOLOGIA_CITOLOGIA,"SELECT_ONE:PLEURAL_FLUID,ASCITIC_PERITONEAL_FLUID,PERICARDIAL_FLUID",NONE,NONE,RESULT_MODEL_SUFFICIENT_UNSTRUCTURED,PATHOLOGY_CYTOLOGY,Patología y biopsias,P2_COMMON_SPECIALTY,yes,LOW,NONE,MINIMUM_CAT03C
125,Synovial fluid cell count and differential,https://www.mayocliniclabs.com/test-catalog/overview/608873,synovial,MISSING_CANONICAL,,MISSING_CANONICAL,CANONICAL_ORDERABLE_PANEL,SPECIMEN_SELECTION_V1,SAFE_WITH_SPECIMEN_REQUIREMENTS_V1,PANEL,yes,body_fluid_cell_count,Recuento celular y diferencial en líquido corporal,LABORATORIO,"SELECT_ONE:PLEURAL_FLUID,ASCITIC_PERITONEAL_FLUID,SYNOVIAL_FLUID,PERICARDIAL_FLUID",NONE,NONE,RESULT_MODEL_SUFFICIENT_UNSTRUCTURED,CLINICAL_LAB,Orina y otros fluidos,P1_COMMON_GENERAL,yes,LOW,NONE,MINIMUM_CAT03C
126,Synovial fluid glucose,https://www.mayocliniclabs.com/test-catalog/overview/801559,synovial,MISSING_CANONICAL,,MISSING_CANONICAL,SAME_TEST_DIFFERENT_SPECIMEN,SPECIMEN_SELECTION_V1,SAFE_WITH_SPECIMEN_REQUIREMENTS_V1,TEST,yes,body_fluid_glucose,Glucosa en líquido corporal,LABORATORIO,"SELECT_ONE:PLEURAL_FLUID,ASCITIC_PERITONEAL_FLUID,SYNOVIAL_FLUID,PERICARDIAL_FLUID",NONE,NONE,RESULT_MODEL_SUFFICIENT_EXISTING,CLINICAL_LAB,Orina y otros fluidos,P1_COMMON_GENERAL,yes,LOW,NONE,MINIMUM_CAT03C
127,Synovial fluid total protein,https://www.mayocliniclabs.com/test-catalog/overview/606619,synovial,MISSING_CANONICAL,,MISSING_CANONICAL,SAME_TEST_DIFFERENT_SPECIMEN,SPECIMEN_SELECTION_V1,SAFE_WITH_SPECIMEN_REQUIREMENTS_V1,TEST,yes,body_fluid_total_protein,Proteínas totales en líquido corporal,LABORATORIO,"SELECT_ONE:PLEURAL_FLUID,ASCITIC_PERITONEAL_FLUID,SYNOVIAL_FLUID,PERICARDIAL_FLUID",NONE,NONE,RESULT_MODEL_SUFFICIENT_EXISTING,CLINICAL_LAB,Orina y otros fluidos,P1_COMMON_GENERAL,yes,LOW,NONE,MINIMUM_CAT03C
128,Synovial fluid LDH,https://prd1.mayocliniclabs.com/test-catalog/overview/606612,synovial,MISSING_CANONICAL,,MISSING_CANONICAL,SAME_TEST_DIFFERENT_SPECIMEN,SPECIMEN_SELECTION_V1,SAFE_WITH_SPECIMEN_REQUIREMENTS_V1,TEST,yes,body_fluid_ldh,LDH en líquido corporal,LABORATORIO,"SELECT_ONE:PLEURAL_FLUID,ASCITIC_PERITONEAL_FLUID,SYNOVIAL_FLUID",NONE,NONE,RESULT_MODEL_SUFFICIENT_EXISTING,CLINICAL_LAB,Orina y otros fluidos,P1_COMMON_GENERAL,yes,LOW,NONE,MINIMUM_CAT03C
129,Synovial fluid Gram stain,https://mlabs.umich.edu/tests/gram-stain-smear,synovial,MISSING_CANONICAL,,MISSING_CANONICAL,MICROBIOLOGY_ORDERABLE,SPECIMEN_SELECTION_V1,SAFE_WITH_SPECIMEN_REQUIREMENTS_V1,TEST,yes,sterile_body_fluid_gram_only,Tinción de Gram sola en líquido estéril,MICROBIOLOGIA,"SELECT_ONE:PLEURAL_FLUID,ASCITIC_PERITONEAL_FLUID,PERICARDIAL_FLUID,SYNOVIAL_FLUID",NONE,NONE,RESULT_MODEL_SUFFICIENT_UNSTRUCTURED,CLINICAL_LAB,Microbiología,P3_ADVANCED_REFERENCE,yes,LOW,NONE,EXTENDED_LATER
130,Synovial fluid bacterial culture,https://mlabs.umich.edu/tests/aerobic-culture-sterile-body-fluid,synovial,MISSING_CANONICAL,,MISSING_CANONICAL,MICROBIOLOGY_ORDERABLE,SPECIMEN_SELECTION_V1,SAFE_WITH_SPECIMEN_REQUIREMENTS_V1,TEST,yes,sterile_body_fluid_bacterial_culture,Cultivo bacteriano de líquido estéril,MICROBIOLOGIA,"SELECT_ONE:PLEURAL_FLUID,ASCITIC_PERITONEAL_FLUID,PERICARDIAL_FLUID,SYNOVIAL_FLUID",NONE,NONE,RESULT_MODEL_SUFFICIENT_UNSTRUCTURED,CLINICAL_LAB,Microbiología,P1_COMMON_GENERAL,yes,LOW,NONE,MINIMUM_CAT03C
131,Synovial fluid cytology,https://mlabs.umich.edu/tests/cerebrospinal-fluid-cytology,synovial,MISSING_CANONICAL,,MISSING_CANONICAL,PATHOLOGY_CYTOLOGY_ORDERABLE,NO_DISPOSITION_CHANGE,STILL_BLOCKED_PATHOLOGY_MODEL,NONE,no,,,NO_NEW_IDENTITY,FIXED:SYNOVIAL_FLUID,NONE,NONE,NOT_APPLICABLE,NOT_APPLICABLE,SIN_CAMBIO,NOT_APPLICABLE,yes,PENDING,SYNOVIAL_CYTOLOGY_ORDERING_IDENTITY_NOT_VERIFIED,DEFER_CONTRACT_OR_PROVIDER_RULE
132,Pericardial fluid cell count and differential,https://www.mayocliniclabs.com/test-catalog/overview/608873,pericardial,MISSING_CANONICAL,,MISSING_CANONICAL,CANONICAL_ORDERABLE_PANEL,SPECIMEN_SELECTION_V1,SAFE_WITH_SPECIMEN_REQUIREMENTS_V1,PANEL,yes,body_fluid_cell_count,Recuento celular y diferencial en líquido corporal,LABORATORIO,"SELECT_ONE:PLEURAL_FLUID,ASCITIC_PERITONEAL_FLUID,SYNOVIAL_FLUID,PERICARDIAL_FLUID",NONE,NONE,RESULT_MODEL_SUFFICIENT_UNSTRUCTURED,CLINICAL_LAB,Orina y otros fluidos,P1_COMMON_GENERAL,yes,LOW,NONE,MINIMUM_CAT03C
133,Pericardial fluid glucose,https://www.mayocliniclabs.com/test-catalog/overview/801559,pericardial,MISSING_CANONICAL,,MISSING_CANONICAL,SAME_TEST_DIFFERENT_SPECIMEN,SPECIMEN_SELECTION_V1,SAFE_WITH_SPECIMEN_REQUIREMENTS_V1,TEST,yes,body_fluid_glucose,Glucosa en líquido corporal,LABORATORIO,"SELECT_ONE:PLEURAL_FLUID,ASCITIC_PERITONEAL_FLUID,SYNOVIAL_FLUID,PERICARDIAL_FLUID",NONE,NONE,RESULT_MODEL_SUFFICIENT_EXISTING,CLINICAL_LAB,Orina y otros fluidos,P1_COMMON_GENERAL,yes,LOW,NONE,MINIMUM_CAT03C
134,Pericardial fluid total protein,https://www.mayocliniclabs.com/test-catalog/overview/606619,pericardial,MISSING_CANONICAL,,MISSING_CANONICAL,SAME_TEST_DIFFERENT_SPECIMEN,SPECIMEN_SELECTION_V1,SAFE_WITH_SPECIMEN_REQUIREMENTS_V1,TEST,yes,body_fluid_total_protein,Proteínas totales en líquido corporal,LABORATORIO,"SELECT_ONE:PLEURAL_FLUID,ASCITIC_PERITONEAL_FLUID,SYNOVIAL_FLUID,PERICARDIAL_FLUID",NONE,NONE,RESULT_MODEL_SUFFICIENT_EXISTING,CLINICAL_LAB,Orina y otros fluidos,P1_COMMON_GENERAL,yes,LOW,NONE,MINIMUM_CAT03C
135,Pericardial fluid albumin,https://www.mayocliniclabs.com/test-catalog/Overview/800507,pericardial,MISSING_CANONICAL,,MISSING_CANONICAL,SAME_TEST_DIFFERENT_SPECIMEN,SPECIMEN_SELECTION_V1,SAFE_WITH_SPECIMEN_REQUIREMENTS_V1,TEST,yes,body_fluid_albumin,Albúmina en líquido corporal,LABORATORIO,"SELECT_ONE:PLEURAL_FLUID,ASCITIC_PERITONEAL_FLUID,PERICARDIAL_FLUID",NONE,NONE,RESULT_MODEL_SUFFICIENT_EXISTING,CLINICAL_LAB,Orina y otros fluidos,P1_COMMON_GENERAL,yes,LOW,NONE,MINIMUM_CAT03C
136,Pericardial fluid amylase,https://www.mayocliniclabs.com/test-catalog/overview/606595,pericardial,MISSING_CANONICAL,,MISSING_CANONICAL,SAME_TEST_DIFFERENT_SPECIMEN,SPECIMEN_SELECTION_V1,SAFE_WITH_SPECIMEN_REQUIREMENTS_V1,TEST,yes,body_fluid_amylase,Amilasa en líquido corporal,LABORATORIO,"SELECT_ONE:PLEURAL_FLUID,ASCITIC_PERITONEAL_FLUID,PERICARDIAL_FLUID",NONE,NONE,RESULT_MODEL_SUFFICIENT_EXISTING,CLINICAL_LAB,Orina y otros fluidos,P2_COMMON_SPECIALTY,yes,LOW,NONE,MINIMUM_CAT03C
137,Pericardial fluid triglycerides,https://www.mayocliniclabs.com/test-catalog/Overview/800539,pericardial,MISSING_CANONICAL,,MISSING_CANONICAL,SAME_TEST_DIFFERENT_SPECIMEN,SPECIMEN_SELECTION_V1,SAFE_WITH_SPECIMEN_REQUIREMENTS_V1,TEST,yes,body_fluid_triglycerides,Triglicéridos en líquido corporal,LABORATORIO,"SELECT_ONE:PLEURAL_FLUID,ASCITIC_PERITONEAL_FLUID,PERICARDIAL_FLUID",NONE,NONE,RESULT_MODEL_SUFFICIENT_EXISTING,CLINICAL_LAB,Orina y otros fluidos,P2_COMMON_SPECIALTY,yes,LOW,NONE,MINIMUM_CAT03C
138,Pericardial fluid cholesterol,https://www.mayocliniclabs.com/test-catalog/overview/606915,pericardial,MISSING_CANONICAL,,MISSING_CANONICAL,SAME_TEST_DIFFERENT_SPECIMEN,SPECIMEN_SELECTION_V1,SAFE_WITH_SPECIMEN_REQUIREMENTS_V1,TEST,yes,body_fluid_cholesterol,Colesterol en líquido corporal,LABORATORIO,"SELECT_ONE:PLEURAL_FLUID,ASCITIC_PERITONEAL_FLUID,PERICARDIAL_FLUID",NONE,NONE,RESULT_MODEL_SUFFICIENT_EXISTING,CLINICAL_LAB,Orina y otros fluidos,P2_COMMON_SPECIALTY,yes,LOW,NONE,MINIMUM_CAT03C
139,Pericardial fluid Gram stain,https://mlabs.umich.edu/tests/gram-stain-smear,pericardial,MISSING_CANONICAL,,MISSING_CANONICAL,MICROBIOLOGY_ORDERABLE,SPECIMEN_SELECTION_V1,SAFE_WITH_SPECIMEN_REQUIREMENTS_V1,TEST,yes,sterile_body_fluid_gram_only,Tinción de Gram sola en líquido estéril,MICROBIOLOGIA,"SELECT_ONE:PLEURAL_FLUID,ASCITIC_PERITONEAL_FLUID,PERICARDIAL_FLUID,SYNOVIAL_FLUID",NONE,NONE,RESULT_MODEL_SUFFICIENT_UNSTRUCTURED,CLINICAL_LAB,Microbiología,P3_ADVANCED_REFERENCE,yes,LOW,NONE,EXTENDED_LATER
140,Pericardial fluid bacterial culture,https://mlabs.umich.edu/tests/aerobic-culture-sterile-body-fluid,pericardial,MISSING_CANONICAL,,MISSING_CANONICAL,MICROBIOLOGY_ORDERABLE,SPECIMEN_SELECTION_V1,SAFE_WITH_SPECIMEN_REQUIREMENTS_V1,TEST,yes,sterile_body_fluid_bacterial_culture,Cultivo bacteriano de líquido estéril,MICROBIOLOGIA,"SELECT_ONE:PLEURAL_FLUID,ASCITIC_PERITONEAL_FLUID,PERICARDIAL_FLUID,SYNOVIAL_FLUID",NONE,NONE,RESULT_MODEL_SUFFICIENT_UNSTRUCTURED,CLINICAL_LAB,Microbiología,P1_COMMON_GENERAL,yes,LOW,NONE,MINIMUM_CAT03C
141,Pericardial fluid cytology,https://mlabs.umich.edu/tests/serous-fluids-cytology,pericardial,MISSING_CANONICAL,,MISSING_CANONICAL,PATHOLOGY_CYTOLOGY_ORDERABLE,SPECIMEN_SELECTION_V1,SAFE_WITH_SPECIMEN_REQUIREMENTS_V1,TEST,yes,serous_fluid_cytology,Citología de líquido seroso,PATOLOGIA_CITOLOGIA,"SELECT_ONE:PLEURAL_FLUID,ASCITIC_PERITONEAL_FLUID,PERICARDIAL_FLUID",NONE,NONE,RESULT_MODEL_SUFFICIENT_UNSTRUCTURED,PATHOLOGY_CYTOLOGY,Patología y biopsias,P2_COMMON_SPECIALTY,yes,LOW,NONE,MINIMUM_CAT03C
142,Pleural fluid pH,https://www.mayocliniclabs.com/test-catalog/Overview/606522,pleural,MISSING_CANONICAL,,MISSING_CANONICAL,CANONICAL_ORDERABLE_TEST,NO_DISPOSITION_CHANGE,STILL_BLOCKED_PROVIDER_WORKFLOW,NONE,no,,,NO_NEW_IDENTITY,FIXED:PLEURAL_FLUID,NONE,NONE,NOT_APPLICABLE,NOT_APPLICABLE,SIN_CAMBIO,NOT_APPLICABLE,moderate,PENDING,PLEURAL_PH_BLOOD_GAS_HANDLING_NOT_IN_V1,DEFER_CONTRACT_OR_PROVIDER_RULE
143,Pleural fluid hematocrit,https://www.mayocliniclabs.com/test-catalog/overview/608873,pleural,UNCERTAIN,,UNCERTAIN,UNCERTAIN,NO_DISPOSITION_CHANGE,UNCERTAIN,NONE,no,,,NO_NEW_IDENTITY,FIXED:PLEURAL_FLUID,NONE,NONE,NOT_APPLICABLE,NOT_APPLICABLE,SIN_CAMBIO,NOT_APPLICABLE,moderate,PENDING,INDEPENDENT_IDENTITY_OR_SOURCE_UNVERIFIED,EVIDENCE_REQUIRED
144,Pleural fluid AFB/mycobacterial culture,https://mlabs.umich.edu/tests/afb-culture-body-fluid,pleural,MISSING_CANONICAL,,MISSING_CANONICAL,MICROBIOLOGY_ORDERABLE,NO_DISPOSITION_CHANGE,STILL_BLOCKED_MICROBIOLOGY_MODEL,NONE,no,,,MICROBIOLOGIA,FIXED:PLEURAL_FLUID,NONE,NONE,NOT_APPLICABLE,NOT_APPLICABLE,Microbiología,NOT_APPLICABLE,moderate,PENDING,SPECIMEN_V1_GAP_OR_PROVIDER_PREANALYTICS,DEFER_CONTRACT_OR_PROVIDER_RULE
145,Pleural fluid Light criteria,https://www.mayocliniclabs.com/test-catalog/overview/606619,pleural + serum,NOT_CANONICAL,,NOT_CANONICAL,CALCULATED_OR_DERIVED_RESULT,NO_DISPOSITION_CHANGE,NOT_CANONICAL_ORDERABLE,NONE,no,,,NO_NEW_IDENTITY,FIXED:PLEURAL_FLUID,NONE,NONE,RESULT_MODEL_REQUIRES_DERIVED_CALCULATION,NOT_APPLICABLE,SIN_CAMBIO,NOT_APPLICABLE,yes,NOT_NEW_IDENTITY,RESULT_COMPONENT_OR_DERIVED_OR_COLLECTION_FACT,DO_NOT_SEED
146,Ascites SAAG,https://www.mayocliniclabs.com/test-catalog/Overview/800507,peritoneal + serum,NOT_CANONICAL,,NOT_CANONICAL,CALCULATED_OR_DERIVED_RESULT,NO_DISPOSITION_CHANGE,NOT_CANONICAL_ORDERABLE,NONE,no,,,NO_NEW_IDENTITY,FIXED:ASCITIC_PERITONEAL_FLUID,NONE,NONE,RESULT_MODEL_REQUIRES_DERIVED_CALCULATION,NOT_APPLICABLE,SIN_CAMBIO,NOT_APPLICABLE,yes,NOT_NEW_IDENTITY,RESULT_COMPONENT_OR_DERIVED_OR_COLLECTION_FACT,DO_NOT_SEED
147,Pericardial fluid LDH,https://prd1.mayocliniclabs.com/test-catalog/overview/606612,pericardial,UNCERTAIN,,UNCERTAIN,UNCERTAIN,NO_DISPOSITION_CHANGE,UNCERTAIN,NONE,no,,,NO_NEW_IDENTITY,FIXED:PERICARDIAL_FLUID,NONE,NONE,NOT_APPLICABLE,NOT_APPLICABLE,SIN_CAMBIO,NOT_APPLICABLE,moderate,PENDING,INDEPENDENT_IDENTITY_OR_SOURCE_UNVERIFIED,EVIDENCE_REQUIRED
148,Synovial monosodium urate crystals,https://mlabs.umich.edu/tests/body-fluid-analysis-crystal-exam,synovial,NOT_CANONICAL,synovial_crystals,NOT_CANONICAL,RESULT_COMPONENT_NOT_ORDERABLE_ALONE,NO_DISPOSITION_CHANGE,NOT_CANONICAL_ORDERABLE,NONE,no,,,NO_NEW_IDENTITY,FIXED:SYNOVIAL_FLUID,NONE,NONE,RESULT_MODEL_REQUIRES_COMPONENTS,NOT_APPLICABLE,SIN_CAMBIO,NOT_APPLICABLE,yes,NOT_NEW_IDENTITY,RESULT_COMPONENT_OR_DERIVED_OR_COLLECTION_FACT,DO_NOT_SEED
149,Synovial CPPD crystals,https://mlabs.umich.edu/tests/body-fluid-analysis-crystal-exam,synovial,NOT_CANONICAL,synovial_crystals,NOT_CANONICAL,RESULT_COMPONENT_NOT_ORDERABLE_ALONE,NO_DISPOSITION_CHANGE,NOT_CANONICAL_ORDERABLE,NONE,no,,,NO_NEW_IDENTITY,FIXED:SYNOVIAL_FLUID,NONE,NONE,RESULT_MODEL_REQUIRES_COMPONENTS,NOT_APPLICABLE,SIN_CAMBIO,NOT_APPLICABLE,yes,NOT_NEW_IDENTITY,RESULT_COMPONENT_OR_DERIVED_OR_COLLECTION_FACT,DO_NOT_SEED
150,Synovial lactate,https://www.mayocliniclabs.com/test-catalog/overview/608873,synovial,UNCERTAIN,,UNCERTAIN,UNCERTAIN,NO_DISPOSITION_CHANGE,UNCERTAIN,NONE,no,,,NO_NEW_IDENTITY,FIXED:SYNOVIAL_FLUID,NONE,NONE,NOT_APPLICABLE,NOT_APPLICABLE,SIN_CAMBIO,NOT_APPLICABLE,moderate,PENDING,INDEPENDENT_IDENTITY_OR_SOURCE_UNVERIFIED,EVIDENCE_REQUIRED
151,Synovial uric acid,https://www.mayocliniclabs.com/test-catalog/overview/608873,synovial,UNCERTAIN,,UNCERTAIN,UNCERTAIN,NO_DISPOSITION_CHANGE,UNCERTAIN,NONE,no,,,NO_NEW_IDENTITY,FIXED:SYNOVIAL_FLUID,NONE,NONE,NOT_APPLICABLE,NOT_APPLICABLE,SIN_CAMBIO,NOT_APPLICABLE,moderate,PENDING,INDEPENDENT_IDENTITY_OR_SOURCE_UNVERIFIED,EVIDENCE_REQUIRED
152,Body-fluid lipid analysis panel,https://www.mayocliniclabs.com/test-catalog/Overview/614164,pleural/peritoneal,MISSING_CANONICAL,,MISSING_CANONICAL,CANONICAL_ORDERABLE_PANEL,SPECIMEN_SELECTION_V1,SAFE_WITH_SPECIMEN_REQUIREMENTS_V1,PANEL,yes,body_fluid_lipid_panel,Perfil lipídico de líquido corporal,LABORATORIO,"SELECT_ONE:PLEURAL_FLUID,ASCITIC_PERITONEAL_FLUID",NONE,NONE,RESULT_MODEL_SUFFICIENT_UNSTRUCTURED,CLINICAL_LAB,Orina y otros fluidos,P2_COMMON_SPECIALTY,moderate,LOW,NONE,EXTENDED_LATER
153,Sperm concentration,https://www.mayocliniclabs.com/test-catalog/overview/81641,semen,NOT_CANONICAL,semen_analysis,NOT_CANONICAL,RESULT_COMPONENT_NOT_ORDERABLE_ALONE,NO_DISPOSITION_CHANGE,NOT_CANONICAL_ORDERABLE,NONE,no,,,NO_NEW_IDENTITY,FIXED:SEMEN,NONE,NONE,RESULT_MODEL_REQUIRES_COMPONENTS,NOT_APPLICABLE,SIN_CAMBIO,NOT_APPLICABLE,yes,NOT_NEW_IDENTITY,RESULT_COMPONENT_OR_DERIVED_OR_COLLECTION_FACT,DO_NOT_SEED
154,Sperm motility,https://www.mayocliniclabs.com/test-catalog/overview/81641,semen,NOT_CANONICAL,semen_analysis,NOT_CANONICAL,RESULT_COMPONENT_NOT_ORDERABLE_ALONE,NO_DISPOSITION_CHANGE,NOT_CANONICAL_ORDERABLE,NONE,no,,,NO_NEW_IDENTITY,FIXED:SEMEN,NONE,NONE,RESULT_MODEL_REQUIRES_COMPONENTS,NOT_APPLICABLE,SIN_CAMBIO,NOT_APPLICABLE,yes,NOT_NEW_IDENTITY,RESULT_COMPONENT_OR_DERIVED_OR_COLLECTION_FACT,DO_NOT_SEED
155,Sperm morphology basic,https://www.mayocliniclabs.com/test-catalog/overview/81641,semen,NOT_CANONICAL,semen_analysis,NOT_CANONICAL,RESULT_COMPONENT_NOT_ORDERABLE_ALONE,NO_DISPOSITION_CHANGE,NOT_CANONICAL_ORDERABLE,NONE,no,,,NO_NEW_IDENTITY,FIXED:SEMEN,NONE,NONE,RESULT_MODEL_REQUIRES_COMPONENTS,NOT_APPLICABLE,SIN_CAMBIO,NOT_APPLICABLE,yes,NOT_NEW_IDENTITY,RESULT_COMPONENT_OR_DERIVED_OR_COLLECTION_FACT,DO_NOT_SEED
156,Semen volume,https://www.mayocliniclabs.com/test-catalog/overview/81641,semen,NOT_CANONICAL,semen_analysis,NOT_CANONICAL,RESULT_COMPONENT_NOT_ORDERABLE_ALONE,NO_DISPOSITION_CHANGE,NOT_CANONICAL_ORDERABLE,NONE,no,,,NO_NEW_IDENTITY,FIXED:SEMEN,NONE,NONE,RESULT_MODEL_REQUIRES_COMPONENTS,NOT_APPLICABLE,SIN_CAMBIO,NOT_APPLICABLE,yes,NOT_NEW_IDENTITY,RESULT_COMPONENT_OR_DERIVED_OR_COLLECTION_FACT,DO_NOT_SEED
157,Sperm vitality,https://www.mayocliniclabs.com/test-catalog/overview/81641,semen,NOT_CANONICAL,semen_analysis,NOT_CANONICAL,RESULT_COMPONENT_NOT_ORDERABLE_ALONE,NO_DISPOSITION_CHANGE,NOT_CANONICAL_ORDERABLE,NONE,no,,,NO_NEW_IDENTITY,FIXED:SEMEN,NONE,NONE,RESULT_MODEL_REQUIRES_COMPONENTS,NOT_APPLICABLE,SIN_CAMBIO,NOT_APPLICABLE,yes,NOT_NEW_IDENTITY,RESULT_COMPONENT_OR_DERIVED_OR_COLLECTION_FACT,DO_NOT_SEED
158,Semen leukocytes,https://www.mayocliniclabs.com/test-catalog/overview/81641,semen,NOT_CANONICAL,semen_analysis,NOT_CANONICAL,RESULT_COMPONENT_NOT_ORDERABLE_ALONE,NO_DISPOSITION_CHANGE,NOT_CANONICAL_ORDERABLE,NONE,no,,,NO_NEW_IDENTITY,FIXED:SEMEN,NONE,NONE,RESULT_MODEL_REQUIRES_COMPONENTS,NOT_APPLICABLE,SIN_CAMBIO,NOT_APPLICABLE,yes,NOT_NEW_IDENTITY,RESULT_COMPONENT_OR_DERIVED_OR_COLLECTION_FACT,DO_NOT_SEED
159,Post-vasectomy semen check,https://www.mayocliniclabs.com/test-catalog/overview/9205,semen,EXACT_EXISTING_CAT03A,post_vasectomy_semen_check,MISSING_CANONICAL,CANONICAL_ORDERABLE_TEST,NO_DISPOSITION_CHANGE,ALREADY_CANONICAL,NONE,no,,,NO_NEW_IDENTITY,FIXED:SEMEN,NONE,NONE,NOT_APPLICABLE,NOT_APPLICABLE,SIN_CAMBIO,NOT_APPLICABLE,no,NOT_NEW_IDENTITY,ALREADY_IMPLEMENTED,PRESERVE_EXISTING
160,Semen strict morphology,https://www.mayocliniclabs.com/test-catalog/fertility-testing,semen,MISSING_CANONICAL,,MISSING_CANONICAL,ADVANCED_SPECIALTY,NO_DISPOSITION_CHANGE,STILL_BLOCKED_PROVIDER_WORKFLOW,NONE,no,,,LABORATORIO,FIXED:SEMEN,NONE,NONE,NOT_APPLICABLE,NOT_APPLICABLE,SIN_CAMBIO,NOT_APPLICABLE,moderate,PENDING,SPECIMEN_V1_GAP_OR_PROVIDER_PREANALYTICS,DEFER_CONTRACT_OR_PROVIDER_RULE
161,Semen antisperm antibodies,https://www.mayocliniclabs.com/test-catalog/fertility-testing,semen,MISSING_CANONICAL,,MISSING_CANONICAL,ADVANCED_SPECIALTY,NO_DISPOSITION_CHANGE,STILL_BLOCKED_PROVIDER_WORKFLOW,NONE,no,,,LABORATORIO,FIXED:SEMEN,NONE,NONE,NOT_APPLICABLE,NOT_APPLICABLE,SIN_CAMBIO,NOT_APPLICABLE,moderate,PENDING,SPECIMEN_V1_GAP_OR_PROVIDER_PREANALYTICS,DEFER_CONTRACT_OR_PROVIDER_RULE
162,Semen culture,https://www.mayocliniclabs.com/test-catalog/fertility-testing,semen,UNCERTAIN,,UNCERTAIN,UNCERTAIN,NO_DISPOSITION_CHANGE,UNCERTAIN,NONE,no,,,NO_NEW_IDENTITY,FIXED:SEMEN,NONE,NONE,NOT_APPLICABLE,NOT_APPLICABLE,SIN_CAMBIO,NOT_APPLICABLE,moderate,PENDING,INDEPENDENT_IDENTITY_OR_SOURCE_UNVERIFIED,EVIDENCE_REQUIRED
163,saliva analysis/culture,https://prd1.mayocliniclabs.com/test-catalog/overview/84225,saliva,MISSING_CANONICAL,,MISSING_CANONICAL,CANONICAL_ORDERABLE_TEST,NO_DISPOSITION_CHANGE,UNCERTAIN,NONE,no,,,NO_NEW_IDENTITY,FIXED:SALIVA,NONE,NONE,NOT_APPLICABLE,NOT_APPLICABLE,SIN_CAMBIO,NOT_APPLICABLE,yes,PENDING,INDEPENDENT_IDENTITY_OR_SOURCE_UNVERIFIED,EVIDENCE_REQUIRED
164,sputum analysis/culture,https://mlabs.umich.edu/tests/respiratory-culture-aerobic,sputum,MISSING_CANONICAL,,MISSING_CANONICAL,MICROBIOLOGY_ORDERABLE,SPECIMEN_SELECTION_V1,SAFE_WITH_SPECIMEN_REQUIREMENTS_V1,TEST,yes,respiratory_bacterial_culture,Cultivo bacteriano respiratorio,MICROBIOLOGIA,"SELECT_ONE:SPUTUM,TRACHEAL_ASPIRATE",SOURCE_SPECIFIC_PROVIDER_COLLECTION,NONE,RESULT_MODEL_SUFFICIENT_UNSTRUCTURED,CLINICAL_LAB,Microbiología; secundario por muestra respiratoria,P2_COMMON_SPECIALTY,yes,LOW,NONE,EXTENDED_LATER
165,bronchoalveolar lavage analysis/culture,https://mlabs.umich.edu/tests/respiratory-culture-quantitative,bronchoalveolar lavage,MISSING_CANONICAL,,MISSING_CANONICAL,MICROBIOLOGY_ORDERABLE,NO_DISPOSITION_CHANGE,STILL_BLOCKED_PROVIDER_WORKFLOW,NONE,no,,,MICROBIOLOGIA,"SELECT_ONE:SPUTUM,TRACHEAL_ASPIRATE",SOURCE_SPECIFIC_PROVIDER_COLLECTION,NONE,NOT_APPLICABLE,NOT_APPLICABLE,Microbiología; secundario por muestra respiratoria,NOT_APPLICABLE,yes,PENDING,RESPIRATORY_CULTURE_METHOD_OR_SPECIMEN_SCOPE_NEEDS_SEPARATE_PROVIDER_MAPPING,DEFER_CONTRACT_OR_PROVIDER_RULE
166,bronchial washing analysis/culture,https://mlabs.umich.edu/tests/respiratory-culture-aerobic,bronchial washing,MISSING_CANONICAL,,MISSING_CANONICAL,MICROBIOLOGY_ORDERABLE,NO_DISPOSITION_CHANGE,STILL_BLOCKED_PROVIDER_WORKFLOW,NONE,no,,,MICROBIOLOGIA,"SELECT_ONE:SPUTUM,TRACHEAL_ASPIRATE",SOURCE_SPECIFIC_PROVIDER_COLLECTION,NONE,NOT_APPLICABLE,NOT_APPLICABLE,Microbiología; secundario por muestra respiratoria,NOT_APPLICABLE,yes,PENDING,RESPIRATORY_CULTURE_METHOD_OR_SPECIMEN_SCOPE_NEEDS_SEPARATE_PROVIDER_MAPPING,DEFER_CONTRACT_OR_PROVIDER_RULE
167,tracheal aspirate analysis/culture,https://mlabs.umich.edu/tests/respiratory-culture-aerobic,tracheal aspirate,MISSING_CANONICAL,,MISSING_CANONICAL,MICROBIOLOGY_ORDERABLE,SPECIMEN_SELECTION_V1,SAFE_WITH_SPECIMEN_REQUIREMENTS_V1,TEST,yes,respiratory_bacterial_culture,Cultivo bacteriano respiratorio,MICROBIOLOGIA,"SELECT_ONE:SPUTUM,TRACHEAL_ASPIRATE",SOURCE_SPECIFIC_PROVIDER_COLLECTION,NONE,RESULT_MODEL_SUFFICIENT_UNSTRUCTURED,CLINICAL_LAB,Microbiología; secundario por muestra respiratoria,P2_COMMON_SPECIALTY,yes,LOW,NONE,EXTENDED_LATER
168,wound fluid analysis/culture,https://mlabs.umich.edu/tests/aerobic-culture-sterile-body-fluid,wound fluid,MISSING_CANONICAL,,MISSING_CANONICAL,MICROBIOLOGY_ORDERABLE,NO_DISPOSITION_CHANGE,STILL_BLOCKED_MICROBIOLOGY_MODEL,NONE,no,,,NO_NEW_IDENTITY,NOT_APPLICABLE,NONE,NONE,NOT_APPLICABLE,NOT_APPLICABLE,SIN_CAMBIO,NOT_APPLICABLE,yes,PENDING,WOUND_OR_DRAIN_NOT_IN_V1_VOCABULARY,DEFER_CONTRACT_OR_PROVIDER_RULE
169,drain fluid analysis/culture,https://mlabs.umich.edu/tests/aerobic-culture-sterile-body-fluid,drain fluid,MISSING_CANONICAL,,MISSING_CANONICAL,MICROBIOLOGY_ORDERABLE,NO_DISPOSITION_CHANGE,STILL_BLOCKED_MICROBIOLOGY_MODEL,NONE,no,,,NO_NEW_IDENTITY,NOT_APPLICABLE,NONE,NONE,NOT_APPLICABLE,NOT_APPLICABLE,SIN_CAMBIO,NOT_APPLICABLE,yes,PENDING,WOUND_OR_DRAIN_NOT_IN_V1_VOCABULARY,DEFER_CONTRACT_OR_PROVIDER_RULE
170,cyst fluid analysis/culture,https://www.mayocliniclabs.com/test-catalog/overview/606595,cyst fluid,MISSING_CANONICAL,,MISSING_CANONICAL,CANONICAL_ORDERABLE_TEST,NO_DISPOSITION_CHANGE,UNCERTAIN,NONE,no,,,NO_NEW_IDENTITY,NOT_APPLICABLE,NONE,NONE,NOT_APPLICABLE,NOT_APPLICABLE,SIN_CAMBIO,NOT_APPLICABLE,yes,PENDING,INDEPENDENT_IDENTITY_OR_SOURCE_UNVERIFIED,EVIDENCE_REQUIRED
171,gastric aspirate analysis/culture,https://www.mayocliniclabs.com/test-catalog/overview/606595,gastric aspirate,MISSING_CANONICAL,,MISSING_CANONICAL,ADVANCED_SPECIALTY,NO_DISPOSITION_CHANGE,UNCERTAIN,NONE,no,,,NO_NEW_IDENTITY,NOT_APPLICABLE,NONE,NONE,NOT_APPLICABLE,NOT_APPLICABLE,SIN_CAMBIO,NOT_APPLICABLE,yes,PENDING,INDEPENDENT_IDENTITY_OR_SOURCE_UNVERIFIED,EVIDENCE_REQUIRED
172,Salivary cortisol clock time,https://prd1.mayocliniclabs.com/test-catalog/overview/84225,saliva,NOT_CANONICAL,,NOT_CANONICAL,COLLECTION_DURATION_PARAMETER,NO_DISPOSITION_CHANGE,NOT_CANONICAL_ORDERABLE,NONE,no,,,NO_NEW_IDENTITY,FIXED:SALIVA,NONE,NONE,RESULT_MODEL_REQUIRES_OPERATIONAL_COLLECTION_DATA,NOT_APPLICABLE,SIN_CAMBIO,NOT_APPLICABLE,yes,NOT_NEW_IDENTITY,RESULT_COMPONENT_OR_DERIVED_OR_COLLECTION_FACT,DO_NOT_SEED
173,Culture specimen container/preservative,https://www.mayocliniclabs.com/specimen/collection-and-preparation,multiple,NOT_CANONICAL,,NOT_CANONICAL,PROVIDER_SPECIFIC_CONFIGURATION,NO_DISPOSITION_CHANGE,NOT_CANONICAL_ORDERABLE,NONE,no,,,NO_NEW_IDENTITY,NOT_APPLICABLE,NONE,NONE,RESULT_MODEL_REQUIRES_OPERATIONAL_COLLECTION_DATA,NOT_APPLICABLE,SIN_CAMBIO,NOT_APPLICABLE,yes,NOT_NEW_IDENTITY,RESULT_COMPONENT_OR_DERIVED_OR_COLLECTION_FACT,DO_NOT_SEED
174,Specimen source site,https://www.mayocliniclabs.com/test-catalog/overview/606595,multiple,NOT_CANONICAL,,NOT_CANONICAL,SPECIMEN_PARAMETER,NO_DISPOSITION_CHANGE,NOT_CANONICAL_ORDERABLE,NONE,no,,,NO_NEW_IDENTITY,NOT_APPLICABLE,NONE,NONE,RESULT_MODEL_REQUIRES_OPERATIONAL_COLLECTION_DATA,NOT_APPLICABLE,SIN_CAMBIO,NOT_APPLICABLE,yes,NOT_NEW_IDENTITY,RESULT_COMPONENT_OR_DERIVED_OR_COLLECTION_FACT,DO_NOT_SEED
175,24-hour collection volume,https://www.mayocliniclabs.com/test-catalog/Overview/616180,urine,NOT_CANONICAL,,NOT_CANONICAL,COLLECTION_VOLUME_PARAMETER,NO_DISPOSITION_CHANGE,NOT_CANONICAL_ORDERABLE,NONE,no,,,NO_NEW_IDENTITY,FIXED:URINE,NONE,NONE,RESULT_MODEL_REQUIRES_OPERATIONAL_COLLECTION_DATA,NOT_APPLICABLE,SIN_CAMBIO,NOT_APPLICABLE,yes,NOT_NEW_IDENTITY,RESULT_COMPONENT_OR_DERIVED_OR_COLLECTION_FACT,DO_NOT_SEED
176,Collection start/end timestamps,https://www.mayocliniclabs.com/test-catalog/Overview/616180,urine,NOT_CANONICAL,,NOT_CANONICAL,COLLECTION_DURATION_PARAMETER,NO_DISPOSITION_CHANGE,NOT_CANONICAL_ORDERABLE,NONE,no,,,NO_NEW_IDENTITY,FIXED:URINE,NONE,NONE,RESULT_MODEL_REQUIRES_OPERATIONAL_COLLECTION_DATA,NOT_APPLICABLE,SIN_CAMBIO,NOT_APPLICABLE,yes,NOT_NEW_IDENTITY,RESULT_COMPONENT_OR_DERIVED_OR_COLLECTION_FACT,DO_NOT_SEED
177,Amniotic fluid karyotype,https://www.mayocliniclabs.com/test-catalog/overview/35243,amniotic,MISSING_CANONICAL,,MISSING_CANONICAL,GENETIC_ORDERABLE,NO_DISPOSITION_CHANGE,STILL_BLOCKED_PROVIDER_WORKFLOW,NONE,no,,,NO_NEW_IDENTITY,FIXED:AMNIOTIC_FLUID (not in V1),NONE,NONE,NOT_APPLICABLE,NOT_APPLICABLE,SIN_CAMBIO,NOT_APPLICABLE,moderate,PENDING,AMNIOTIC_FLUID_NOT_IN_V1_VOCABULARY,DEFER_CONTRACT_OR_PROVIDER_RULE
178,Urine cytology,https://mlabs.umich.edu/tests/urine-bladder-ureteral-urethral-renal-pelvic-cytology,urine,NEW_CAT03C_REVIEW,,NEW_CAT03C_REVIEW,NEW_CAT03C_REVIEW,SPECIMEN_SELECTION_V1,SAFE_WITH_SPECIMEN_REQUIREMENTS_V1,TEST,yes,urine_cytology,Citología urinaria,PATOLOGIA_CITOLOGIA,FIXED:URINE,NONE,NONE,RESULT_MODEL_SUFFICIENT_UNSTRUCTURED,PATHOLOGY_CYTOLOGY,Patología y biopsias; descubrimiento secundario en orina,P1_COMMON_GENERAL,moderate,LOW,NONE,MINIMUM_CAT03C
179,Body-fluid fungal culture,https://mlabs.umich.edu/tests/fungus-culture-body-fluid,pleural/peritoneal/synovial/pericardial,NEW_CAT03C_REVIEW,,NEW_CAT03C_REVIEW,NEW_CAT03C_REVIEW,SPECIMEN_SELECTION_V1,SAFE_WITH_SPECIMEN_REQUIREMENTS_V1,TEST,yes,sterile_body_fluid_fungal_culture,Cultivo micológico de líquido estéril,MICROBIOLOGIA,"SELECT_ONE:PLEURAL_FLUID,ASCITIC_PERITONEAL_FLUID,PERICARDIAL_FLUID,SYNOVIAL_FLUID",NONE,NONE,RESULT_MODEL_SUFFICIENT_UNSTRUCTURED,CLINICAL_LAB,Microbiología,P3_ADVANCED_REFERENCE,moderate,LOW,NONE,EXTENDED_LATER
180,Body-fluid flow cytometry,https://www.mayocliniclabs.com/test-catalog/Overview/3287,CSF/pleural/peritoneal/pericardial,NEW_CAT03C_REVIEW,,NEW_CAT03C_REVIEW,NEW_CAT03C_REVIEW,NO_DISPOSITION_CHANGE,STILL_BLOCKED_PROVIDER_WORKFLOW,NONE,no,,,NO_NEW_IDENTITY,"SELECT_ONE:CSF,PLEURAL_FLUID,ASCITIC_PERITONEAL_FLUID,PERICARDIAL_FLUID",NONE,NONE,NOT_APPLICABLE,NOT_APPLICABLE,SIN_CAMBIO,NOT_APPLICABLE,moderate,PENDING,FLOW_REQUIRES_HISTORY_CELL_COUNT_AND_PROVIDER_TRIAGE,DEFER_CONTRACT_OR_PROVIDER_RULE
181,Sperm DNA fragmentation,https://www.mayocliniclabs.com/test-catalog/fertility-testing,semen,NEW_CAT03C_REVIEW,,NEW_CAT03C_REVIEW,NEW_CAT03C_REVIEW,NO_DISPOSITION_CHANGE,UNCERTAIN,NONE,no,,,NO_NEW_IDENTITY,FIXED:SEMEN,NONE,NONE,NOT_APPLICABLE,NOT_APPLICABLE,SIN_CAMBIO,NOT_APPLICABLE,moderate,PENDING,DIRECT_ORDER_DEFINITION_NOT_VERIFIED,EVIDENCE_REQUIRED
182,Salivary cortisol,https://www.mayocliniclabs.com/test-catalog/overview/84225,saliva,NEW_CAT03C_REVIEW,,NEW_CAT03C_REVIEW,NEW_CAT03C_REVIEW,NO_DISPOSITION_CHANGE,STILL_BLOCKED_PROVIDER_WORKFLOW,NONE,no,,,ENDOCRINOLOGIA,FIXED:SALIVA,NONE,NONE,NOT_APPLICABLE,NOT_APPLICABLE,Endocrinología,NOT_APPLICABLE,moderate,PENDING,SALIVA_COLLECTION_CLOCK_TIME_NOT_IN_V1; PROVIDER_PREANALYTICS_REQUIRED,DEFER_CONTRACT_OR_PROVIDER_RULE
