source_concept,normalized_name,specimen_fluid,mxmed_match,existing_key,classification,canonical_candidate,proposed_key,primary_family,optional_navigation_route,collection_timing_requirement,specimen_parameter_requirement,panel_profile_status,priority,commonness_rationale,duplicate_risk,external_references,implementation_recommendation
Urinalysis / EGO,urinalysis / ego,urine,EXACT_EXISTING,urinalysis,CANONICAL_ORDERABLE_TEST,no,,Laboratorio,urine,none,fixed in identity,no,P1_COMMON_GENERAL_LAB,"Core general renal, infection, pregnancy or baseline-fluid workup; local volume not measured.",no,https://www.mayoclinic.org/tests-procedures/urinalysis/about/pac-20384907,Keep current identity; do not seed duplicate.
Urinary albumin / microalbumin,urinary albumin / microalbumin,urine,EXACT_EXISTING,microalbumin,CANONICAL_ORDERABLE_TEST,no,,Laboratorio,urine,none,fixed in identity,no,P1_COMMON_GENERAL_LAB,"Core general renal, infection, pregnancy or baseline-fluid workup; local volume not measured.",no,https://www.mayocliniclabs.com/test-catalog/overview/609731,Keep current identity; do not seed duplicate.
Urine culture,urine culture,urine,EXACT_EXISTING,urine_culture,MICROBIOLOGY_ORDERABLE,no,,Laboratorio,urine,none,fixed in identity,no,P1_COMMON_GENERAL_LAB,"Core general renal, infection, pregnancy or baseline-fluid workup; local volume not measured.",no,https://www.mayocliniclabs.com/test-catalog/Overview/60515,Keep current identity; do not seed duplicate.
Urine albumin and creatinine ratio profile,urine albumin and creatinine ratio profile,urine,EXACT_EXISTING,urine_albumin_creatinine_panel,CANONICAL_ORDERABLE_PANEL,no,,Laboratorio,urine,none,fixed in identity,no,P1_COMMON_GENERAL_LAB,"Core general renal, infection, pregnancy or baseline-fluid workup; local volume not measured.",no,https://www.mayocliniclabs.com/test-catalog/overview/609731,Keep current identity; do not seed duplicate.
Urine protein and creatinine ratio profile,urine protein and creatinine ratio profile,urine,EXACT_EXISTING,urine_protein_creatinine_panel,CANONICAL_ORDERABLE_PANEL,no,,Laboratorio,urine,none,fixed in identity,no,P1_COMMON_GENERAL_LAB,"Core general renal, infection, pregnancy or baseline-fluid workup; local volume not measured.",no,https://www.mayocliniclabs.com/test-catalog/overview/614004,Keep current identity; do not seed duplicate.
Urine osmolality,urine osmolality,urine,EXACT_EXISTING,urine_osmolality,CANONICAL_ORDERABLE_TEST,no,,Laboratorio,urine,none,fixed in identity,no,P1_COMMON_GENERAL_LAB,"Core general renal, infection, pregnancy or baseline-fluid workup; local volume not measured.",no,https://www.mayocliniclabs.com/test-catalog/Overview/41236,Keep current identity; do not seed duplicate.
CSF cell count and differential,csf cell count and differential,CSF,EXACT_EXISTING,csf_cell_count,CANONICAL_ORDERABLE_TEST,no,,Laboratorio,CSF,none,fixed in identity,no,P2_COMMON_SPECIALTY,Common in the indicated specialty or fluid workup; local volume not measured.,no,https://mlabs.umich.edu/tests/body-fluid-analysis-csf,Keep current identity; do not seed duplicate.
Synovial crystals,synovial crystals,synovial,EXACT_EXISTING,synovial_crystals,CANONICAL_ORDERABLE_TEST,no,,Laboratorio,synovial,none,fixed in identity,no,P2_COMMON_SPECIALTY,Common in the indicated specialty or fluid workup; local volume not measured.,no,https://mlabs.umich.edu/tests/body-fluid-analysis-crystal-exam,Keep current identity; do not seed duplicate.
Basic semen analysis,basic semen analysis,semen,EXACT_EXISTING,semen_analysis,CANONICAL_ORDERABLE_TEST,no,,Laboratorio,semen,none,fixed in identity,no,P2_COMMON_SPECIALTY,Common in the indicated specialty or fluid workup; local volume not measured.,no,https://www.mayocliniclabs.com/test-catalog/overview/81641,Keep current identity; do not seed duplicate.
Examen general de orina,examen general de orina,urine,ALIAS_EXISTING,urinalysis,ALIAS_OF_EXISTING_TEST,no,,Laboratorio,urine,none,fixed in identity,no,P2_COMMON_SPECIALTY,Common in the indicated specialty or fluid workup; local volume not measured.,yes,https://www.mayoclinic.org/tests-procedures/urinalysis/about/pac-20384907,Keep existing alias; no new key.
Microalbuminuria,microalbuminuria,urine,ALIAS_EXISTING,microalbumin,ALIAS_OF_EXISTING_TEST,no,,Laboratorio,urine,none,fixed in identity,no,P2_COMMON_SPECIALTY,Common in the indicated specialty or fluid workup; local volume not measured.,yes,https://www.mayocliniclabs.com/test-catalog/overview/609731,Keep existing alias; no new key.
Espermatograma,espermatograma,semen,ALIAS_EXISTING,semen_analysis,ALIAS_OF_EXISTING_TEST,no,,Laboratorio,semen,none,fixed in identity,no,P2_COMMON_SPECIALTY,Common in the indicated specialty or fluid workup; local volume not measured.,yes,https://www.mayocliniclabs.com/test-catalog/overview/81641,Keep existing alias; no new key.
Citometría de LCR,citometría de lcr,CSF,ALIAS_EXISTING,csf_cell_count,ALIAS_OF_EXISTING_TEST,no,,Laboratorio,CSF,none,fixed in identity,no,P2_COMMON_SPECIALTY,Common in the indicated specialty or fluid workup; local volume not measured.,yes,https://mlabs.umich.edu/tests/body-fluid-analysis-csf,Keep existing alias; no new key.
Urine total protein spot,urine total protein spot,urine,MISSING_CANONICAL,,CANONICAL_ORDERABLE_TEST,yes,,Laboratorio,urine,none,specimen_type,no,P1_COMMON_GENERAL_LAB,"Core general renal, infection, pregnancy or baseline-fluid workup; local volume not measured.",moderate,https://www.mayocliniclabs.com/test-catalog/overview/617782/protein-total-random-urine-non-orderable,Mayo random total protein is non-orderable alone; verify another local provider before treating as standalone.
Urine creatinine spot,urine creatinine spot,urine,MISSING_CANONICAL,,CANONICAL_ORDERABLE_TEST,yes,urine_creatinine_spot,Laboratorio,urine,none,specimen_type,no,P1_COMMON_GENERAL_LAB,"Core general renal, infection, pregnancy or baseline-fluid workup; local volume not measured.",moderate,https://www.mayocliniclabs.com/test-catalog/Overview/610603,CAT03A: fixed spot-urine identity; no serum alias.
Urine sodium spot,urine sodium spot,urine,MISSING_CANONICAL,,CANONICAL_ORDERABLE_TEST,yes,urine_sodium_spot,Laboratorio,urine,none,specimen_type,no,P1_COMMON_GENERAL_LAB,"Core general renal, infection, pregnancy or baseline-fluid workup; local volume not measured.",moderate,https://www.mayocliniclabs.com/test-catalog/overview/610785,CAT03A: fixed spot-urine identity; no serum alias.
Urine potassium spot,urine potassium spot,urine,MISSING_CANONICAL,,CANONICAL_ORDERABLE_TEST,yes,urine_potassium_spot,Laboratorio,urine,none,specimen_type,no,P1_COMMON_GENERAL_LAB,"Core general renal, infection, pregnancy or baseline-fluid workup; local volume not measured.",moderate,https://prd1.mayocliniclabs.com/test-catalog/overview/610696,CAT03A: fixed spot-urine identity; no serum alias.
24-hour urine protein,24-hour urine protein,urine,MISSING_CANONICAL,,COLLECTION_DURATION_PARAMETER,yes,,Laboratorio,urine,24 h; actual start/end and duration required,specimen_type + collection_volume,no,P2_COMMON_SPECIALTY,Common in the indicated specialty or fluid workup; local volume not measured.,yes,https://www.mayocliniclabs.com/test-catalog/Overview/616180,CAT03B: keep analyte identity distinct from serum; parameterize timed collection and volume.
24-hour urine creatinine,24-hour urine creatinine,urine,MISSING_CANONICAL,,COLLECTION_DURATION_PARAMETER,yes,,Laboratorio,urine,24 h; actual start/end and duration required,specimen_type + collection_volume,no,P2_COMMON_SPECIALTY,Common in the indicated specialty or fluid workup; local volume not measured.,yes,https://www.mayocliniclabs.com/test-catalog/Overview/616180,CAT03B: keep analyte identity distinct from serum; parameterize timed collection and volume.
24-hour urine sodium,24-hour urine sodium,urine,MISSING_CANONICAL,,COLLECTION_DURATION_PARAMETER,yes,,Laboratorio,urine,24 h; actual start/end and duration required,specimen_type + collection_volume,no,P2_COMMON_SPECIALTY,Common in the indicated specialty or fluid workup; local volume not measured.,yes,https://www.mayocliniclabs.com/test-catalog/Overview/616180,CAT03B: keep analyte identity distinct from serum; parameterize timed collection and volume.
24-hour urine potassium,24-hour urine potassium,urine,MISSING_CANONICAL,,COLLECTION_DURATION_PARAMETER,yes,,Laboratorio,urine,24 h; actual start/end and duration required,specimen_type + collection_volume,no,P2_COMMON_SPECIALTY,Common in the indicated specialty or fluid workup; local volume not measured.,yes,https://www.mayocliniclabs.com/test-catalog/Overview/616180,CAT03B: keep analyte identity distinct from serum; parameterize timed collection and volume.
24-hour urine chloride,24-hour urine chloride,urine,MISSING_CANONICAL,,COLLECTION_DURATION_PARAMETER,yes,,Laboratorio,urine,24 h; actual start/end and duration required,specimen_type + collection_volume,no,P2_COMMON_SPECIALTY,Common in the indicated specialty or fluid workup; local volume not measured.,yes,https://www.mayocliniclabs.com/test-catalog/Overview/616180,CAT03B: keep analyte identity distinct from serum; parameterize timed collection and volume.
24-hour urine calcium,24-hour urine calcium,urine,MISSING_CANONICAL,,COLLECTION_DURATION_PARAMETER,yes,,Laboratorio,urine,24 h; actual start/end and duration required,specimen_type + collection_volume,no,P2_COMMON_SPECIALTY,Common in the indicated specialty or fluid workup; local volume not measured.,yes,https://www.mayocliniclabs.com/test-catalog/Overview/616180,CAT03B: keep analyte identity distinct from serum; parameterize timed collection and volume.
24-hour urine phosphate,24-hour urine phosphate,urine,MISSING_CANONICAL,,COLLECTION_DURATION_PARAMETER,yes,,Laboratorio,urine,24 h; actual start/end and duration required,specimen_type + collection_volume,no,P2_COMMON_SPECIALTY,Common in the indicated specialty or fluid workup; local volume not measured.,yes,https://www.mayocliniclabs.com/test-catalog/Overview/616180,CAT03B: keep analyte identity distinct from serum; parameterize timed collection and volume.
24-hour urine magnesium,24-hour urine magnesium,urine,MISSING_CANONICAL,,COLLECTION_DURATION_PARAMETER,yes,,Laboratorio,urine,24 h; actual start/end and duration required,specimen_type + collection_volume,no,P2_COMMON_SPECIALTY,Common in the indicated specialty or fluid workup; local volume not measured.,yes,https://www.mayocliniclabs.com/test-catalog/Overview/616180,CAT03B: keep analyte identity distinct from serum; parameterize timed collection and volume.
24-hour urine uric acid,24-hour urine uric acid,urine,MISSING_CANONICAL,,COLLECTION_DURATION_PARAMETER,yes,,Laboratorio,urine,24 h; actual start/end and duration required,specimen_type + collection_volume,no,P2_COMMON_SPECIALTY,Common in the indicated specialty or fluid workup; local volume not measured.,yes,https://www.mayocliniclabs.com/test-catalog/Overview/616180,CAT03B: keep analyte identity distinct from serum; parameterize timed collection and volume.
24-hour urine citrate,24-hour urine citrate,urine,MISSING_CANONICAL,,COLLECTION_DURATION_PARAMETER,yes,,Laboratorio,urine,24 h; actual start/end and duration required,specimen_type + collection_volume,no,P2_COMMON_SPECIALTY,Common in the indicated specialty or fluid workup; local volume not measured.,yes,https://www.mayocliniclabs.com/test-catalog/Overview/616180,CAT03B: keep analyte identity distinct from serum; parameterize timed collection and volume.
24-hour urine oxalate,24-hour urine oxalate,urine,MISSING_CANONICAL,,COLLECTION_DURATION_PARAMETER,yes,,Laboratorio,urine,24 h; actual start/end and duration required,specimen_type + collection_volume,no,P2_COMMON_SPECIALTY,Common in the indicated specialty or fluid workup; local volume not measured.,yes,https://www.mayocliniclabs.com/test-catalog/Overview/616180,CAT03B: keep analyte identity distinct from serum; parameterize timed collection and volume.
24-hour urine ammonium,24-hour urine ammonium,urine,MISSING_CANONICAL,,COLLECTION_DURATION_PARAMETER,yes,,Laboratorio,urine,24 h; actual start/end and duration required,specimen_type + collection_volume,no,P2_COMMON_SPECIALTY,Common in the indicated specialty or fluid workup; local volume not measured.,yes,https://www.mayocliniclabs.com/test-catalog/Overview/616180,CAT03B: keep analyte identity distinct from serum; parameterize timed collection and volume.
24-hour urine sulfate,24-hour urine sulfate,urine,MISSING_CANONICAL,,COLLECTION_DURATION_PARAMETER,yes,,Laboratorio,urine,24 h; actual start/end and duration required,specimen_type + collection_volume,no,P2_COMMON_SPECIALTY,Common in the indicated specialty or fluid workup; local volume not measured.,yes,https://www.mayocliniclabs.com/test-catalog/Overview/616180,CAT03B: keep analyte identity distinct from serum; parameterize timed collection and volume.
24-hour urine pH,24-hour urine ph,urine,MISSING_CANONICAL,,COLLECTION_DURATION_PARAMETER,yes,,Laboratorio,urine,24 h; actual start/end and duration required,specimen_type + collection_volume,no,P2_COMMON_SPECIALTY,Common in the indicated specialty or fluid workup; local volume not measured.,yes,https://www.mayocliniclabs.com/test-catalog/Overview/616180,CAT03B: keep analyte identity distinct from serum; parameterize timed collection and volume.
12-hour urine protein,12-hour urine protein,urine,MISSING_CANONICAL,,COLLECTION_DURATION_PARAMETER,yes,,Laboratorio,urine,12 h or 2 h per local offering,specimen_type + collection_volume,no,P2_COMMON_SPECIALTY,Common in the indicated specialty or fluid workup; local volume not measured.,yes,https://www.mayocliniclabs.com/test-catalog/Overview/614042,CAT03B: parameterize duration; verify 2 h provider availability before activation.
2-hour urine protein,2-hour urine protein,urine,UNCERTAIN,,UNCERTAIN,no,,Laboratorio,urine,12 h or 2 h per local offering,specimen_type + collection_volume,no,P2_COMMON_SPECIALTY,Common in the indicated specialty or fluid workup; local volume not measured.,yes,https://www.mayocliniclabs.com/test-catalog/Overview/614042,Independent orderability or local prevalence not established by the cited reference; verify before proposal.
Creatinine clearance,creatinine clearance,urine + serum,MISSING_CANONICAL,,CANONICAL_ORDERABLE_PANEL,yes,creatinine_clearance_panel,Laboratorio,urine + serum,timed 24 h,urine volume + paired serum creatinine + collection duration,true source profile,P1_COMMON_GENERAL_LAB,"Core general renal, infection, pregnancy or baseline-fluid workup; local volume not measured.",moderate,https://www.mayocliniclabs.com/test-catalog/overview/615813,CAT03B after paired specimen and calculation contract.
Urine pH strip,urine ph strip,urine,NOT_CANONICAL,urinalysis,RESULT_COMPONENT_NOT_ORDERABLE_ALONE,no,,Laboratorio,urine,none,fixed in urinalysis,no,P1_COMMON_GENERAL_LAB,"Core general renal, infection, pregnancy or baseline-fluid workup; local volume not measured.",yes,https://www.mayoclinic.org/tests-procedures/urinalysis/about/pac-20384907,Keep as EGO result components; standalone only if local orderable evidence is later verified.
Urine specific gravity,urine specific gravity,urine,NOT_CANONICAL,urinalysis,RESULT_COMPONENT_NOT_ORDERABLE_ALONE,no,,Laboratorio,urine,none,fixed in urinalysis,no,P1_COMMON_GENERAL_LAB,"Core general renal, infection, pregnancy or baseline-fluid workup; local volume not measured.",yes,https://www.mayoclinic.org/tests-procedures/urinalysis/about/pac-20384907,Keep as EGO result components; standalone only if local orderable evidence is later verified.
Urine glucose dipstick,urine glucose dipstick,urine,NOT_CANONICAL,urinalysis,RESULT_COMPONENT_NOT_ORDERABLE_ALONE,no,,Laboratorio,urine,none,fixed in urinalysis,no,P1_COMMON_GENERAL_LAB,"Core general renal, infection, pregnancy or baseline-fluid workup; local volume not measured.",yes,https://www.mayoclinic.org/tests-procedures/urinalysis/about/pac-20384907,Keep as EGO result components; standalone only if local orderable evidence is later verified.
Urine ketones dipstick,urine ketones dipstick,urine,NOT_CANONICAL,urinalysis,RESULT_COMPONENT_NOT_ORDERABLE_ALONE,no,,Laboratorio,urine,none,fixed in urinalysis,no,P1_COMMON_GENERAL_LAB,"Core general renal, infection, pregnancy or baseline-fluid workup; local volume not measured.",yes,https://www.mayoclinic.org/tests-procedures/urinalysis/about/pac-20384907,Keep as EGO result components; standalone only if local orderable evidence is later verified.
Urine blood/hemoglobin dipstick,urine blood/hemoglobin dipstick,urine,NOT_CANONICAL,urinalysis,RESULT_COMPONENT_NOT_ORDERABLE_ALONE,no,,Laboratorio,urine,none,fixed in urinalysis,no,P1_COMMON_GENERAL_LAB,"Core general renal, infection, pregnancy or baseline-fluid workup; local volume not measured.",yes,https://www.mayoclinic.org/tests-procedures/urinalysis/about/pac-20384907,Keep as EGO result components; standalone only if local orderable evidence is later verified.
Urine protein dipstick,urine protein dipstick,urine,NOT_CANONICAL,urinalysis,RESULT_COMPONENT_NOT_ORDERABLE_ALONE,no,,Laboratorio,urine,none,fixed in urinalysis,no,P1_COMMON_GENERAL_LAB,"Core general renal, infection, pregnancy or baseline-fluid workup; local volume not measured.",yes,https://www.mayoclinic.org/tests-procedures/urinalysis/about/pac-20384907,Keep as EGO result components; standalone only if local orderable evidence is later verified.
Urine RBC microscopy,urine rbc microscopy,urine,NOT_CANONICAL,urinalysis,RESULT_COMPONENT_NOT_ORDERABLE_ALONE,no,,Laboratorio,urine,none,specimen_type,no,P1_COMMON_GENERAL_LAB,"Core general renal, infection, pregnancy or baseline-fluid workup; local volume not measured.",yes,https://www.mayoclinic.org/tests-procedures/urinalysis/about/pac-20384907,"Result components of EGO, not new studies."
Urine WBC microscopy,urine wbc microscopy,urine,NOT_CANONICAL,urinalysis,RESULT_COMPONENT_NOT_ORDERABLE_ALONE,no,,Laboratorio,urine,none,specimen_type,no,P1_COMMON_GENERAL_LAB,"Core general renal, infection, pregnancy or baseline-fluid workup; local volume not measured.",yes,https://www.mayoclinic.org/tests-procedures/urinalysis/about/pac-20384907,"Result components of EGO, not new studies."
Urine nitrite,urine nitrite,urine,NOT_CANONICAL,urinalysis,RESULT_COMPONENT_NOT_ORDERABLE_ALONE,no,,Laboratorio,urine,none,specimen_type,no,P1_COMMON_GENERAL_LAB,"Core general renal, infection, pregnancy or baseline-fluid workup; local volume not measured.",yes,https://www.mayoclinic.org/tests-procedures/urinalysis/about/pac-20384907,"Result components of EGO, not new studies."
Urine leukocyte esterase,urine leukocyte esterase,urine,NOT_CANONICAL,urinalysis,RESULT_COMPONENT_NOT_ORDERABLE_ALONE,no,,Laboratorio,urine,none,specimen_type,no,P1_COMMON_GENERAL_LAB,"Core general renal, infection, pregnancy or baseline-fluid workup; local volume not measured.",yes,https://www.mayoclinic.org/tests-procedures/urinalysis/about/pac-20384907,"Result components of EGO, not new studies."
Urine albumin/creatinine calculated ratio,urine albumin/creatinine calculated ratio,urine,NOT_CANONICAL,urine_albumin_creatinine_panel,CALCULATED_OR_DERIVED_RESULT,no,,Laboratorio,urine,none,specimen_type,no,P2_COMMON_SPECIALTY,Common in the indicated specialty or fluid workup; local volume not measured.,yes,https://www.mayocliniclabs.com/test-catalog/overview/609731,Report in panel result only.
Urine protein/creatinine calculated ratio,urine protein/creatinine calculated ratio,urine,NOT_CANONICAL,urine_protein_creatinine_panel,CALCULATED_OR_DERIVED_RESULT,no,,Laboratorio,urine,none,specimen_type,no,P2_COMMON_SPECIALTY,Common in the indicated specialty or fluid workup; local volume not measured.,yes,https://www.mayocliniclabs.com/test-catalog/overview/614004,Report in panel result only.
Urine myoglobin,urine myoglobin,urine,MISSING_CANONICAL,,CANONICAL_ORDERABLE_TEST,yes,,Laboratorio,urine,none,specimen_type,no,P2_COMMON_SPECIALTY,Common in the indicated specialty or fluid workup; local volume not measured.,moderate,https://www.labcorp.com/tests/003079/myoglobin-quantitative-random-urine,Defer; verify dedicated provider method and preservation requirements.
Urine beta-2 microglobulin,urine beta-2 microglobulin,urine,MISSING_CANONICAL,,CANONICAL_ORDERABLE_TEST,yes,,Laboratorio,urine,none,specimen_type,no,P2_COMMON_SPECIALTY,Common in the indicated specialty or fluid workup; local volume not measured.,moderate,https://www.mayocliniclabs.com/test-catalog/overview/602026,Defer until preservative/pH collection contract; cited Mayo test requires pH stabilization.
Urine pH standalone,urine ph standalone,urine,MISSING_CANONICAL,,CANONICAL_ORDERABLE_TEST,yes,,Laboratorio,urine,none,fixed random urine identity,no,P2_COMMON_SPECIALTY,Common in the indicated specialty or fluid workup; local volume not measured.,moderate,https://www.mayocliniclabs.com/test-catalog/overview/606510,Source offers a separate test; verify clinical demand and avoid duplicating EGO component.
Urine specific gravity standalone,urine specific gravity standalone,urine,MISSING_CANONICAL,,CANONICAL_ORDERABLE_TEST,yes,,Laboratorio,urine,none,fixed random urine identity,no,P2_COMMON_SPECIALTY,Common in the indicated specialty or fluid workup; local volume not measured.,moderate,https://www.mayocliniclabs.com/test-catalog/overview/606565,Source offers a separate test; verify clinical demand and avoid duplicating EGO component.
Urine free hemoglobin standalone,urine free hemoglobin standalone,urine,MISSING_CANONICAL,,CANONICAL_ORDERABLE_TEST,yes,,Laboratorio,urine,none,fixed random urine identity,no,P3_ADVANCED_REFERENCE_LAB,Reference-lab or specialist use; not assumed routine general ordering.,moderate,https://www.labcorp.com/tests/080176/hemoglobin-hb-free-qualitative-urine,Source offers a separate test; verify clinical demand and avoid duplicating EGO component.
Urine bicarbonate,urine bicarbonate,urine,UNCERTAIN,,UNCERTAIN,no,,Laboratorio,urine,none,specimen_type,no,P2_COMMON_SPECIALTY,Common in the indicated specialty or fluid workup; local volume not measured.,moderate,https://www.mayocliniclabs.com/test-catalog/Overview/616180,No independent spot order confirmed in reviewed sources; verify provider catalog.
Urine urea nitrogen spot,urine urea nitrogen spot,urine,UNCERTAIN,,UNCERTAIN,no,,Laboratorio,urine,none,specimen_type,no,P2_COMMON_SPECIALTY,Common in the indicated specialty or fluid workup; local volume not measured.,moderate,https://www.mayocliniclabs.com/test-catalog/Overview/616180,No independent spot order confirmed in reviewed sources; verify provider catalog.
24-hour urine volume,24-hour urine volume,urine,NOT_CANONICAL,,COLLECTION_VOLUME_PARAMETER,no,,Laboratorio,urine,24 h,collection_volume,no,P2_COMMON_SPECIALTY,Common in the indicated specialty or fluid workup; local volume not measured.,yes,https://www.mayocliniclabs.com/test-catalog/Overview/616180,"Capture as collection fact, not study."
Urinary supersaturation calcium oxalate,urinary supersaturation calcium oxalate,urine,NOT_CANONICAL,,CALCULATED_OR_DERIVED_RESULT,no,,Laboratorio,urine,random or 24 h profile,specimen_type,no,P2_COMMON_SPECIALTY,Common in the indicated specialty or fluid workup; local volume not measured.,yes,https://www.mayocliniclabs.com/test-catalog/Overview/616180,"Profile result components, not standalone orders."
Urinary supersaturation calcium phosphate,urinary supersaturation calcium phosphate,urine,NOT_CANONICAL,,CALCULATED_OR_DERIVED_RESULT,no,,Laboratorio,urine,random or 24 h profile,specimen_type,no,P2_COMMON_SPECIALTY,Common in the indicated specialty or fluid workup; local volume not measured.,yes,https://www.mayocliniclabs.com/test-catalog/Overview/616180,"Profile result components, not standalone orders."
Urinary supersaturation uric acid,urinary supersaturation uric acid,urine,NOT_CANONICAL,,CALCULATED_OR_DERIVED_RESULT,no,,Laboratorio,urine,random or 24 h profile,specimen_type,no,P2_COMMON_SPECIALTY,Common in the indicated specialty or fluid workup; local volume not measured.,yes,https://www.mayocliniclabs.com/test-catalog/Overview/616180,"Profile result components, not standalone orders."
Stone-risk supersaturation profile random,stone-risk supersaturation profile random,urine,MISSING_CANONICAL,,CANONICAL_ORDERABLE_PANEL,yes,urine_stone_risk_panel,Laboratorio,urine,random,specimen_type,true source profile,P2_COMMON_SPECIALTY,Common in the indicated specialty or fluid workup; local volume not measured.,moderate,https://www.mayocliniclabs.com/test-catalog/Overview/616375,CAT03C after exact panel composition and provider mapping.
Stone-risk supersaturation profile 24 h,stone-risk supersaturation profile 24 h,urine,MISSING_CANONICAL,,CANONICAL_ORDERABLE_PANEL,yes,urine_stone_risk_panel,Laboratorio,urine,24 h + volume,specimen_type,true source profile,P2_COMMON_SPECIALTY,Common in the indicated specialty or fluid workup; local volume not measured.,yes,https://www.mayocliniclabs.com/test-catalog/Overview/616180,Same clinical profile family; CAT03B collection contract before activation.
Urine cystine,urine cystine,urine,MISSING_CANONICAL,,CANONICAL_ORDERABLE_TEST,yes,,Laboratorio,urine,none,specimen_type,no,P2_COMMON_SPECIALTY,Common in the indicated specialty or fluid workup; local volume not measured.,moderate,https://www.mayocliniclabs.com/test-catalog/Overview/616375,Verify standalone availability and fixed specimen before seeding.
Urine citrate spot,urine citrate spot,urine,NOT_CANONICAL,,RESULT_COMPONENT_NOT_ORDERABLE_ALONE,no,,Laboratorio,urine,none,specimen_type,no,P2_COMMON_SPECIALTY,Common in the indicated specialty or fluid workup; local volume not measured.,moderate,https://www.mayocliniclabs.com/test-catalog/Overview/616375,Reviewed profile does not establish this as independently orderable; do not seed.
Urine oxalate spot,urine oxalate spot,urine,NOT_CANONICAL,,RESULT_COMPONENT_NOT_ORDERABLE_ALONE,no,,Laboratorio,urine,none,specimen_type,no,P2_COMMON_SPECIALTY,Common in the indicated specialty or fluid workup; local volume not measured.,moderate,https://www.mayocliniclabs.com/test-catalog/Overview/616375,Reviewed profile does not establish this as independently orderable; do not seed.
Urine free cortisol,urine free cortisol,urine,MISSING_CANONICAL,,CANONICAL_ORDERABLE_TEST,yes,,Endocrinología,Orina y otros fluidos (secondary),24 h or source-specific,specimen_type + timing + volume where required,no,P2_COMMON_SPECIALTY,Common in the indicated specialty or fluid workup; local volume not measured.,moderate,https://www.mayocliniclabs.com/test-catalog/overview/8546,Defer to primary clinical family and specimen/timing contract; verify exact provider offering.
Urine fractionated metanephrines,urine fractionated metanephrines,urine,MISSING_CANONICAL,,CANONICAL_ORDERABLE_TEST,yes,,Endocrinología,Orina y otros fluidos (secondary),24 h or source-specific,specimen_type + timing + volume where required,no,P2_COMMON_SPECIALTY,Common in the indicated specialty or fluid workup; local volume not measured.,moderate,https://www.mayocliniclabs.com/test-catalog/overview/83006,Defer to primary clinical family and specimen/timing contract; verify exact provider offering.
Urine catecholamines,urine catecholamines,urine,MISSING_CANONICAL,,CANONICAL_ORDERABLE_TEST,yes,,Endocrinología,Orina y otros fluidos (secondary),24 h or source-specific,specimen_type + timing + volume where required,no,P2_COMMON_SPECIALTY,Common in the indicated specialty or fluid workup; local volume not measured.,moderate,https://www.mayocliniclabs.com/test-catalog/Overview/9276,Defer to primary clinical family and specimen/timing contract; verify exact provider offering.
Urine 5-HIAA,urine 5-hiaa,urine,MISSING_CANONICAL,,CANONICAL_ORDERABLE_TEST,yes,,Endocrinología,Orina y otros fluidos (secondary),24 h or source-specific,specimen_type + timing + volume where required,no,P2_COMMON_SPECIALTY,Common in the indicated specialty or fluid workup; local volume not measured.,moderate,https://www.mayocliniclabs.com/test-catalog/overview/9248,Defer to primary clinical family and specimen/timing contract; verify exact provider offering.
Urine VMA,urine vma,urine,UNCERTAIN,,UNCERTAIN,no,,Endocrinología,Orina y otros fluidos (secondary),24 h or source-specific,specimen_type + timing + volume where required,no,P2_COMMON_SPECIALTY,Common in the indicated specialty or fluid workup; local volume not measured.,moderate,https://www.mayocliniclabs.com/test-catalog/overview/83006,Independent orderability or local prevalence not established by the cited reference; verify before proposal.
Urine aldosterone,urine aldosterone,urine,UNCERTAIN,,UNCERTAIN,no,,Endocrinología,Orina y otros fluidos (secondary),24 h or source-specific,specimen_type + timing + volume where required,no,P2_COMMON_SPECIALTY,Common in the indicated specialty or fluid workup; local volume not measured.,moderate,https://www.mayocliniclabs.com/test-catalog/overview/83006,Independent orderability or local prevalence not established by the cited reference; verify before proposal.
Urine porphyrins,urine porphyrins,urine,MISSING_CANONICAL,,ADVANCED_SPECIALTY,yes,,Laboratorio,Orina y otros fluidos (secondary),spot or 24 h per test,specimen_type + timing + volume where required,no,P3_ADVANCED_REFERENCE_LAB,Reference-lab or specialist use; not assumed routine general ordering.,moderate,https://www.mayocliniclabs.com/test-catalog/Overview/8562,Defer to primary clinical family and specimen/timing contract; verify exact provider offering.
Urine porphobilinogen,urine porphobilinogen,urine,MISSING_CANONICAL,,ADVANCED_SPECIALTY,yes,,Laboratorio,Orina y otros fluidos (secondary),spot or 24 h per test,specimen_type + timing + volume where required,no,P3_ADVANCED_REFERENCE_LAB,Reference-lab or specialist use; not assumed routine general ordering.,moderate,https://www.mayocliniclabs.com/test-catalog/Overview/82068,Defer to primary clinical family and specimen/timing contract; verify exact provider offering.
Urine copper,urine copper,urine,UNCERTAIN,,UNCERTAIN,no,,Laboratorio,Orina y otros fluidos (secondary),spot or 24 h per test,specimen_type + timing + volume where required,no,P3_ADVANCED_REFERENCE_LAB,Reference-lab or specialist use; not assumed routine general ordering.,moderate,https://www.mayocliniclabs.com/specimen/collection-and-preparation,Independent orderability or local prevalence not established by the cited reference; verify before proposal.
Urine iodine,urine iodine,urine,UNCERTAIN,,UNCERTAIN,no,,Laboratorio,Orina y otros fluidos (secondary),spot or 24 h per test,specimen_type + timing + volume where required,no,P3_ADVANCED_REFERENCE_LAB,Reference-lab or specialist use; not assumed routine general ordering.,moderate,https://www.mayocliniclabs.com/specimen/collection-and-preparation,Independent orderability or local prevalence not established by the cited reference; verify before proposal.
Urine protein electrophoresis,urine protein electrophoresis,urine,MISSING_CANONICAL,,CANONICAL_ORDERABLE_PANEL,yes,,Inmunología/Hematología,Orina y otros fluidos (secondary),24 h or random per source,specimen_type + timing + volume where required,true source panel,P2_COMMON_SPECIALTY,Common in the indicated specialty or fluid workup; local volume not measured.,moderate,https://www.mayocliniclabs.com/test-catalog/overview/616911,Defer to primary clinical family and specimen/timing contract; verify exact provider offering.
Urine immunofixation,urine immunofixation,urine,MISSING_CANONICAL,,CANONICAL_ORDERABLE_PANEL,yes,,Inmunología/Hematología,Orina y otros fluidos (secondary),24 h or random per source,specimen_type + timing + volume where required,true source panel,P2_COMMON_SPECIALTY,Common in the indicated specialty or fluid workup; local volume not measured.,moderate,https://www.mayocliniclabs.com/test-catalog/overview/616911,Defer to primary clinical family and specimen/timing contract; verify exact provider offering.
Urine free light chains,urine free light chains,urine,MISSING_CANONICAL,,CANONICAL_ORDERABLE_PANEL,yes,,Inmunología/Hematología,Orina y otros fluidos (secondary),24 h or random per source,specimen_type + timing + volume where required,true source panel,P2_COMMON_SPECIALTY,Common in the indicated specialty or fluid workup; local volume not measured.,moderate,https://www.mayocliniclabs.com/test-catalog/overview/616911,Defer to primary clinical family and specimen/timing contract; verify exact provider offering.
Urine drug screen,urine drug screen,urine,MISSING_CANONICAL,,CANONICAL_ORDERABLE_PANEL,yes,,Toxicología,Orina y otros fluidos (secondary),random,specimen_type + timing + volume where required,true source panel,P3_ADVANCED_REFERENCE_LAB,Reference-lab or specialist use; not assumed routine general ordering.,moderate,https://www.mayocliniclabs.com/specimen/collection-and-preparation,Defer to primary clinical family and specimen/timing contract; verify exact provider offering.
Urine pregnancy qualitative hCG,urine pregnancy qualitative hcg,urine,MISSING_CANONICAL,,CANONICAL_ORDERABLE_TEST,yes,urine_pregnancy_qualitative,Laboratorio,urine,none,fixed urine identity,no,P1_COMMON_GENERAL_LAB,"Core general renal, infection, pregnancy or baseline-fluid workup; local volume not measured.",no,https://www.labcorp.com/tests/004036/pregnancy-test-urine,CAT03A candidate; distinct from current quantitative serum bhcg.
Urine culture susceptibility,urine culture susceptibility,urine,NOT_CANONICAL,urine_culture,RESULT_COMPONENT_NOT_ORDERABLE_ALONE,no,,Laboratorio,urine,none,specimen_type,no,P2_COMMON_SPECIALTY,Common in the indicated specialty or fluid workup; local volume not measured.,yes,https://www.mayocliniclabs.com/test-catalog/Overview/60515,Keep susceptibility reflex/result workflow tied to culture; no duplicate order key.
Urine Gram stain,urine gram stain,urine,MISSING_CANONICAL,,MICROBIOLOGY_ORDERABLE,yes,,Microbiología,urine,none,specimen_type,no,P2_COMMON_SPECIALTY,Common in the indicated specialty or fluid workup; local volume not measured.,moderate,https://www.mayocliniclabs.com/test-catalog/Overview/60515,Verify independent local orderability; specimen contract required.
Urine CT/NG NAAT,urine ct/ng naat,urine,MISSING_CANONICAL,,MOLECULAR_ORDERABLE,yes,,Microbiología molecular,urine,none,specimen_type,no,P2_COMMON_SPECIALTY,Common in the indicated specialty or fluid workup; local volume not measured.,moderate,https://www.mayocliniclabs.com/test-catalog/overview/61553,Source-specific organism/panel definition required; not duplicate culture.
Urine UTI multiplex molecular panel,urine uti multiplex molecular panel,urine,UNCERTAIN,,UNCERTAIN,no,,Microbiología molecular,urine,none,specimen_type,no,P2_COMMON_SPECIALTY,Common in the indicated specialty or fluid workup; local volume not measured.,moderate,https://www.mayocliniclabs.com/specimen/collection-and-preparation,Independent orderability or local prevalence not established by the cited reference; verify before proposal.
CSF glucose,csf glucose,CSF,MISSING_CANONICAL,,CANONICAL_ORDERABLE_TEST,yes,csf_glucose,Laboratorio,LCR,none,fixed CSF identity,no,P1_COMMON_GENERAL_LAB,"Core general renal, infection, pregnancy or baseline-fluid workup; local volume not measured.",no,https://prd1.mayocliniclabs.com/test-catalog/overview/152,CAT03A fixed CSF test
CSF total protein,csf total protein,CSF,MISSING_CANONICAL,,CANONICAL_ORDERABLE_TEST,yes,csf_total_protein,Laboratorio,LCR,none,fixed CSF identity,no,P1_COMMON_GENERAL_LAB,"Core general renal, infection, pregnancy or baseline-fluid workup; local volume not measured.",no,https://www.mayocliniclabs.com/test-catalog/overview/872,CAT03A fixed CSF test
CSF lactate,csf lactate,CSF,MISSING_CANONICAL,,CANONICAL_ORDERABLE_TEST,yes,,Laboratorio,LCR,none,CSF source + paired serum if indicated,no,P2_COMMON_SPECIALTY,Common in the indicated specialty or fluid workup; local volume not measured.,moderate,https://www.mayocliniclabs.com/test-catalog/Overview/601821,CAT03C after source/paired specimen contract and provider verification.
CSF chloride,csf chloride,CSF,UNCERTAIN,,UNCERTAIN,no,,Laboratorio,LCR (secondary),none,CSF source + paired serum if indicated,no,P4_RARE_OR_SPECIALIZED,"Rare, limited-utility or method-specific use; local offering unverified.",moderate,https://www.mayocliniclabs.com/test-catalog/Overview/622764,Independent orderability or local prevalence not established by the cited reference; verify before proposal.
CSF oligoclonal bands with paired serum,csf oligoclonal bands with paired serum,CSF,MISSING_CANONICAL,,CANONICAL_ORDERABLE_PANEL,yes,,Laboratorio,LCR (secondary),none,CSF source + paired serum if indicated,true source panel,P2_COMMON_SPECIALTY,Common in the indicated specialty or fluid workup; local volume not measured.,moderate,https://www.mayocliniclabs.com/test-catalog/Overview/8017,CAT03C after source/paired specimen contract and provider verification.
CSF IgG index with paired serum,csf igg index with paired serum,CSF,MISSING_CANONICAL,,CANONICAL_ORDERABLE_PANEL,yes,,Laboratorio,LCR (secondary),none,CSF source + paired serum if indicated,true source panel,P2_COMMON_SPECIALTY,Common in the indicated specialty or fluid workup; local volume not measured.,moderate,https://www.mayocliniclabs.com/test-catalog/Overview/610783,CAT03C after source/paired specimen contract and provider verification.
CSF Gram stain,csf gram stain,CSF,MISSING_CANONICAL,,MICROBIOLOGY_ORDERABLE,yes,,Microbiología,LCR (secondary),none,CSF source + paired serum if indicated,no,P1_COMMON_GENERAL_LAB,"Core general renal, infection, pregnancy or baseline-fluid workup; local volume not measured.",moderate,https://www.mayocliniclabs.com/test-catalog/Overview/622764,CAT03C after source/paired specimen contract and provider verification.
CSF bacterial culture,csf bacterial culture,CSF,MISSING_CANONICAL,,MICROBIOLOGY_ORDERABLE,yes,,Microbiología,LCR (secondary),none,CSF source + paired serum if indicated,no,P1_COMMON_GENERAL_LAB,"Core general renal, infection, pregnancy or baseline-fluid workup; local volume not measured.",moderate,https://www.mayocliniclabs.com/test-catalog/Overview/622764,CAT03C after source/paired specimen contract and provider verification.
CSF cryptococcal antigen,csf cryptococcal antigen,CSF,MISSING_CANONICAL,,MICROBIOLOGY_ORDERABLE,yes,,Microbiología,LCR (secondary),none,CSF source + paired serum if indicated,no,P2_COMMON_SPECIALTY,Common in the indicated specialty or fluid workup; local volume not measured.,moderate,https://www.mayocliniclabs.com/test-catalog/Overview/801562,CAT03C after source/paired specimen contract and provider verification.
CSF VDRL,csf vdrl,CSF,MISSING_CANONICAL,,MICROBIOLOGY_ORDERABLE,yes,,Microbiología,LCR (secondary),none,CSF source + paired serum if indicated,no,P2_COMMON_SPECIALTY,Common in the indicated specialty or fluid workup; local volume not measured.,moderate,https://www.mayocliniclabs.com/test-catalog/overview/9028,CAT03C after source/paired specimen contract and provider verification.
CSF fungal culture,csf fungal culture,CSF,MISSING_CANONICAL,,MICROBIOLOGY_ORDERABLE,yes,,Microbiología,LCR (secondary),none,CSF source + paired serum if indicated,no,P2_COMMON_SPECIALTY,Common in the indicated specialty or fluid workup; local volume not measured.,moderate,https://www.mayocliniclabs.com/test-catalog/Overview/622764,CAT03C after source/paired specimen contract and provider verification.
CSF TB PCR/culture,csf tb pcr/culture,CSF,MISSING_CANONICAL,,MOLECULAR_ORDERABLE,yes,,Microbiología,LCR (secondary),none,CSF source + paired serum if indicated,no,P2_COMMON_SPECIALTY,Common in the indicated specialty or fluid workup; local volume not measured.,moderate,https://www.mayocliniclabs.com/test-catalog/Overview/622764,CAT03C after source/paired specimen contract and provider verification.
CSF meningitis/encephalitis PCR panel,csf meningitis/encephalitis pcr panel,CSF,MISSING_CANONICAL,,CANONICAL_ORDERABLE_PANEL,yes,,Laboratorio,LCR (secondary),none,CSF source + paired serum if indicated,true source panel,P2_COMMON_SPECIALTY,Common in the indicated specialty or fluid workup; local volume not measured.,moderate,https://www.mayocliniclabs.com/test-catalog/Overview/622764,CAT03C after source/paired specimen contract and provider verification.
CSF cytology,csf cytology,CSF,MISSING_CANONICAL,,PATHOLOGY_CYTOLOGY_ORDERABLE,yes,,Patología,LCR (secondary),none,CSF source + paired serum if indicated,no,P2_COMMON_SPECIALTY,Common in the indicated specialty or fluid workup; local volume not measured.,moderate,https://mlabs.umich.edu/tests/cerebrospinal-fluid-cytology,CAT03C after source/paired specimen contract and provider verification.
CSF flow cytometry,csf flow cytometry,CSF,MISSING_CANONICAL,,PATHOLOGY_CYTOLOGY_ORDERABLE,yes,,Patología,LCR (secondary),none,CSF source + paired serum if indicated,no,P3_ADVANCED_REFERENCE_LAB,Reference-lab or specialist use; not assumed routine general ordering.,moderate,https://www.mayocliniclabs.com/test-catalog/overview/608873,CAT03C after source/paired specimen contract and provider verification.
CSF neutrophil differential,csf neutrophil differential,CSF,NOT_CANONICAL,csf_cell_count,RESULT_COMPONENT_NOT_ORDERABLE_ALONE,no,,Laboratorio,CSF,none,specimen_type,no,P2_COMMON_SPECIALTY,Common in the indicated specialty or fluid workup; local volume not measured.,yes,https://mlabs.umich.edu/tests/body-fluid-analysis-csf,Result components of existing CSF cell count.
CSF lymphocyte differential,csf lymphocyte differential,CSF,NOT_CANONICAL,csf_cell_count,RESULT_COMPONENT_NOT_ORDERABLE_ALONE,no,,Laboratorio,CSF,none,specimen_type,no,P2_COMMON_SPECIALTY,Common in the indicated specialty or fluid workup; local volume not measured.,yes,https://mlabs.umich.edu/tests/body-fluid-analysis-csf,Result components of existing CSF cell count.
CSF IgG index calculated,csf igg index calculated,CSF + serum,NOT_CANONICAL,,CALCULATED_OR_DERIVED_RESULT,no,,Laboratorio,CSF + serum,none,specimen_type,no,P2_COMMON_SPECIALTY,Common in the indicated specialty or fluid workup; local volume not measured.,yes,https://www.mayocliniclabs.com/test-catalog/Overview/8017,"Report within paired profile, not isolated order."
CSF IgG concentration,csf igg concentration,CSF,NOT_CANONICAL,,RESULT_COMPONENT_NOT_ORDERABLE_ALONE,no,,Laboratorio,CSF,none,specimen_type,no,P2_COMMON_SPECIALTY,Common in the indicated specialty or fluid workup; local volume not measured.,yes,https://www.mayocliniclabs.com/test-catalog/Overview/610783,Component of paired IgG-index profile in reviewed source; verify separate offering before seeding.
CSF albumin concentration,csf albumin concentration,CSF,NOT_CANONICAL,,RESULT_COMPONENT_NOT_ORDERABLE_ALONE,no,,Laboratorio,CSF,none,specimen_type,no,P2_COMMON_SPECIALTY,Common in the indicated specialty or fluid workup; local volume not measured.,yes,https://www.mayocliniclabs.com/test-catalog/Overview/610783,Component of paired IgG-index profile in reviewed source; verify separate offering before seeding.
CSF albumin quotient,csf albumin quotient,CSF + serum,NOT_CANONICAL,,CALCULATED_OR_DERIVED_RESULT,no,,Laboratorio,CSF + serum,none,specimen_type,no,P2_COMMON_SPECIALTY,Common in the indicated specialty or fluid workup; local volume not measured.,yes,https://www.mayocliniclabs.com/test-catalog/Overview/610783,"Derived paired result, not independent order."
Pleural fluid cell count and differential,pleural fluid cell count and differential,pleural,MISSING_CANONICAL,,CANONICAL_ORDERABLE_PANEL,yes,body_fluid_cell_count,Laboratorio,pleural,none,specimen_type + source_site + collection_datetime,true source panel,P1_COMMON_GENERAL_LAB,"Core general renal, infection, pregnancy or baseline-fluid workup; local volume not measured.",yes,https://www.mayocliniclabs.com/test-catalog/overview/608873,"CAT03B: one body-fluid analyte/profile identity plus validated fluid source, not one key per cavity."
Pleural fluid glucose,pleural fluid glucose,pleural,MISSING_CANONICAL,,SAME_TEST_DIFFERENT_SPECIMEN,yes,body_fluid_glucose,Laboratorio,pleural,none,specimen_type + source_site + collection_datetime,no,P2_COMMON_SPECIALTY,Common in the indicated specialty or fluid workup; local volume not measured.,yes,https://prd1.mayocliniclabs.com/test-catalog/overview/606609,"CAT03B: one body-fluid analyte/profile identity plus validated fluid source, not one key per cavity."
Pleural fluid total protein,pleural fluid total protein,pleural,MISSING_CANONICAL,,SAME_TEST_DIFFERENT_SPECIMEN,yes,body_fluid_total_protein,Laboratorio,pleural,none,specimen_type + source_site + collection_datetime,no,P2_COMMON_SPECIALTY,Common in the indicated specialty or fluid workup; local volume not measured.,yes,https://www.mayocliniclabs.com/test-catalog/overview/606619,"CAT03B: one body-fluid analyte/profile identity plus validated fluid source, not one key per cavity."
Pleural fluid albumin,pleural fluid albumin,pleural,MISSING_CANONICAL,,SAME_TEST_DIFFERENT_SPECIMEN,yes,body_fluid_albumin,Laboratorio,pleural,none,specimen_type + source_site + collection_datetime,no,P2_COMMON_SPECIALTY,Common in the indicated specialty or fluid workup; local volume not measured.,yes,https://www.mayocliniclabs.com/test-catalog/Overview/800507,"CAT03B: one body-fluid analyte/profile identity plus validated fluid source, not one key per cavity."
Pleural fluid LDH,pleural fluid ldh,pleural,MISSING_CANONICAL,,SAME_TEST_DIFFERENT_SPECIMEN,yes,body_fluid_LDH,Laboratorio,pleural,none,specimen_type + source_site + collection_datetime,no,P2_COMMON_SPECIALTY,Common in the indicated specialty or fluid workup; local volume not measured.,yes,https://prd1.mayocliniclabs.com/test-catalog/overview/606612,"CAT03B: one body-fluid analyte/profile identity plus validated fluid source, not one key per cavity."
Pleural fluid amylase,pleural fluid amylase,pleural,MISSING_CANONICAL,,SAME_TEST_DIFFERENT_SPECIMEN,yes,body_fluid_amylase,Laboratorio,pleural,none,specimen_type + source_site + collection_datetime,no,P2_COMMON_SPECIALTY,Common in the indicated specialty or fluid workup; local volume not measured.,yes,https://www.mayocliniclabs.com/test-catalog/overview/606595,"CAT03B: one body-fluid analyte/profile identity plus validated fluid source, not one key per cavity."
Pleural fluid triglycerides,pleural fluid triglycerides,pleural,MISSING_CANONICAL,,SAME_TEST_DIFFERENT_SPECIMEN,yes,body_fluid_triglycerides,Laboratorio,pleural,none,specimen_type + source_site + collection_datetime,no,P2_COMMON_SPECIALTY,Common in the indicated specialty or fluid workup; local volume not measured.,yes,https://www.mayocliniclabs.com/test-catalog/Overview/800539,"CAT03B: one body-fluid analyte/profile identity plus validated fluid source, not one key per cavity."
Pleural fluid cholesterol,pleural fluid cholesterol,pleural,MISSING_CANONICAL,,SAME_TEST_DIFFERENT_SPECIMEN,yes,body_fluid_cholesterol,Laboratorio,pleural,none,specimen_type + source_site + collection_datetime,no,P2_COMMON_SPECIALTY,Common in the indicated specialty or fluid workup; local volume not measured.,yes,https://www.mayocliniclabs.com/test-catalog/overview/606915,"CAT03B: one body-fluid analyte/profile identity plus validated fluid source, not one key per cavity."
Pleural fluid Gram stain,pleural fluid gram stain,pleural,MISSING_CANONICAL,,MICROBIOLOGY_ORDERABLE,yes,,Microbiología,Pleural fluid (secondary),none,specimen_type + source_site,no,P2_COMMON_SPECIALTY,Common in the indicated specialty or fluid workup; local volume not measured.,yes,https://mlabs.umich.edu/tests/aerobic-culture-sterile-body-fluid,CAT03C: shared source-aware culture/Gram/cytology workflow; no cavity-specific duplicate keys.
Pleural fluid bacterial culture,pleural fluid bacterial culture,pleural,MISSING_CANONICAL,,MICROBIOLOGY_ORDERABLE,yes,,Microbiología,Pleural fluid (secondary),none,specimen_type + source_site,no,P1_COMMON_GENERAL_LAB,"Core general renal, infection, pregnancy or baseline-fluid workup; local volume not measured.",yes,https://mlabs.umich.edu/tests/aerobic-culture-sterile-body-fluid,CAT03C: shared source-aware culture/Gram/cytology workflow; no cavity-specific duplicate keys.
Pleural fluid cytology,pleural fluid cytology,pleural,MISSING_CANONICAL,,PATHOLOGY_CYTOLOGY_ORDERABLE,yes,,Patología,Pleural fluid (secondary),none,specimen_type + source_site,no,P2_COMMON_SPECIALTY,Common in the indicated specialty or fluid workup; local volume not measured.,yes,https://mlabs.umich.edu/tests/cerebrospinal-fluid-cytology,CAT03C: shared source-aware culture/Gram/cytology workflow; no cavity-specific duplicate keys.
Ascitic/peritoneal fluid cell count and differential,ascitic/peritoneal fluid cell count and differential,peritoneal,MISSING_CANONICAL,,CANONICAL_ORDERABLE_PANEL,yes,body_fluid_cell_count,Laboratorio,peritoneal,none,specimen_type + source_site + collection_datetime,true source panel,P1_COMMON_GENERAL_LAB,"Core general renal, infection, pregnancy or baseline-fluid workup; local volume not measured.",yes,https://www.mayocliniclabs.com/test-catalog/overview/608873,"CAT03B: one body-fluid analyte/profile identity plus validated fluid source, not one key per cavity."
Ascitic/peritoneal fluid glucose,ascitic/peritoneal fluid glucose,peritoneal,MISSING_CANONICAL,,SAME_TEST_DIFFERENT_SPECIMEN,yes,body_fluid_glucose,Laboratorio,peritoneal,none,specimen_type + source_site + collection_datetime,no,P2_COMMON_SPECIALTY,Common in the indicated specialty or fluid workup; local volume not measured.,yes,https://prd1.mayocliniclabs.com/test-catalog/overview/606609,"CAT03B: one body-fluid analyte/profile identity plus validated fluid source, not one key per cavity."
Ascitic/peritoneal fluid total protein,ascitic/peritoneal fluid total protein,peritoneal,MISSING_CANONICAL,,SAME_TEST_DIFFERENT_SPECIMEN,yes,body_fluid_total_protein,Laboratorio,peritoneal,none,specimen_type + source_site + collection_datetime,no,P2_COMMON_SPECIALTY,Common in the indicated specialty or fluid workup; local volume not measured.,yes,https://www.mayocliniclabs.com/test-catalog/overview/606619,"CAT03B: one body-fluid analyte/profile identity plus validated fluid source, not one key per cavity."
Ascitic/peritoneal fluid albumin,ascitic/peritoneal fluid albumin,peritoneal,MISSING_CANONICAL,,SAME_TEST_DIFFERENT_SPECIMEN,yes,body_fluid_albumin,Laboratorio,peritoneal,none,specimen_type + source_site + collection_datetime,no,P2_COMMON_SPECIALTY,Common in the indicated specialty or fluid workup; local volume not measured.,yes,https://www.mayocliniclabs.com/test-catalog/Overview/800507,"CAT03B: one body-fluid analyte/profile identity plus validated fluid source, not one key per cavity."
Ascitic/peritoneal fluid LDH,ascitic/peritoneal fluid ldh,peritoneal,MISSING_CANONICAL,,SAME_TEST_DIFFERENT_SPECIMEN,yes,body_fluid_LDH,Laboratorio,peritoneal,none,specimen_type + source_site + collection_datetime,no,P2_COMMON_SPECIALTY,Common in the indicated specialty or fluid workup; local volume not measured.,yes,https://prd1.mayocliniclabs.com/test-catalog/overview/606612,"CAT03B: one body-fluid analyte/profile identity plus validated fluid source, not one key per cavity."
Ascitic/peritoneal fluid amylase,ascitic/peritoneal fluid amylase,peritoneal,MISSING_CANONICAL,,SAME_TEST_DIFFERENT_SPECIMEN,yes,body_fluid_amylase,Laboratorio,peritoneal,none,specimen_type + source_site + collection_datetime,no,P2_COMMON_SPECIALTY,Common in the indicated specialty or fluid workup; local volume not measured.,yes,https://www.mayocliniclabs.com/test-catalog/overview/606595,"CAT03B: one body-fluid analyte/profile identity plus validated fluid source, not one key per cavity."
Ascitic/peritoneal fluid triglycerides,ascitic/peritoneal fluid triglycerides,peritoneal,MISSING_CANONICAL,,SAME_TEST_DIFFERENT_SPECIMEN,yes,body_fluid_triglycerides,Laboratorio,peritoneal,none,specimen_type + source_site + collection_datetime,no,P2_COMMON_SPECIALTY,Common in the indicated specialty or fluid workup; local volume not measured.,yes,https://www.mayocliniclabs.com/test-catalog/Overview/800539,"CAT03B: one body-fluid analyte/profile identity plus validated fluid source, not one key per cavity."
Ascitic/peritoneal fluid cholesterol,ascitic/peritoneal fluid cholesterol,peritoneal,MISSING_CANONICAL,,SAME_TEST_DIFFERENT_SPECIMEN,yes,body_fluid_cholesterol,Laboratorio,peritoneal,none,specimen_type + source_site + collection_datetime,no,P2_COMMON_SPECIALTY,Common in the indicated specialty or fluid workup; local volume not measured.,yes,https://www.mayocliniclabs.com/test-catalog/overview/606915,"CAT03B: one body-fluid analyte/profile identity plus validated fluid source, not one key per cavity."
Ascitic/peritoneal fluid Gram stain,ascitic/peritoneal fluid gram stain,peritoneal,MISSING_CANONICAL,,MICROBIOLOGY_ORDERABLE,yes,,Microbiología,Ascitic/peritoneal fluid (secondary),none,specimen_type + source_site,no,P2_COMMON_SPECIALTY,Common in the indicated specialty or fluid workup; local volume not measured.,yes,https://mlabs.umich.edu/tests/aerobic-culture-sterile-body-fluid,CAT03C: shared source-aware culture/Gram/cytology workflow; no cavity-specific duplicate keys.
Ascitic/peritoneal fluid bacterial culture,ascitic/peritoneal fluid bacterial culture,peritoneal,MISSING_CANONICAL,,MICROBIOLOGY_ORDERABLE,yes,,Microbiología,Ascitic/peritoneal fluid (secondary),none,specimen_type + source_site,no,P1_COMMON_GENERAL_LAB,"Core general renal, infection, pregnancy or baseline-fluid workup; local volume not measured.",yes,https://mlabs.umich.edu/tests/aerobic-culture-sterile-body-fluid,CAT03C: shared source-aware culture/Gram/cytology workflow; no cavity-specific duplicate keys.
Ascitic/peritoneal fluid cytology,ascitic/peritoneal fluid cytology,peritoneal,MISSING_CANONICAL,,PATHOLOGY_CYTOLOGY_ORDERABLE,yes,,Patología,Ascitic/peritoneal fluid (secondary),none,specimen_type + source_site,no,P2_COMMON_SPECIALTY,Common in the indicated specialty or fluid workup; local volume not measured.,yes,https://mlabs.umich.edu/tests/cerebrospinal-fluid-cytology,CAT03C: shared source-aware culture/Gram/cytology workflow; no cavity-specific duplicate keys.
Synovial fluid cell count and differential,synovial fluid cell count and differential,synovial,MISSING_CANONICAL,,CANONICAL_ORDERABLE_PANEL,yes,body_fluid_cell_count,Laboratorio,synovial,none,specimen_type + source_site + collection_datetime,true source panel,P1_COMMON_GENERAL_LAB,"Core general renal, infection, pregnancy or baseline-fluid workup; local volume not measured.",yes,https://www.mayocliniclabs.com/test-catalog/overview/608873,"CAT03B: one body-fluid analyte/profile identity plus validated fluid source, not one key per cavity."
Synovial fluid glucose,synovial fluid glucose,synovial,MISSING_CANONICAL,,SAME_TEST_DIFFERENT_SPECIMEN,yes,body_fluid_glucose,Laboratorio,synovial,none,specimen_type + source_site + collection_datetime,no,P2_COMMON_SPECIALTY,Common in the indicated specialty or fluid workup; local volume not measured.,yes,https://prd1.mayocliniclabs.com/test-catalog/overview/606609,"CAT03B: one body-fluid analyte/profile identity plus validated fluid source, not one key per cavity."
Synovial fluid total protein,synovial fluid total protein,synovial,MISSING_CANONICAL,,SAME_TEST_DIFFERENT_SPECIMEN,yes,body_fluid_total_protein,Laboratorio,synovial,none,specimen_type + source_site + collection_datetime,no,P2_COMMON_SPECIALTY,Common in the indicated specialty or fluid workup; local volume not measured.,yes,https://www.mayocliniclabs.com/test-catalog/overview/606619,"CAT03B: one body-fluid analyte/profile identity plus validated fluid source, not one key per cavity."
Synovial fluid LDH,synovial fluid ldh,synovial,MISSING_CANONICAL,,SAME_TEST_DIFFERENT_SPECIMEN,yes,body_fluid_LDH,Laboratorio,synovial,none,specimen_type + source_site + collection_datetime,no,P2_COMMON_SPECIALTY,Common in the indicated specialty or fluid workup; local volume not measured.,yes,https://prd1.mayocliniclabs.com/test-catalog/overview/606612,"CAT03B: one body-fluid analyte/profile identity plus validated fluid source, not one key per cavity."
Synovial fluid Gram stain,synovial fluid gram stain,synovial,MISSING_CANONICAL,,MICROBIOLOGY_ORDERABLE,yes,,Microbiología,Synovial fluid (secondary),none,specimen_type + source_site,no,P2_COMMON_SPECIALTY,Common in the indicated specialty or fluid workup; local volume not measured.,yes,https://mlabs.umich.edu/tests/aerobic-culture-sterile-body-fluid,CAT03C: shared source-aware culture/Gram/cytology workflow; no cavity-specific duplicate keys.
Synovial fluid bacterial culture,synovial fluid bacterial culture,synovial,MISSING_CANONICAL,,MICROBIOLOGY_ORDERABLE,yes,,Microbiología,Synovial fluid (secondary),none,specimen_type + source_site,no,P1_COMMON_GENERAL_LAB,"Core general renal, infection, pregnancy or baseline-fluid workup; local volume not measured.",yes,https://mlabs.umich.edu/tests/aerobic-culture-sterile-body-fluid,CAT03C: shared source-aware culture/Gram/cytology workflow; no cavity-specific duplicate keys.
Synovial fluid cytology,synovial fluid cytology,synovial,MISSING_CANONICAL,,PATHOLOGY_CYTOLOGY_ORDERABLE,yes,,Patología,Synovial fluid (secondary),none,specimen_type + source_site,no,P2_COMMON_SPECIALTY,Common in the indicated specialty or fluid workup; local volume not measured.,yes,https://mlabs.umich.edu/tests/cerebrospinal-fluid-cytology,CAT03C: shared source-aware culture/Gram/cytology workflow; no cavity-specific duplicate keys.
Pericardial fluid cell count and differential,pericardial fluid cell count and differential,pericardial,MISSING_CANONICAL,,CANONICAL_ORDERABLE_PANEL,yes,body_fluid_cell_count,Laboratorio,pericardial,none,specimen_type + source_site + collection_datetime,true source panel,P1_COMMON_GENERAL_LAB,"Core general renal, infection, pregnancy or baseline-fluid workup; local volume not measured.",yes,https://www.mayocliniclabs.com/test-catalog/overview/608873,"CAT03B: one body-fluid analyte/profile identity plus validated fluid source, not one key per cavity."
Pericardial fluid glucose,pericardial fluid glucose,pericardial,MISSING_CANONICAL,,SAME_TEST_DIFFERENT_SPECIMEN,yes,body_fluid_glucose,Laboratorio,pericardial,none,specimen_type + source_site + collection_datetime,no,P2_COMMON_SPECIALTY,Common in the indicated specialty or fluid workup; local volume not measured.,yes,https://prd1.mayocliniclabs.com/test-catalog/overview/606609,"CAT03B: one body-fluid analyte/profile identity plus validated fluid source, not one key per cavity."
Pericardial fluid total protein,pericardial fluid total protein,pericardial,MISSING_CANONICAL,,SAME_TEST_DIFFERENT_SPECIMEN,yes,body_fluid_total_protein,Laboratorio,pericardial,none,specimen_type + source_site + collection_datetime,no,P2_COMMON_SPECIALTY,Common in the indicated specialty or fluid workup; local volume not measured.,yes,https://www.mayocliniclabs.com/test-catalog/overview/606619,"CAT03B: one body-fluid analyte/profile identity plus validated fluid source, not one key per cavity."
Pericardial fluid albumin,pericardial fluid albumin,pericardial,MISSING_CANONICAL,,SAME_TEST_DIFFERENT_SPECIMEN,yes,body_fluid_albumin,Laboratorio,pericardial,none,specimen_type + source_site + collection_datetime,no,P2_COMMON_SPECIALTY,Common in the indicated specialty or fluid workup; local volume not measured.,yes,https://www.mayocliniclabs.com/test-catalog/Overview/800507,"CAT03B: one body-fluid analyte/profile identity plus validated fluid source, not one key per cavity."
Pericardial fluid amylase,pericardial fluid amylase,pericardial,MISSING_CANONICAL,,SAME_TEST_DIFFERENT_SPECIMEN,yes,body_fluid_amylase,Laboratorio,pericardial,none,specimen_type + source_site + collection_datetime,no,P2_COMMON_SPECIALTY,Common in the indicated specialty or fluid workup; local volume not measured.,yes,https://www.mayocliniclabs.com/test-catalog/overview/606595,"CAT03B: one body-fluid analyte/profile identity plus validated fluid source, not one key per cavity."
Pericardial fluid triglycerides,pericardial fluid triglycerides,pericardial,MISSING_CANONICAL,,SAME_TEST_DIFFERENT_SPECIMEN,yes,body_fluid_triglycerides,Laboratorio,pericardial,none,specimen_type + source_site + collection_datetime,no,P2_COMMON_SPECIALTY,Common in the indicated specialty or fluid workup; local volume not measured.,yes,https://www.mayocliniclabs.com/test-catalog/Overview/800539,"CAT03B: one body-fluid analyte/profile identity plus validated fluid source, not one key per cavity."
Pericardial fluid cholesterol,pericardial fluid cholesterol,pericardial,MISSING_CANONICAL,,SAME_TEST_DIFFERENT_SPECIMEN,yes,body_fluid_cholesterol,Laboratorio,pericardial,none,specimen_type + source_site + collection_datetime,no,P2_COMMON_SPECIALTY,Common in the indicated specialty or fluid workup; local volume not measured.,yes,https://www.mayocliniclabs.com/test-catalog/overview/606915,"CAT03B: one body-fluid analyte/profile identity plus validated fluid source, not one key per cavity."
Pericardial fluid Gram stain,pericardial fluid gram stain,pericardial,MISSING_CANONICAL,,MICROBIOLOGY_ORDERABLE,yes,,Microbiología,Pericardial fluid (secondary),none,specimen_type + source_site,no,P2_COMMON_SPECIALTY,Common in the indicated specialty or fluid workup; local volume not measured.,yes,https://mlabs.umich.edu/tests/aerobic-culture-sterile-body-fluid,CAT03C: shared source-aware culture/Gram/cytology workflow; no cavity-specific duplicate keys.
Pericardial fluid bacterial culture,pericardial fluid bacterial culture,pericardial,MISSING_CANONICAL,,MICROBIOLOGY_ORDERABLE,yes,,Microbiología,Pericardial fluid (secondary),none,specimen_type + source_site,no,P1_COMMON_GENERAL_LAB,"Core general renal, infection, pregnancy or baseline-fluid workup; local volume not measured.",yes,https://mlabs.umich.edu/tests/aerobic-culture-sterile-body-fluid,CAT03C: shared source-aware culture/Gram/cytology workflow; no cavity-specific duplicate keys.
Pericardial fluid cytology,pericardial fluid cytology,pericardial,MISSING_CANONICAL,,PATHOLOGY_CYTOLOGY_ORDERABLE,yes,,Patología,Pericardial fluid (secondary),none,specimen_type + source_site,no,P2_COMMON_SPECIALTY,Common in the indicated specialty or fluid workup; local volume not measured.,yes,https://mlabs.umich.edu/tests/cerebrospinal-fluid-cytology,CAT03C: shared source-aware culture/Gram/cytology workflow; no cavity-specific duplicate keys.
Pleural fluid pH,pleural fluid ph,pleural,MISSING_CANONICAL,,CANONICAL_ORDERABLE_TEST,yes,,Laboratorio,pleural,none,source + collection_time + analyzer/handling,no,P2_COMMON_SPECIALTY,Common in the indicated specialty or fluid workup; local volume not measured.,moderate,https://www.mayocliniclabs.com/test-catalog/Overview/606522,Mayo body-fluid pH definition excludes pleural pH; local blood-gas workflow needed.
Pleural fluid hematocrit,pleural fluid hematocrit,pleural,UNCERTAIN,,UNCERTAIN,no,,Laboratorio,pleural,none,specimen_type,no,P2_COMMON_SPECIALTY,Common in the indicated specialty or fluid workup; local volume not measured.,moderate,https://www.mayocliniclabs.com/test-catalog/overview/608873,Independent orderability or local prevalence not established by the cited reference; verify before proposal.
Pleural fluid AFB/mycobacterial culture,pleural fluid afb/mycobacterial culture,pleural,MISSING_CANONICAL,,MICROBIOLOGY_ORDERABLE,yes,,Microbiología,pleural,none,specimen_type,no,P2_COMMON_SPECIALTY,Common in the indicated specialty or fluid workup; local volume not measured.,moderate,https://mlabs.umich.edu/tests/aerobic-culture-sterile-body-fluid,CAT03C with organism and source-aware microbiology.
Pleural fluid Light criteria,pleural fluid light criteria,pleural + serum,NOT_CANONICAL,,CALCULATED_OR_DERIVED_RESULT,no,,Laboratorio,pleural + serum,none,paired serum + pleural analytes,no,P2_COMMON_SPECIALTY,Common in the indicated specialty or fluid workup; local volume not measured.,yes,https://www.mayocliniclabs.com/test-catalog/overview/606619,"Derived interpretation, no order key."
Ascites SAAG,ascites saag,peritoneal + serum,NOT_CANONICAL,,CALCULATED_OR_DERIVED_RESULT,no,,Laboratorio,peritoneal + serum,none,paired serum + ascites albumin,no,P2_COMMON_SPECIALTY,Common in the indicated specialty or fluid workup; local volume not measured.,yes,https://www.mayocliniclabs.com/test-catalog/Overview/800507,"Derived gradient, no order key."
Pericardial fluid LDH,pericardial fluid ldh,pericardial,UNCERTAIN,,UNCERTAIN,no,,Laboratorio,pericardial,none,specimen_type,no,P4_RARE_OR_SPECIALIZED,"Rare, limited-utility or method-specific use; local offering unverified.",moderate,https://prd1.mayocliniclabs.com/test-catalog/overview/606612,Mayo notes limited diagnostic utility; verify local need before cataloging.
Synovial monosodium urate crystals,synovial monosodium urate crystals,synovial,NOT_CANONICAL,synovial_crystals,RESULT_COMPONENT_NOT_ORDERABLE_ALONE,no,,Laboratorio,synovial,none,specimen_type,no,P2_COMMON_SPECIALTY,Common in the indicated specialty or fluid workup; local volume not measured.,yes,https://mlabs.umich.edu/tests/body-fluid-analysis-crystal-exam,Component of existing crystal exam.
Synovial CPPD crystals,synovial cppd crystals,synovial,NOT_CANONICAL,synovial_crystals,RESULT_COMPONENT_NOT_ORDERABLE_ALONE,no,,Laboratorio,synovial,none,specimen_type,no,P2_COMMON_SPECIALTY,Common in the indicated specialty or fluid workup; local volume not measured.,yes,https://mlabs.umich.edu/tests/body-fluid-analysis-crystal-exam,Component of existing crystal exam.
Synovial lactate,synovial lactate,synovial,UNCERTAIN,,UNCERTAIN,no,,Laboratorio,synovial,none,specimen_type,no,P3_ADVANCED_REFERENCE_LAB,Reference-lab or specialist use; not assumed routine general ordering.,moderate,https://www.mayocliniclabs.com/test-catalog/overview/608873,Independent orderability or local prevalence not established by the cited reference; verify before proposal.
Synovial uric acid,synovial uric acid,synovial,UNCERTAIN,,UNCERTAIN,no,,Laboratorio,synovial,none,specimen_type,no,P3_ADVANCED_REFERENCE_LAB,Reference-lab or specialist use; not assumed routine general ordering.,moderate,https://www.mayocliniclabs.com/test-catalog/overview/608873,Independent orderability or local prevalence not established by the cited reference; verify before proposal.
Body-fluid lipid analysis panel,body-fluid lipid analysis panel,pleural/peritoneal,MISSING_CANONICAL,,CANONICAL_ORDERABLE_PANEL,yes,body_fluid_lipid_panel,Laboratorio,pleural/peritoneal,none,specimen_type,true source profile,P2_COMMON_SPECIALTY,Common in the indicated specialty or fluid workup; local volume not measured.,moderate,https://www.mayocliniclabs.com/test-catalog/overview/614164,CAT03C after fluid source contract; profile distinct from triglycerides alone.
Sperm concentration,sperm concentration,semen,NOT_CANONICAL,semen_analysis,RESULT_COMPONENT_NOT_ORDERABLE_ALONE,no,,Laboratorio,semen,none,fixed semen,no,P2_COMMON_SPECIALTY,Common in the indicated specialty or fluid workup; local volume not measured.,yes,https://www.mayocliniclabs.com/test-catalog/overview/81641,Existing semen-analysis result components; do not seed separate keys by default.
Sperm motility,sperm motility,semen,NOT_CANONICAL,semen_analysis,RESULT_COMPONENT_NOT_ORDERABLE_ALONE,no,,Laboratorio,semen,none,fixed semen,no,P2_COMMON_SPECIALTY,Common in the indicated specialty or fluid workup; local volume not measured.,yes,https://www.mayocliniclabs.com/test-catalog/overview/81641,Existing semen-analysis result components; do not seed separate keys by default.
Sperm morphology basic,sperm morphology basic,semen,NOT_CANONICAL,semen_analysis,RESULT_COMPONENT_NOT_ORDERABLE_ALONE,no,,Laboratorio,semen,none,fixed semen,no,P2_COMMON_SPECIALTY,Common in the indicated specialty or fluid workup; local volume not measured.,yes,https://www.mayocliniclabs.com/test-catalog/overview/81641,Existing semen-analysis result components; do not seed separate keys by default.
Semen volume,semen volume,semen,NOT_CANONICAL,semen_analysis,RESULT_COMPONENT_NOT_ORDERABLE_ALONE,no,,Laboratorio,semen,none,fixed semen,no,P2_COMMON_SPECIALTY,Common in the indicated specialty or fluid workup; local volume not measured.,yes,https://www.mayocliniclabs.com/test-catalog/overview/81641,Existing semen-analysis result components; do not seed separate keys by default.
Sperm vitality,sperm vitality,semen,NOT_CANONICAL,semen_analysis,RESULT_COMPONENT_NOT_ORDERABLE_ALONE,no,,Laboratorio,semen,none,fixed semen,no,P2_COMMON_SPECIALTY,Common in the indicated specialty or fluid workup; local volume not measured.,yes,https://www.mayocliniclabs.com/test-catalog/overview/81641,Existing semen-analysis result components; do not seed separate keys by default.
Semen leukocytes,semen leukocytes,semen,NOT_CANONICAL,semen_analysis,RESULT_COMPONENT_NOT_ORDERABLE_ALONE,no,,Laboratorio,semen,none,fixed semen,no,P2_COMMON_SPECIALTY,Common in the indicated specialty or fluid workup; local volume not measured.,yes,https://www.mayocliniclabs.com/test-catalog/overview/81641,Existing semen-analysis result components; do not seed separate keys by default.
Post-vasectomy semen check,post-vasectomy semen check,semen,MISSING_CANONICAL,,CANONICAL_ORDERABLE_TEST,yes,post_vasectomy_semen_check,Laboratorio,semen,none,fixed semen identity,no,P2_COMMON_SPECIALTY,Common in the indicated specialty or fluid workup; local volume not measured.,no,https://www.mayocliniclabs.com/test-catalog/overview/9205,CAT03A: separate indication/method from fertility semen analysis.
Semen strict morphology,semen strict morphology,semen,MISSING_CANONICAL,,ADVANCED_SPECIALTY,yes,,Laboratorio,semen,none,specimen_type,no,P3_ADVANCED_REFERENCE_LAB,Reference-lab or specialist use; not assumed routine general ordering.,moderate,https://www.mayocliniclabs.com/test-catalog/fertility-testing,CAT03C after exact provider offering and method definition; not basic-analysis components by default.
Semen antisperm antibodies,semen antisperm antibodies,semen,MISSING_CANONICAL,,ADVANCED_SPECIALTY,yes,,Laboratorio,semen,none,specimen_type,no,P3_ADVANCED_REFERENCE_LAB,Reference-lab or specialist use; not assumed routine general ordering.,moderate,https://www.mayocliniclabs.com/test-catalog/fertility-testing,CAT03C after exact provider offering and method definition; not basic-analysis components by default.
Semen culture,semen culture,semen,UNCERTAIN,,UNCERTAIN,no,,Laboratorio,semen,none,specimen_type,no,P3_ADVANCED_REFERENCE_LAB,Reference-lab or specialist use; not assumed routine general ordering.,moderate,https://www.mayocliniclabs.com/test-catalog/fertility-testing,Independent orderability or local prevalence not established by the cited reference; verify before proposal.
saliva analysis/culture,saliva analysis/culture,saliva,MISSING_CANONICAL,,CANONICAL_ORDERABLE_TEST,yes,,Endocrinología,Other fluids (secondary),collection time; saliva may require clock time,specimen_type + source_site + container,no,P2_COMMON_SPECIALTY,Common in the indicated specialty or fluid workup; local volume not measured.,yes,https://prd1.mayocliniclabs.com/test-catalog/overview/84225,"Primary family controls identity; use source parameter, not separate navigation duplicate."
sputum analysis/culture,sputum analysis/culture,sputum,MISSING_CANONICAL,,MICROBIOLOGY_ORDERABLE,yes,,Microbiología,Other fluids (secondary),collection time; saliva may require clock time,specimen_type + source_site + container,no,P2_COMMON_SPECIALTY,Common in the indicated specialty or fluid workup; local volume not measured.,yes,https://www.mayocliniclabs.com/api/sitecore/TestCatalog/DownloadTestCatalog?testId=614020,"Primary family controls identity; use source parameter, not separate navigation duplicate."
bronchoalveolar lavage analysis/culture,bronchoalveolar lavage analysis/culture,bronchoalveolar lavage,MISSING_CANONICAL,,MICROBIOLOGY_ORDERABLE,yes,,Microbiología,Other fluids (secondary),collection time; saliva may require clock time,specimen_type + source_site + container,no,P2_COMMON_SPECIALTY,Common in the indicated specialty or fluid workup; local volume not measured.,yes,https://www.mayocliniclabs.com/api/sitecore/TestCatalog/DownloadTestCatalog?testId=614020,"Primary family controls identity; use source parameter, not separate navigation duplicate."
bronchial washing analysis/culture,bronchial washing analysis/culture,bronchial washing,MISSING_CANONICAL,,MICROBIOLOGY_ORDERABLE,yes,,Microbiología,Other fluids (secondary),collection time; saliva may require clock time,specimen_type + source_site + container,no,P3_ADVANCED_REFERENCE_LAB,Reference-lab or specialist use; not assumed routine general ordering.,yes,https://www.mayocliniclabs.com/api/sitecore/TestCatalog/DownloadTestCatalog?testId=614020,"Primary family controls identity; use source parameter, not separate navigation duplicate."
tracheal aspirate analysis/culture,tracheal aspirate analysis/culture,tracheal aspirate,MISSING_CANONICAL,,MICROBIOLOGY_ORDERABLE,yes,,Microbiología,Other fluids (secondary),collection time; saliva may require clock time,specimen_type + source_site + container,no,P3_ADVANCED_REFERENCE_LAB,Reference-lab or specialist use; not assumed routine general ordering.,yes,https://www.mayocliniclabs.com/api/sitecore/TestCatalog/DownloadTestCatalog?testId=614020,"Primary family controls identity; use source parameter, not separate navigation duplicate."
wound fluid analysis/culture,wound fluid analysis/culture,wound fluid,MISSING_CANONICAL,,MICROBIOLOGY_ORDERABLE,yes,,Microbiología,Other fluids (secondary),collection time; saliva may require clock time,specimen_type + source_site + container,no,P3_ADVANCED_REFERENCE_LAB,Reference-lab or specialist use; not assumed routine general ordering.,yes,https://mlabs.umich.edu/tests/aerobic-culture-sterile-body-fluid,"Primary family controls identity; use source parameter, not separate navigation duplicate."
drain fluid analysis/culture,drain fluid analysis/culture,drain fluid,MISSING_CANONICAL,,MICROBIOLOGY_ORDERABLE,yes,,Microbiología,Other fluids (secondary),collection time; saliva may require clock time,specimen_type + source_site + container,no,P3_ADVANCED_REFERENCE_LAB,Reference-lab or specialist use; not assumed routine general ordering.,yes,https://mlabs.umich.edu/tests/aerobic-culture-sterile-body-fluid,"Primary family controls identity; use source parameter, not separate navigation duplicate."
cyst fluid analysis/culture,cyst fluid analysis/culture,cyst fluid,MISSING_CANONICAL,,CANONICAL_ORDERABLE_TEST,yes,,Laboratorio,Other fluids (secondary),collection time; saliva may require clock time,specimen_type + source_site + container,no,P3_ADVANCED_REFERENCE_LAB,Reference-lab or specialist use; not assumed routine general ordering.,yes,https://www.mayocliniclabs.com/test-catalog/overview/606595,"Primary family controls identity; use source parameter, not separate navigation duplicate."
gastric aspirate analysis/culture,gastric aspirate analysis/culture,gastric aspirate,MISSING_CANONICAL,,ADVANCED_SPECIALTY,yes,,Laboratorio,Other fluids (secondary),collection time; saliva may require clock time,specimen_type + source_site + container,no,P3_ADVANCED_REFERENCE_LAB,Reference-lab or specialist use; not assumed routine general ordering.,yes,https://www.mayocliniclabs.com/test-catalog/overview/606595,"Primary family controls identity; use source parameter, not separate navigation duplicate."
Salivary cortisol clock time,salivary cortisol clock time,saliva,NOT_CANONICAL,,COLLECTION_DURATION_PARAMETER,no,,Laboratorio,saliva,clock time required,specimen_type,no,P2_COMMON_SPECIALTY,Common in the indicated specialty or fluid workup; local volume not measured.,yes,https://prd1.mayocliniclabs.com/test-catalog/overview/84225,"Order question/collection fact, not study."
Culture specimen container/preservative,culture specimen container/preservative,multiple,NOT_CANONICAL,,PROVIDER_SPECIFIC_CONFIGURATION,no,,Laboratorio,multiple,none,container/preservative,no,P2_COMMON_SPECIALTY,Common in the indicated specialty or fluid workup; local volume not measured.,yes,https://www.mayocliniclabs.com/specimen/collection-and-preparation,"Provider-validated logistics, not canonical study."
Specimen source site,specimen source site,multiple,NOT_CANONICAL,,SPECIMEN_PARAMETER,no,,Laboratorio,multiple,none,source_site,no,P2_COMMON_SPECIALTY,Common in the indicated specialty or fluid workup; local volume not measured.,yes,https://www.mayocliniclabs.com/test-catalog/overview/606595,"Structured order question, not study."
24-hour collection volume,24-hour collection volume,urine,NOT_CANONICAL,,COLLECTION_VOLUME_PARAMETER,no,,Laboratorio,urine,24 h,collection_volume,no,P2_COMMON_SPECIALTY,Common in the indicated specialty or fluid workup; local volume not measured.,yes,https://www.mayocliniclabs.com/test-catalog/Overview/616180,"Structured collection fact, not study."
Collection start/end timestamps,collection start/end timestamps,urine,NOT_CANONICAL,,COLLECTION_DURATION_PARAMETER,no,,Laboratorio,urine,actual start and end,specimen_type,no,P2_COMMON_SPECIALTY,Common in the indicated specialty or fluid workup; local volume not measured.,yes,https://www.mayocliniclabs.com/test-catalog/Overview/616180,"Structured collection fact, not study."
Amniotic fluid karyotype,amniotic fluid karyotype,amniotic,MISSING_CANONICAL,,GENETIC_ORDERABLE,yes,,Genética,Other fluids (secondary),none,specimen_type,no,P3_ADVANCED_REFERENCE_LAB,Reference-lab or specialist use; not assumed routine general ordering.,moderate,https://www.mayocliniclabs.com/test-catalog/overview/35243,Genetics identity with prenatal specimen; not generic fluid chemistry.
